date,product_name,product_category,sales,profit,quantity,rating,returned,stock,payment_method
2024-04-10,ACI Salt,Groceries,228261.07,70608.95,20,4.8,0,65,Visa Card
2024-09-28,Bombay Sweets Chanachur,Snacks,47883.35,3875.62,5,2.5,0,257,Rocket
2024-12-10,Walton Fridge,Electronics,67413.25,19140.93,16,3.5,0,189,Cash
2024-06-04,ACI Salt,Groceries,46531.77,4248.49,12,4.2,0,314,Cash
2024-07-06,Sunsilk Shampoo,Personal Care,146315.93,41580.19,14,3.2,0,398,Nagad
2024-07-11,Kazi Farms Chicken,Frozen Food,99459.64,17208.28,12,3.4,0,496,Visa Card
2025-03-07,ACI Salt,Groceries,140886.74,18512.64,17,3.0,0,216,Visa Card
2024-01-19,Easy Fashion Shirt,Fashion,268893.2,89496.52,19,4.1,0,161,Cash
2024-06-05,Singer Rice Cooker,Electronics,36455.54,10588.68,6,3.8,0,292,Cash
2025-02-19,Dettol Handwash,Personal Care,17341.42,3432.18,2,4.7,1,121,Visa Card
2025-02-24,Navana Helmet,Automotive,195508.48,33688.85,14,3.2,0,113,Nagad
2025-02-04,Sunsilk Shampoo,Personal Care,92831.4,17048.74,9,4.8,0,381,Visa Card
2024-01-13,RFL Chair,Furniture,14909.9,4719.77,3,3.3,1,197,Visa Card
2024-04-28,Fresh Milk,Dairy,39179.99,6244.24,18,3.7,1,448,bKash
2024-01-08,Dettol Handwash,Personal Care,5151.08,1625.98,1,3.2,0,409,bKash
2024-08-22,Pran Noodles,Groceries,39023.84,10083.23,10,3.0,1,83,Visa Card
2024-01-16,Dettol Handwash,Personal Care,233229.82,24994.07,20,4.5,0,118,Rocket
2024-02-07,ACI Salt,Groceries,41866.41,5430.87,5,4.2,0,272,bKash
2025-01-26,RFL Chair,Furniture,63439.48,10559.3,5,4.2,0,75,Nagad
2024-07-07,Akij Cement,Construction,71244.09,21232.32,14,3.6,0,277,Nagad
2025-04-18,Fresh Soybean Oil,Groceries,146584.81,17949.36,13,4.1,0,300,Mastercard
2024-06-07,RFL Chair,Furniture,7375.15,737.52,1,3.5,0,245,Mastercard
2025-01-14,ACI Salt,Groceries,113548.43,24887.09,11,2.9,0,290,Mastercard
2024-07-14,Olympic Biscuit,Snacks,4576.29,620.69,3,4.0,0,427,Rocket
2025-04-06,Lux Soap,Personal Care,5302.8,1246.46,6,2.8,0,353,Nagad
2024-07-04,Easy Fashion Shirt,Fashion,22682.07,6066.24,16,3.1,1,279,bKash
2025-04-20,Singer Rice Cooker,Electronics,257218.21,89791.07,20,3.4,0,388,Cash
2024-08-01,Kazi Farms Chicken,Frozen Food,8740.56,1053.0,1,3.1,0,465,bKash
2024-03-12,Singer Rice Cooker,Electronics,6053.85,2077.21,1,4.0,1,174,Visa Card
2024-03-18,Singer Rice Cooker,Electronics,7806.97,2476.79,3,2.8,0,382,Nagad
2024-07-08,Bashundhara Tissue,Household,8369.7,2626.39,1,4.2,1,113,Visa Card
2024-02-21,Lux Soap,Personal Care,3880.03,785.71,1,4.6,1,218,Rocket
2024-06-18,Square Toiletries Lotion,Personal Care,25297.84,6948.88,9,3.6,1,276,Cash
2024-11-22,Vision TV,Electronics,290962.32,43869.14,18,2.8,0,350,bKash
2024-10-20,Easy Fashion Shirt,Fashion,274377.54,81174.56,18,3.4,1,389,Nagad
2025-05-11,Easy Fashion Shirt,Fashion,41841.44,6893.43,19,4.6,0,451,Cash
2024-07-01,Bashundhara Tissue,Household,11365.98,3908.07,15,2.9,1,15,Nagad
2025-01-24,Fresh Soybean Oil,Groceries,69385.25,9531.52,9,2.8,0,16,Mastercard
2025-02-20,Easy Fashion Shirt,Fashion,27840.21,4211.75,16,3.8,0,149,Nagad
2024-04-15,Square Toiletries Lotion,Personal Care,36494.41,11339.11,7,4.8,0,340,Visa Card
2024-09-23,Olympic Biscuit,Snacks,231234.64,79746.83,19,4.6,0,249,Nagad
2025-02-15,RFL Chair,Furniture,4990.14,1294.68,5,3.0,0,384,bKash
2024-11-09,Vision TV,Electronics,84467.8,19371.03,8,4.5,1,277,Cash
2024-11-07,Bata School Shoe,Fashion,62626.13,15657.13,5,2.7,0,377,Rocket
2024-08-13,Minister Blender,Electronics,49247.76,16587.39,4,4.8,0,452,Visa Card
2025-03-30,Dettol Handwash,Personal Care,2114.68,516.85,1,3.1,0,235,Mastercard
2025-04-08,Minister Blender,Electronics,152765.17,13273.23,14,4.2,0,207,Visa Card
2024-06-07,Akij Cement,Construction,99552.7,22641.29,10,4.8,0,312,Cash
2024-04-21,Walton Fridge,Electronics,11352.99,3064.62,4,2.6,0,233,Mastercard
2025-05-13,Sunsilk Shampoo,Personal Care,66825.08,18534.99,5,2.6,0,15,Mastercard
2025-02-28,Akij Cement,Construction,33911.93,9454.88,7,4.9,0,126,Nagad
2024-12-04,Kazi Farms Chicken,Frozen Food,137782.04,16141.31,12,4.6,1,420,Mastercard
2024-06-17,Dettol Handwash,Personal Care,10599.66,2356.08,1,3.6,0,451,Rocket
2024-08-28,Singer Rice Cooker,Electronics,10501.81,2238.02,3,4.1,0,304,Nagad
2025-01-02,Kazi Farms Chicken,Frozen Food,253537.93,55687.83,18,2.7,0,192,Rocket
2024-02-27,Bashundhara Tissue,Household,10320.65,2683.44,1,3.0,0,432,Cash
2025-03-18,Easy Fashion Shirt,Fashion,23316.69,3643.52,3,2.7,1,472,bKash
2025-05-06,Aarong Panjabi,Fashion,13659.5,3319.41,1,3.1,1,273,Mastercard
2024-04-01,Square Toiletries Lotion,Personal Care,82734.4,23107.86,7,2.9,0,35,Visa Card
2024-06-26,Navana Helmet,Automotive,62681.68,13236.15,5,3.4,0,160,Cash
2024-08-17,Pran Mango Juice,Beverages,143781.95,15324.94,11,3.1,0,143,Cash
2025-05-08,Walton Fan,Electronics,20431.97,4393.78,3,3.8,1,262,Cash
2025-03-17,Olympic Biscuit,Snacks,86866.87,8814.35,7,3.9,1,125,Mastercard
2024-08-05,Olympic Biscuit,Snacks,7640.77,2592.83,1,5.0,1,10,Mastercard
2024-04-12,ACI Salt,Groceries,114354.46,21284.94,8,3.5,0,433,Nagad
2024-10-18,Bombay Sweets Chanachur,Snacks,55672.91,8419.69,4,3.1,0,86,Nagad
2024-08-21,RFL Chair,Furniture,18592.16,1861.27,8,4.4,0,165,Visa Card
2024-02-24,Pran Mango Juice,Beverages,194774.27,31195.31,14,4.7,1,50,bKash
2025-02-17,Singer Rice Cooker,Electronics,108866.44,14955.11,8,3.1,0,373,Rocket
2025-02-05,Bashundhara Tissue,Household,136568.2,13132.89,19,4.4,0,146,Nagad
2024-10-11,Bashundhara Tissue,Household,19052.03,2812.32,2,3.0,0,236,Cash
2025-04-19,Kazi Farms Chicken,Frozen Food,51393.39,11187.77,14,3.8,1,105,bKash
2024-02-29,Fresh Soybean Oil,Groceries,207492.79,52831.96,12,4.7,0,42,Mastercard
2024-10-05,Sunsilk Shampoo,Personal Care,40928.78,8477.92,3,4.1,0,419,Visa Card
2025-03-05,Minister Blender,Electronics,13228.45,3034.12,1,4.7,1,213,bKash
2024-03-21,Dettol Handwash,Personal Care,306642.23,76183.34,20,3.4,0,477,Mastercard
2025-03-14,Pran Noodles,Groceries,312085.16,80656.51,20,3.6,0,285,Cash
2025-02-26,Pran Noodles,Groceries,38487.18,11272.03,14,3.5,1,248,bKash
2024-09-16,Navana Helmet,Automotive,69759.67,20094.32,5,4.4,1,423,Cash
2024-12-29,Singer Rice Cooker,Electronics,33514.55,9969.54,19,4.4,0,47,Cash
2024-05-26,Walton Fridge,Electronics,182759.4,53655.19,20,4.3,0,228,Nagad
2024-11-23,ACI Salt,Groceries,200944.56,21101.86,18,4.0,0,385,bKash
2024-06-25,Pran Noodles,Groceries,11504.3,1029.32,1,4.6,0,315,Rocket
2024-05-22,Olympic Biscuit,Snacks,27822.48,6829.64,16,3.6,1,395,Mastercard
2024-09-30,Kazi Farms Chicken,Frozen Food,337717.04,81585.67,20,3.2,1,291,Mastercard
2024-07-01,Fresh Soybean Oil,Groceries,63553.6,11827.84,20,3.0,1,327,Mastercard
2024-05-01,Olympic Biscuit,Snacks,84366.01,18330.18,12,3.5,0,233,Cash
2025-01-08,Square Toiletries Lotion,Personal Care,98014.89,9279.57,20,2.8,0,139,Cash
2025-01-24,Bata School Shoe,Fashion,33631.11,4178.86,4,3.0,0,255,bKash
2024-11-29,Bata School Shoe,Fashion,21797.53,3013.03,13,4.0,0,340,bKash
2025-01-12,RFL Chair,Furniture,107780.05,16536.99,16,3.4,1,13,Mastercard
2024-04-26,Kazi Farms Chicken,Frozen Food,73974.1,25824.16,8,2.9,0,350,Visa Card
2024-03-02,Pran Mango Juice,Beverages,152361.29,26243.22,12,3.8,0,446,Visa Card
2024-02-16,Singer Rice Cooker,Electronics,141099.92,40343.16,10,3.4,1,135,Mastercard
2024-12-21,Easy Fashion Shirt,Fashion,38830.1,4413.17,6,4.7,0,244,bKash
2025-04-28,Akij Cement,Construction,84324.51,25209.14,19,4.4,0,414,Rocket
2024-11-06,Vision TV,Electronics,2921.71,899.74,2,4.0,0,167,Rocket
2024-02-07,Walton Fridge,Electronics,9368.78,2395.58,11,3.2,0,89,bKash
2024-10-24,Minister Blender,Electronics,99124.31,12257.36,10,4.6,0,271,Rocket
2024-09-14,Square Toiletries Lotion,Personal Care,205510.41,46570.2,19,5.0,0,394,Mastercard
2025-03-13,Lux Soap,Personal Care,144612.27,50244.15,14,3.5,0,445,Rocket
2024-03-06,Vision TV,Electronics,296260.5,44810.07,18,3.6,1,294,Rocket
2024-05-21,Bata School Shoe,Fashion,79466.22,20089.94,13,2.9,0,371,bKash
2025-03-12,Akij Cement,Construction,4768.55,685.41,2,4.0,0,182,bKash
2024-12-09,Pran Mango Juice,Beverages,101510.54,31275.9,11,2.7,0,231,Mastercard
2024-10-06,Fresh Soybean Oil,Groceries,19729.06,2538.71,2,2.7,1,441,Visa Card
2024-12-23,Olympic Biscuit,Snacks,53231.4,8416.46,8,3.0,1,476,bKash
2024-10-06,Square Toiletries Lotion,Personal Care,10136.03,2026.52,1,4.0,1,82,Nagad
2025-04-13,Sunsilk Shampoo,Personal Care,10390.44,2234.02,2,2.6,0,421,Nagad
2024-07-13,Bata School Shoe,Fashion,6772.57,1040.71,10,4.2,1,172,Rocket
2024-09-08,Sunsilk Shampoo,Personal Care,6956.75,1823.8,2,4.7,1,363,Cash
2024-05-09,Square Toiletries Lotion,Personal Care,14410.31,3228.42,19,3.3,0,47,Nagad
2025-03-31,Dettol Handwash,Personal Care,116971.6,25964.99,9,2.5,0,30,Rocket
2024-01-05,Singer Rice Cooker,Electronics,18501.97,3680.37,6,2.7,0,473,Nagad
2024-12-14,RFL Chair,Furniture,93077.97,12862.06,17,4.1,0,268,Mastercard
2024-09-11,Olympic Biscuit,Snacks,8558.85,2904.94,5,4.7,0,104,Nagad
2024-05-18,Bombay Sweets Chanachur,Snacks,154451.73,38783.47,16,3.6,0,59,Rocket
2025-02-08,Walton Fridge,Electronics,67633.37,17149.4,6,2.8,0,99,Rocket
2025-05-15,Vision TV,Electronics,95430.7,18016.55,8,2.6,0,20,Visa Card
2024-12-29,Walton Fan,Electronics,5006.22,731.72,15,3.0,0,357,Nagad
2024-08-09,Minister Blender,Electronics,87329.49,24597.93,10,4.5,0,497,Nagad
2024-03-06,ACI Salt,Groceries,18697.53,1867.51,8,2.9,0,63,Cash
2024-03-10,Dettol Handwash,Personal Care,1349.03,243.01,2,4.1,0,318,bKash
2024-06-06,Lux Soap,Personal Care,1847.36,398.75,1,2.6,1,17,Cash
2024-09-24,Singer Rice Cooker,Electronics,252504.66,32011.32,16,4.5,0,87,Cash
2025-02-22,Square Toiletries Lotion,Personal Care,84528.09,10841.02,6,4.0,0,249,Mastercard
2024-06-09,Square Toiletries Lotion,Personal Care,11358.78,2543.23,16,4.5,0,407,Mastercard
2025-03-24,Minister Blender,Electronics,245779.43,56046.36,18,3.4,1,255,Mastercard
2024-04-10,Pran Noodles,Groceries,108555.22,29992.91,11,3.6,0,390,Rocket
2024-01-12,Bashundhara Tissue,Household,160784.06,49804.52,10,2.7,0,345,Nagad
2024-06-05,Walton Fan,Electronics,59696.14,19157.23,10,3.0,0,67,Mastercard
2024-04-22,RFL Chair,Furniture,65200.43,21562.87,7,4.8,0,150,Visa Card
2024-01-21,Walton Fan,Electronics,172713.23,32944.8,17,2.7,1,62,Visa Card
2024-02-21,Vision TV,Electronics,24773.51,5253.65,3,4.9,0,233,bKash
2024-08-13,Kazi Farms Chicken,Frozen Food,11975.66,3690.26,18,4.2,0,56,Nagad
2024-05-31,Teer Atta,Groceries,118882.33,28210.77,9,3.1,0,337,Nagad
2024-11-22,Kazi Farms Chicken,Frozen Food,148503.95,20813.55,16,4.6,0,44,Cash
2024-11-20,Minister Blender,Electronics,63375.84,5549.64,10,3.0,1,497,Cash
2024-08-26,Fresh Milk,Dairy,35203.93,7481.08,15,4.0,0,275,Rocket
2024-02-27,RFL Chair,Furniture,98500.92,23836.65,9,4.4,0,49,Rocket
2025-03-30,Kazi Farms Chicken,Frozen Food,149790.93,12011.48,11,3.6,0,317,Nagad
2024-04-11,Sunsilk Shampoo,Personal Care,164487.87,40254.11,19,3.9,1,449,Rocket
2024-10-23,Singer Rice Cooker,Electronics,95846.75,26996.27,12,4.5,0,87,Mastercard
2024-07-26,Olympic Biscuit,Snacks,16817.14,1612.86,4,4.1,1,194,Mastercard
2024-12-17,ACI Salt,Groceries,9330.53,2297.8,1,3.3,0,238,Nagad
2025-04-18,Kazi Farms Chicken,Frozen Food,41793.13,10098.71,17,3.6,0,273,Cash
2024-10-19,Pran Noodles,Groceries,20830.34,2601.36,6,3.1,0,98,Mastercard
2025-03-03,Square Toiletries Lotion,Personal Care,56365.49,14023.53,7,3.4,0,199,Mastercard
2024-04-12,Olympic Biscuit,Snacks,67621.05,11896.65,6,4.4,1,16,Mastercard
2025-04-01,ACI Salt,Groceries,153187.69,44133.04,12,4.8,0,198,bKash
2024-06-14,Square Toiletries Lotion,Personal Care,212710.44,59151.42,17,2.9,0,191,Visa Card
2024-12-01,Fresh Soybean Oil,Groceries,176324.84,53743.59,16,4.8,0,52,Mastercard
2025-01-19,Fresh Milk,Dairy,166477.39,48529.28,14,4.5,0,459,Visa Card
2024-01-07,Square Toiletries Lotion,Personal Care,2489.48,424.91,5,4.7,0,39,Nagad
2024-12-26,Singer Rice Cooker,Electronics,137405.9,22943.84,15,3.2,0,320,Nagad
2024-12-10,Square Toiletries Lotion,Personal Care,43071.74,4705.91,8,3.7,0,360,Visa Card
2024-01-29,Dettol Handwash,Personal Care,10603.92,1504.78,5,3.2,0,354,Cash
2024-06-11,Fresh Milk,Dairy,4387.51,1087.83,1,4.2,0,405,Visa Card
2025-03-20,Kazi Farms Chicken,Frozen Food,2414.35,553.2,15,4.8,0,44,Visa Card
2024-07-23,Vision TV,Electronics,126341.22,29844.76,11,4.8,0,201,bKash
2024-12-07,RFL Chair,Furniture,12581.97,3302.42,11,3.4,0,51,Cash
2024-04-01,Square Toiletries Lotion,Personal Care,120042.9,11199.8,15,3.9,1,193,Visa Card
2025-03-13,Pran Noodles,Groceries,5890.68,734.81,6,3.1,0,105,Visa Card
2024-12-04,Bata School Shoe,Fashion,132206.35,26648.23,15,3.7,1,125,Nagad
2024-05-07,Vision TV,Electronics,64465.73,7411.42,6,3.4,0,130,Mastercard
2024-11-17,Olympic Biscuit,Snacks,191411.05,50201.5,16,4.7,1,470,Nagad
2024-11-19,Pran Noodles,Groceries,18702.21,3371.83,9,4.6,0,331,Visa Card
2025-02-03,Aarong Panjabi,Fashion,162800.5,27953.92,19,4.6,0,469,Mastercard
2025-01-16,Fresh Milk,Dairy,95532.33,15407.87,11,4.7,0,206,Mastercard
2024-12-28,Navana Helmet,Automotive,20212.71,1771.75,2,3.9,1,368,Visa Card
2025-03-25,Pran Noodles,Groceries,180664.12,35032.34,15,4.8,0,161,Mastercard
2024-09-23,Teer Atta,Groceries,9537.35,1653.82,9,4.2,0,65,Nagad
2024-12-28,Sunsilk Shampoo,Personal Care,31549.71,10145.66,3,4.9,0,299,Rocket
2024-06-20,Bombay Sweets Chanachur,Snacks,73859.37,17182.28,12,3.6,1,21,bKash
2024-11-01,Dettol Handwash,Personal Care,16868.75,5160.01,8,4.5,1,397,Rocket
2024-02-24,Fresh Soybean Oil,Groceries,220506.9,27443.45,16,3.8,0,337,Cash
2024-08-24,Vision TV,Electronics,83469.34,16277.86,10,2.6,0,293,bKash
2024-05-16,Kazi Farms Chicken,Frozen Food,249267.13,48652.69,19,3.9,1,161,Cash
2024-12-29,Easy Fashion Shirt,Fashion,250517.71,32341.63,18,4.0,0,86,Nagad
2025-03-31,Pran Mango Juice,Beverages,6301.64,737.87,1,4.6,1,146,Rocket
2024-12-23,Navana Helmet,Automotive,4172.47,448.06,13,4.9,1,98,Nagad
2025-01-24,Bata School Shoe,Fashion,39196.2,4339.42,14,4.5,1,179,Rocket
2024-02-03,ACI Salt,Groceries,219913.49,48328.9,14,3.0,0,252,Nagad
2024-11-23,Dettol Handwash,Personal Care,45813.68,5066.07,5,3.8,0,203,Cash
2024-07-17,Easy Fashion Shirt,Fashion,7070.85,1427.71,1,2.9,0,49,Nagad
2025-01-01,RFL Chair,Furniture,120524.36,21071.31,9,3.9,0,342,Rocket
2024-03-14,Bombay Sweets Chanachur,Snacks,140456.67,30059.97,12,4.4,1,468,Mastercard
2024-07-09,Kazi Farms Chicken,Frozen Food,29634.12,8587.02,10,3.3,0,498,Cash
2024-03-22,Vision TV,Electronics,155596.89,29480.92,12,4.0,0,33,Cash
2024-10-10,Bombay Sweets Chanachur,Snacks,158660.94,53438.91,10,4.3,0,253,Mastercard
2024-11-18,Minister Blender,Electronics,134996.89,21219.16,19,4.6,0,254,Cash
2024-09-18,Sunsilk Shampoo,Personal Care,76597.15,23367.86,17,4.2,0,190,bKash
2024-04-24,Kazi Farms Chicken,Frozen Food,12297.81,2319.35,4,3.6,0,373,Mastercard
2025-04-04,Fresh Soybean Oil,Groceries,12740.93,2140.62,1,4.8,0,208,Nagad
2024-10-07,Square Toiletries Lotion,Personal Care,123626.99,12234.63,18,3.0,1,356,Mastercard
2024-05-04,Walton Fridge,Electronics,44378.48,10453.46,20,4.7,0,224,Mastercard
2024-12-31,Fresh Milk,Dairy,87431.99,11958.03,17,3.4,0,297,Visa Card
2024-02-25,RFL Chair,Furniture,41097.34,12900.01,9,3.9,0,415,bKash
2024-09-16,Bashundhara Tissue,Household,62815.98,13071.85,9,2.8,0,446,Cash
2025-02-03,Bashundhara Tissue,Household,2696.0,473.14,1,2.6,1,191,Visa Card
2024-12-13,Lux Soap,Personal Care,36478.51,4826.17,12,3.9,0,308,Mastercard
2024-11-24,Kazi Farms Chicken,Frozen Food,17724.69,1994.73,11,4.9,1,45,Mastercard
2025-04-27,Square Toiletries Lotion,Personal Care,31252.09,6397.49,19,4.8,0,425,Visa Card
2024-04-11,Sunsilk Shampoo,Personal Care,173852.97,47344.8,16,4.6,0,372,Mastercard
2024-10-28,Sunsilk Shampoo,Personal Care,11172.97,3731.36,1,4.1,0,269,Visa Card
2025-01-24,Bata School Shoe,Fashion,39713.63,8529.37,5,4.4,0,278,Cash
2024-01-26,Akij Cement,Construction,214864.54,60536.48,20,4.3,1,85,Visa Card
2024-06-25,Akij Cement,Construction,39926.32,5099.11,19,4.0,0,116,Rocket
2024-09-04,Dettol Handwash,Personal Care,43829.21,5193.68,16,4.6,1,475,Cash
2024-06-14,Fresh Soybean Oil,Groceries,110865.62,38077.12,10,3.1,1,265,bKash
2025-03-13,Navana Helmet,Automotive,119768.79,10504.22,8,2.9,0,439,bKash
2024-11-05,Lux Soap,Personal Care,80091.93,25416.76,6,3.4,0,93,Visa Card
2024-11-29,ACI Salt,Groceries,16301.0,2522.96,3,2.6,0,396,Cash
2024-03-16,Bashundhara Tissue,Household,22826.09,5160.96,5,3.6,1,90,Cash
2025-03-09,Pran Mango Juice,Beverages,2480.09,386.84,9,4.4,0,320,Visa Card
2025-04-09,Pran Noodles,Groceries,34434.53,8823.27,14,2.6,1,497,Mastercard
2025-04-09,Fresh Milk,Dairy,281681.3,84594.84,20,3.3,1,104,Rocket
2024-11-09,Olympic Biscuit,Snacks,93527.5,16480.64,6,2.5,0,247,Cash
2024-04-01,Square Toiletries Lotion,Personal Care,94548.83,27246.48,13,4.3,0,220,Nagad
2024-09-13,Akij Cement,Construction,294543.1,95303.28,20,4.3,0,447,Cash
2024-06-11,Akij Cement,Construction,22191.33,6322.84,10,4.1,1,471,bKash
2024-04-15,Kazi Farms Chicken,Frozen Food,242136.34,29630.9,14,3.8,0,248,Visa Card
2025-02-03,Lux Soap,Personal Care,174348.79,26860.01,16,3.0,0,96,Rocket
2024-10-21,Olympic Biscuit,Snacks,50348.2,15000.67,3,3.4,0,255,bKash
2024-08-23,Dettol Handwash,Personal Care,80274.98,17867.13,14,3.9,0,241,Mastercard
2025-04-29,Akij Cement,Construction,15391.91,1514.26,8,3.3,0,160,Cash
2025-03-15,Fresh Milk,Dairy,190468.44,63897.61,13,3.3,0,187,Rocket
2025-01-10,Square Toiletries Lotion,Personal Care,284529.3,29371.81,20,4.2,0,367,Rocket
2025-01-19,Singer Rice Cooker,Electronics,20501.16,4840.1,2,3.2,0,242,Cash
2024-05-19,Akij Cement,Construction,21381.44,7418.98,5,4.5,0,285,Visa Card
2024-02-06,Easy Fashion Shirt,Fashion,62121.61,7922.43,6,2.8,1,365,Rocket
2024-09-06,Pran Mango Juice,Beverages,83414.23,13705.92,6,4.9,0,472,bKash
2025-04-13,Olympic Biscuit,Snacks,70988.19,24686.56,6,4.6,0,248,Cash
2025-03-29,Navana Helmet,Automotive,2187.33,198.4,4,4.2,0,132,Nagad
2025-01-18,Kazi Farms Chicken,Frozen Food,46554.89,4071.6,4,3.2,0,416,Nagad
2024-01-05,Navana Helmet,Automotive,98660.94,26771.47,7,4.4,0,321,Visa Card
2024-09-24,Pran Noodles,Groceries,44066.25,14185.2,3,3.4,0,237,Mastercard
2024-04-06,Easy Fashion Shirt,Fashion,16476.69,5423.52,3,2.9,0,482,Rocket
2025-05-07,ACI Salt,Groceries,79690.51,12659.78,14,3.6,1,252,Nagad
2025-01-22,Pran Noodles,Groceries,10406.76,1623.02,1,4.7,1,84,Rocket
2024-08-18,Walton Fridge,Electronics,147588.67,47511.74,12,4.0,0,210,Mastercard
2025-03-02,Sunsilk Shampoo,Personal Care,142850.94,12254.88,12,3.0,0,234,bKash
2025-04-10,Akij Cement,Construction,70042.99,24347.22,17,2.9,0,233,Nagad
2024-12-09,Square Toiletries Lotion,Personal Care,85971.06,8498.26,11,3.6,0,199,Rocket
2025-01-09,Sunsilk Shampoo,Personal Care,75023.7,17583.24,12,4.1,0,124,Cash
2024-04-25,Square Toiletries Lotion,Personal Care,224582.08,75040.58,18,4.3,1,44,bKash
2024-02-01,Teer Atta,Groceries,143909.87,24535.18,13,4.7,1,135,Rocket
2024-07-30,Olympic Biscuit,Snacks,66088.38,10640.43,20,3.0,0,170,Nagad
2024-05-02,Fresh Milk,Dairy,146182.81,36269.02,14,4.3,0,385,Mastercard
2024-05-04,Akij Cement,Construction,86242.74,25303.54,14,3.5,1,294,Rocket
2025-05-01,ACI Salt,Groceries,15274.72,3468.22,7,3.1,0,48,Cash
2024-08-20,Sunsilk Shampoo,Personal Care,94947.47,8403.18,19,3.3,0,480,Rocket
2024-07-18,Lux Soap,Personal Care,8583.5,1181.57,1,4.7,0,117,Cash
2024-08-09,Lux Soap,Personal Care,57568.22,7841.23,5,3.6,0,211,Visa Card
2025-05-12,Walton Fridge,Electronics,82814.49,7334.15,13,3.2,0,466,Visa Card
2024-09-22,Sunsilk Shampoo,Personal Care,149540.81,28339.99,17,4.8,0,202,Cash
2024-08-17,Teer Atta,Groceries,115626.66,20047.88,11,3.4,0,102,Cash
2024-12-04,ACI Salt,Groceries,31042.72,10828.14,14,4.2,0,285,Cash
2024-10-02,Bashundhara Tissue,Household,136070.61,46044.95,19,3.7,0,380,Mastercard
2025-01-03,Singer Rice Cooker,Electronics,239533.25,78646.13,17,4.3,1,155,Rocket
2025-05-12,Walton Fan,Electronics,37637.37,9216.91,5,2.5,0,449,Rocket
2024-12-17,Fresh Soybean Oil,Groceries,72095.0,24487.53,9,4.2,0,164,Visa Card
2024-04-30,Minister Blender,Electronics,50205.96,10414.84,14,4.2,0,18,Visa Card
2024-11-24,Easy Fashion Shirt,Fashion,86940.82,13488.95,7,4.2,0,13,Nagad
2024-04-06,Navana Helmet,Automotive,3693.63,306.82,11,4.2,0,363,Cash
2024-01-09,Pran Noodles,Groceries,30422.89,3540.29,7,4.9,0,389,Visa Card
2025-01-07,Akij Cement,Construction,155992.97,18685.05,17,4.4,0,426,Nagad
2025-04-16,Teer Atta,Groceries,13390.08,4204.16,1,3.8,0,408,bKash
2024-01-26,Bashundhara Tissue,Household,73571.97,6610.98,19,4.6,0,411,Nagad
2025-02-11,RFL Chair,Furniture,5199.98,1749.43,2,4.6,1,13,Nagad
2024-10-27,Dettol Handwash,Personal Care,41292.85,6512.88,14,3.8,0,231,bKash
2025-02-14,Olympic Biscuit,Snacks,13922.18,2681.23,8,4.5,1,395,Mastercard
2024-09-26,Bombay Sweets Chanachur,Snacks,50234.45,4267.87,8,4.3,0,215,Mastercard
2024-04-29,Dettol Handwash,Personal Care,127403.42,27203.47,13,4.9,0,421,Mastercard
2025-05-11,Teer Atta,Groceries,64895.32,20438.37,9,2.7,0,392,bKash
2024-07-21,Navana Helmet,Automotive,28964.82,3227.29,4,3.2,1,87,Rocket
2025-03-26,Akij Cement,Construction,62014.28,14590.69,9,3.0,0,436,Cash
2024-06-28,ACI Salt,Groceries,12449.77,3491.08,3,3.0,1,25,bKash
2025-01-20,Fresh Soybean Oil,Groceries,94949.74,17327.68,13,4.3,0,320,Visa Card
2025-04-30,Easy Fashion Shirt,Fashion,241257.43,80077.8,18,3.0,1,271,Nagad
2025-02-18,RFL Chair,Furniture,254518.69,49481.96,17,4.4,0,381,Cash
2025-02-23,Sunsilk Shampoo,Personal Care,4014.44,858.41,17,3.5,0,314,Cash
2025-05-13,Easy Fashion Shirt,Fashion,84878.61,12529.89,7,4.4,1,158,Visa Card
2024-12-20,Minister Blender,Electronics,119004.54,28379.34,18,3.3,0,198,Visa Card
2024-03-14,Bata School Shoe,Fashion,91079.52,28685.95,15,3.2,1,367,Cash
2024-10-20,Pran Mango Juice,Beverages,4951.63,923.88,11,4.9,0,305,Cash
2024-11-12,Dettol Handwash,Personal Care,86152.51,25958.46,6,4.8,0,172,Mastercard
2024-08-11,Easy Fashion Shirt,Fashion,202527.56,19444.23,20,4.6,0,290,bKash
2024-05-31,Lux Soap,Personal Care,41616.05,7604.47,5,2.7,0,321,Rocket
2024-08-06,Bombay Sweets Chanachur,Snacks,25271.11,7564.86,7,5.0,0,388,Mastercard
2024-10-07,Olympic Biscuit,Snacks,49120.82,8215.16,6,3.6,0,387,Cash
2024-05-02,Fresh Milk,Dairy,97770.33,23330.24,11,3.1,0,477,Mastercard
2024-08-04,Bombay Sweets Chanachur,Snacks,63166.41,19341.95,7,2.9,0,122,Rocket
2024-02-09,RFL Chair,Furniture,67440.19,20045.75,14,4.3,0,22,bKash
2024-12-09,Singer Rice Cooker,Electronics,40333.72,4788.17,9,3.4,0,102,Visa Card
2025-02-17,Akij Cement,Construction,154215.89,24964.04,12,4.0,0,336,Visa Card
2025-05-14,Fresh Soybean Oil,Groceries,27263.6,6072.41,3,3.0,0,153,Visa Card
2024-12-16,Kazi Farms Chicken,Frozen Food,195480.65,39847.5,16,3.9,0,380,Rocket
2024-05-15,Dettol Handwash,Personal Care,55370.29,17729.46,4,2.9,0,276,Rocket
2024-07-21,Bombay Sweets Chanachur,Snacks,39104.18,9306.04,8,4.8,0,366,Nagad
2024-05-14,Easy Fashion Shirt,Fashion,38125.31,8216.59,14,4.6,0,456,Cash
2024-10-23,Easy Fashion Shirt,Fashion,8223.69,1195.98,19,2.8,0,18,Visa Card
2025-03-27,Bashundhara Tissue,Household,4168.13,721.73,1,3.5,0,487,Visa Card
2025-02-15,Bombay Sweets Chanachur,Snacks,23584.75,7399.87,6,5.0,0,164,Nagad
2024-10-16,Pran Mango Juice,Beverages,88924.56,7311.78,9,2.7,0,292,Rocket
2024-07-08,Teer Atta,Groceries,15649.9,2978.17,2,4.2,0,192,Rocket
2024-11-09,Navana Helmet,Automotive,91297.23,21367.95,13,3.7,0,28,Nagad
2024-05-24,Easy Fashion Shirt,Fashion,149252.36,45473.43,12,4.6,1,68,bKash
2024-10-02,Pran Noodles,Groceries,220341.02,41822.44,17,3.4,0,262,Nagad
2024-03-22,Bata School Shoe,Fashion,60637.72,16624.6,6,4.0,0,261,bKash
2024-10-21,Aarong Panjabi,Fashion,172780.54,48610.71,19,3.9,0,80,Rocket
2025-02-08,Bata School Shoe,Fashion,11071.49,3040.16,18,2.8,0,58,Rocket
2024-10-21,Pran Mango Juice,Beverages,10599.81,1898.57,1,4.6,0,471,Cash
2024-06-03,RFL Chair,Furniture,20072.67,6157.17,13,4.4,0,12,Mastercard
2024-11-03,Fresh Soybean Oil,Groceries,65139.96,19155.04,4,3.5,1,301,Cash
2024-01-14,Olympic Biscuit,Snacks,33086.97,10369.15,16,2.9,0,34,Visa Card
2025-05-07,Aarong Panjabi,Fashion,96028.23,15587.65,11,3.2,0,388,Visa Card
2025-01-20,Walton Fan,Electronics,31197.23,3544.49,12,4.9,0,429,Rocket
2024-08-27,Walton Fan,Electronics,9298.3,2277.47,1,4.3,1,32,bKash
2024-04-17,Walton Fan,Electronics,31561.55,10058.2,18,4.5,0,148,bKash
2024-11-28,Easy Fashion Shirt,Fashion,227294.63,70454.09,16,4.2,0,332,Mastercard
2024-09-09,Fresh Milk,Dairy,6619.08,1805.41,11,4.7,0,28,Visa Card
2024-01-12,Walton Fan,Electronics,104261.78,14127.32,16,4.5,0,146,bKash
2024-12-11,Dettol Handwash,Personal Care,14447.91,2644.99,3,4.0,0,157,Rocket
2024-03-15,Square Toiletries Lotion,Personal Care,33563.23,5878.73,4,4.9,0,275,Nagad
2024-07-30,Olympic Biscuit,Snacks,36306.64,3526.43,13,4.7,0,385,bKash
2024-06-01,Square Toiletries Lotion,Personal Care,113125.81,31250.56,11,4.0,0,456,Mastercard
2024-09-25,Square Toiletries Lotion,Personal Care,10153.7,2373.01,1,2.6,0,436,Rocket
2024-02-08,Easy Fashion Shirt,Fashion,52190.72,4605.9,11,2.7,0,424,bKash
2024-03-25,Bashundhara Tissue,Household,115371.33,9991.66,20,3.1,1,434,bKash
2024-09-16,Singer Rice Cooker,Electronics,64891.76,12651.74,7,3.7,0,220,bKash
2025-01-28,Sunsilk Shampoo,Personal Care,16088.06,4749.81,7,3.2,1,147,Cash
2024-01-15,Lux Soap,Personal Care,90739.49,7292.28,6,4.4,0,132,Nagad
2024-08-24,Olympic Biscuit,Snacks,7655.79,1188.51,16,3.1,0,48,Rocket
2024-06-17,Square Toiletries Lotion,Personal Care,655.91,136.35,1,4.0,0,54,Cash
2024-03-07,Singer Rice Cooker,Electronics,224174.14,51433.09,18,3.6,0,114,Visa Card
2024-09-16,ACI Salt,Groceries,51484.44,13395.25,8,4.0,0,221,Nagad
2024-05-27,Fresh Milk,Dairy,9103.47,2165.08,1,3.8,0,184,Mastercard
2024-04-06,ACI Salt,Groceries,136518.07,32495.03,13,3.0,0,325,bKash
2024-07-03,Easy Fashion Shirt,Fashion,18711.55,5293.37,4,4.3,0,393,Visa Card
2024-04-12,Pran Noodles,Groceries,209551.38,17941.46,16,3.6,0,151,bKash
2024-02-21,Bombay Sweets Chanachur,Snacks,252128.81,50274.22,20,4.1,0,238,Cash
2024-10-01,Singer Rice Cooker,Electronics,4052.81,333.25,5,3.7,0,121,Nagad
2025-02-14,Lux Soap,Personal Care,162564.1,24207.53,14,4.0,0,188,Rocket
2024-05-31,Pran Noodles,Groceries,36525.67,10917.5,9,3.8,0,256,bKash
2024-10-18,Easy Fashion Shirt,Fashion,133993.37,30571.23,16,3.0,1,425,Nagad
2024-04-23,RFL Chair,Furniture,78113.92,18789.54,7,3.6,1,185,Rocket
2024-01-22,Navana Helmet,Automotive,654.18,190.8,3,3.5,0,462,Mastercard
2025-01-01,Bombay Sweets Chanachur,Snacks,73046.87,17841.22,14,3.6,0,482,Mastercard
2024-04-22,Walton Fridge,Electronics,62494.58,13454.6,8,3.0,1,182,Visa Card
2024-11-05,Walton Fridge,Electronics,14966.97,5126.82,4,4.9,0,339,bKash
2024-12-08,Bata School Shoe,Fashion,151770.19,22396.8,12,3.6,0,430,Nagad
2024-04-08,Lux Soap,Personal Care,135167.26,12662.42,16,2.6,0,160,Cash
2024-11-14,Pran Noodles,Groceries,43376.15,7948.91,18,4.0,0,333,Nagad
2024-11-04,Vision TV,Electronics,37140.08,6099.79,3,4.1,0,402,bKash
2025-02-04,Aarong Panjabi,Fashion,51843.92,9818.33,20,4.9,0,359,Cash
2024-05-13,Walton Fan,Electronics,121249.61,27062.12,8,4.3,0,390,Cash
2025-04-13,Vision TV,Electronics,25127.25,3734.07,20,4.9,0,383,Nagad
2025-03-30,Sunsilk Shampoo,Personal Care,190517.32,61173.5,20,4.2,0,278,Rocket
2025-04-18,Bashundhara Tissue,Household,115767.96,25627.46,18,3.1,0,332,Mastercard
2025-05-08,Sunsilk Shampoo,Personal Care,9195.61,3111.9,2,3.6,0,171,bKash
2024-02-05,Bombay Sweets Chanachur,Snacks,15610.78,3627.7,1,3.2,0,469,Mastercard
2024-04-13,Vision TV,Electronics,2926.27,783.65,1,5.0,0,257,Visa Card
2024-07-21,Walton Fridge,Electronics,108424.39,17927.56,11,4.2,0,100,Rocket
2024-08-13,Fresh Milk,Dairy,138807.02,37248.92,19,4.7,1,491,Cash
2024-02-24,Dettol Handwash,Personal Care,5483.94,1818.16,1,2.8,0,38,Rocket
2025-04-02,Pran Noodles,Groceries,19763.67,3952.25,4,2.9,0,479,Nagad
2025-03-07,Pran Noodles,Groceries,236140.82,31969.01,16,3.4,1,154,Rocket
2024-04-12,Vision TV,Electronics,5813.96,533.77,2,5.0,0,19,Visa Card
2024-07-07,Aarong Panjabi,Fashion,25656.75,5171.76,3,2.8,0,443,Nagad
2024-02-12,Kazi Farms Chicken,Frozen Food,58909.59,19802.39,13,3.5,1,56,Visa Card
2024-10-27,Bashundhara Tissue,Household,59482.28,14039.28,6,3.8,0,364,bKash
2024-06-29,Minister Blender,Electronics,107600.9,14230.7,15,4.7,0,288,Visa Card
2024-06-02,Navana Helmet,Automotive,110805.85,22515.3,9,3.9,0,35,Nagad
2025-02-08,Aarong Panjabi,Fashion,112699.1,34278.71,16,3.7,0,343,Mastercard
2024-02-26,Bashundhara Tissue,Household,109701.39,23100.04,20,4.0,0,201,bKash
2024-04-14,Easy Fashion Shirt,Fashion,147264.94,15856.59,18,4.2,0,414,Rocket
2025-03-23,Fresh Soybean Oil,Groceries,342412.55,67294.79,20,4.7,0,334,Mastercard
2024-08-26,Lux Soap,Personal Care,67198.85,23263.74,19,5.0,0,118,Cash
2024-08-24,Teer Atta,Groceries,35424.83,12098.84,3,4.4,0,221,Mastercard
2024-02-10,Pran Mango Juice,Beverages,29869.25,2419.14,5,4.4,0,453,Mastercard
2024-07-11,Bata School Shoe,Fashion,155036.45,43539.34,13,4.6,0,253,Cash
2025-03-19,Olympic Biscuit,Snacks,88292.41,19790.75,17,4.6,1,265,Visa Card
2025-04-06,Square Toiletries Lotion,Personal Care,177822.34,15503.55,19,4.0,0,136,Rocket
2024-01-27,Easy Fashion Shirt,Fashion,237232.57,28313.12,20,4.4,0,333,Visa Card
2024-12-13,Square Toiletries Lotion,Personal Care,240162.75,19446.48,19,3.9,1,243,Visa Card
2024-07-22,Olympic Biscuit,Snacks,166865.54,29297.76,11,3.4,0,379,Rocket
2024-06-08,Olympic Biscuit,Snacks,84670.73,6775.84,13,4.0,0,164,Mastercard
2024-11-29,Fresh Soybean Oil,Groceries,184083.53,61581.43,12,2.8,1,224,Rocket
2025-01-08,Aarong Panjabi,Fashion,184407.78,29580.77,12,3.4,0,64,Cash
2024-05-16,Lux Soap,Personal Care,166840.13,31371.87,18,4.4,0,401,Cash
2025-05-07,ACI Salt,Groceries,72968.82,8046.75,13,3.9,0,33,Visa Card
2024-08-17,Fresh Milk,Dairy,257797.77,47912.77,19,2.9,0,245,Rocket
2024-03-12,Dettol Handwash,Personal Care,76810.95,21311.52,5,5.0,0,453,Nagad
2024-05-15,Bata School Shoe,Fashion,52915.01,14687.84,11,4.3,1,393,Mastercard
2025-04-01,Easy Fashion Shirt,Fashion,90823.14,20198.94,7,2.5,0,26,bKash
2025-02-22,Easy Fashion Shirt,Fashion,74303.05,8994.46,6,5.0,0,498,Mastercard
2025-01-10,ACI Salt,Groceries,8890.45,2134.62,1,4.4,1,444,Nagad
2025-02-16,Navana Helmet,Automotive,71804.18,7926.16,8,3.8,0,179,Rocket
2025-05-14,Singer Rice Cooker,Electronics,2983.58,350.33,2,2.9,0,32,bKash
2024-07-28,Square Toiletries Lotion,Personal Care,15447.04,5053.0,9,3.0,0,394,Nagad
2024-01-18,Fresh Milk,Dairy,130139.65,44501.05,11,3.2,0,259,bKash
2024-07-03,Square Toiletries Lotion,Personal Care,310012.03,90334.01,19,4.6,1,343,Mastercard
2024-02-04,Pran Mango Juice,Beverages,27240.09,9326.74,13,4.1,0,135,Mastercard
2024-06-22,Singer Rice Cooker,Electronics,11815.2,1282.01,6,3.6,0,309,Rocket
2025-01-28,Akij Cement,Construction,138587.74,17602.32,9,3.7,0,314,bKash
2025-02-01,Aarong Panjabi,Fashion,41431.16,8152.69,8,4.1,1,256,Nagad
2025-01-31,Aarong Panjabi,Fashion,26017.87,4213.61,20,3.5,0,443,Nagad
2024-08-25,Square Toiletries Lotion,Personal Care,83517.47,14093.6,10,2.6,1,392,Visa Card
2024-06-15,Aarong Panjabi,Fashion,61620.25,7023.21,11,3.6,0,377,Visa Card
2024-07-04,Fresh Milk,Dairy,3892.33,972.93,2,4.7,0,368,Mastercard
2025-04-08,Square Toiletries Lotion,Personal Care,16781.33,3057.35,15,2.9,0,233,Nagad
2024-09-21,Pran Mango Juice,Beverages,66780.95,20390.1,10,2.6,0,296,Nagad
2024-11-04,Walton Fridge,Electronics,193925.64,29133.11,18,4.8,0,351,bKash
2025-02-02,Singer Rice Cooker,Electronics,10564.52,1682.06,8,4.3,1,170,bKash
2025-05-07,Bata School Shoe,Fashion,65739.33,19710.89,5,3.5,0,37,Cash
2025-02-06,Pran Noodles,Groceries,111500.4,37950.39,9,4.2,1,464,Nagad
2024-08-06,Akij Cement,Construction,172017.45,34415.99,16,3.8,0,433,Cash
2024-09-24,RFL Chair,Furniture,216568.67,52745.83,20,3.6,0,81,bKash
2024-08-22,Walton Fridge,Electronics,100920.17,8825.99,16,4.5,0,325,bKash
2024-04-03,Walton Fridge,Electronics,111150.22,27221.38,11,4.8,0,394,Cash
2024-06-04,Singer Rice Cooker,Electronics,35677.73,10792.99,17,3.4,0,295,Cash
2024-05-29,Fresh Milk,Dairy,5299.67,1515.94,2,3.0,0,203,Nagad
2024-02-03,Pran Mango Juice,Beverages,86149.14,28895.42,12,3.5,0,267,Cash
2024-11-27,Easy Fashion Shirt,Fashion,54111.07,16119.72,13,4.2,0,385,bKash
2025-02-19,Fresh Milk,Dairy,12996.92,3401.25,1,4.7,0,156,Mastercard
2025-04-29,Square Toiletries Lotion,Personal Care,61634.97,16921.07,14,4.1,0,215,Rocket
2024-03-27,Navana Helmet,Automotive,94225.45,30919.79,8,3.7,0,13,Mastercard
2024-09-30,ACI Salt,Groceries,50072.89,5995.59,6,2.8,0,165,Rocket
2024-01-12,Sunsilk Shampoo,Personal Care,3699.31,818.26,16,4.9,0,111,Cash
2024-01-24,ACI Salt,Groceries,90511.11,29656.2,10,2.6,0,394,Rocket
2024-01-20,Kazi Farms Chicken,Frozen Food,61569.75,18703.14,6,2.6,0,423,Visa Card
2025-04-11,RFL Chair,Furniture,54183.99,13321.03,8,3.7,0,128,Rocket
2025-02-10,Pran Mango Juice,Beverages,70364.63,20108.38,13,4.5,0,491,Rocket
2024-11-28,ACI Salt,Groceries,82406.58,14379.39,7,4.5,0,319,Visa Card
2024-11-14,Sunsilk Shampoo,Personal Care,60810.89,11150.82,11,4.0,0,302,bKash
2025-02-08,Vision TV,Electronics,38153.03,5389.93,3,2.6,0,54,Nagad
2024-11-05,Olympic Biscuit,Snacks,129758.0,44155.94,14,5.0,0,70,Nagad
2025-03-27,Bashundhara Tissue,Household,149841.26,32316.62,13,4.5,0,467,bKash
2024-11-28,Pran Mango Juice,Beverages,55631.61,11419.27,7,2.9,0,268,bKash
2024-01-04,Square Toiletries Lotion,Personal Care,109487.57,10888.49,20,3.0,0,82,bKash
2024-02-04,Lux Soap,Personal Care,26793.37,7020.96,7,2.6,0,247,Mastercard
2024-09-03,Dettol Handwash,Personal Care,8321.12,1010.14,11,4.7,0,65,Rocket
2025-04-06,Walton Fan,Electronics,23866.12,7153.66,2,2.7,0,353,Visa Card
2024-11-15,Easy Fashion Shirt,Fashion,180682.07,24971.03,19,3.5,0,20,Visa Card
2024-01-29,Walton Fan,Electronics,21535.26,6643.54,6,4.3,0,434,Cash
2024-01-21,Fresh Soybean Oil,Groceries,140818.43,38544.68,15,3.8,1,253,bKash
2024-05-02,Bata School Shoe,Fashion,28824.9,9565.37,4,4.1,0,347,Nagad
2024-03-09,Easy Fashion Shirt,Fashion,27489.66,3971.11,7,4.8,0,266,Nagad
2024-12-08,Sunsilk Shampoo,Personal Care,13090.97,3762.88,19,4.4,0,179,Nagad
2024-09-14,Teer Atta,Groceries,169315.21,26922.24,13,2.9,1,70,Mastercard
2024-12-09,Teer Atta,Groceries,45758.53,15864.22,20,2.5,1,425,Nagad
2024-08-26,ACI Salt,Groceries,66567.61,8580.52,16,2.8,0,368,Visa Card
2024-08-16,Fresh Soybean Oil,Groceries,154059.04,36466.48,16,4.8,0,306,Mastercard
2024-02-02,Fresh Milk,Dairy,34443.68,8421.2,6,4.3,1,71,Visa Card
2024-12-10,RFL Chair,Furniture,7184.15,671.73,1,2.8,0,275,Mastercard
2024-05-19,Vision TV,Electronics,74275.18,18134.51,7,2.5,0,348,bKash
2024-08-24,Bombay Sweets Chanachur,Snacks,41257.97,11533.53,8,3.4,0,174,Cash
2024-01-27,Lux Soap,Personal Care,12852.52,3325.62,4,3.8,0,405,Mastercard
2024-07-23,Square Toiletries Lotion,Personal Care,15635.91,4127.05,3,4.3,1,396,Rocket
2024-02-08,Sunsilk Shampoo,Personal Care,125042.25,27590.11,10,3.6,1,498,Nagad
2025-02-10,Navana Helmet,Automotive,132037.05,20055.55,12,3.2,0,475,Rocket
2024-11-04,Singer Rice Cooker,Electronics,15575.82,4264.08,4,3.6,0,46,Nagad
2024-03-13,Lux Soap,Personal Care,60273.55,21077.24,12,4.3,0,57,Cash
2025-03-08,Kazi Farms Chicken,Frozen Food,25920.41,5929.09,2,3.4,0,326,Nagad
2024-02-24,Pran Mango Juice,Beverages,88471.73,21858.37,13,4.1,1,207,Cash
2024-03-10,Minister Blender,Electronics,30478.92,6410.12,4,4.2,0,154,Mastercard
2024-12-26,Lux Soap,Personal Care,157805.58,51208.13,11,4.0,1,428,Mastercard
2025-02-13,Bashundhara Tissue,Household,14728.01,3230.56,1,4.7,0,483,bKash
2024-11-11,Aarong Panjabi,Fashion,599.76,168.89,4,4.7,0,77,Visa Card
2025-04-20,Pran Noodles,Groceries,38710.1,3607.19,4,3.7,0,175,Visa Card
2024-10-27,Fresh Milk,Dairy,118990.49,12265.1,14,4.6,1,203,Nagad
2025-04-30,Vision TV,Electronics,135924.66,14972.84,17,4.4,1,14,Mastercard
2025-03-15,Pran Noodles,Groceries,173744.89,24618.4,18,2.6,1,135,bKash
2024-03-08,Dettol Handwash,Personal Care,76255.91,26206.99,6,3.2,0,100,Visa Card
2024-11-19,Akij Cement,Construction,208642.39,36683.64,16,3.6,0,399,bKash
2025-03-16,RFL Chair,Furniture,55356.39,16370.32,4,2.8,0,500,Cash
2024-02-23,Navana Helmet,Automotive,61492.42,19885.21,9,4.2,0,148,bKash
2024-01-24,Pran Mango Juice,Beverages,18218.71,2297.63,5,3.5,0,221,Visa Card
2025-03-17,ACI Salt,Groceries,35105.41,6378.4,18,2.9,0,346,Visa Card
2024-12-29,Navana Helmet,Automotive,57071.7,8777.21,12,2.8,1,478,Rocket
2025-01-07,Walton Fan,Electronics,178163.39,16852.06,14,2.9,0,308,Nagad
2024-03-22,Easy Fashion Shirt,Fashion,309103.56,68035.32,20,3.4,0,433,Nagad
2024-01-21,Akij Cement,Construction,20242.32,2752.75,20,3.4,0,492,Nagad
2024-08-16,Dettol Handwash,Personal Care,11897.71,2627.21,13,4.6,1,315,Cash
2025-04-02,Pran Mango Juice,Beverages,58943.13,18346.71,20,3.9,1,107,Visa Card
2024-08-12,RFL Chair,Furniture,22463.84,2834.85,9,4.8,1,398,Mastercard
2024-07-14,Fresh Milk,Dairy,55098.68,13194.88,12,4.5,1,191,Rocket
2024-04-03,Lux Soap,Personal Care,205154.9,51302.54,18,2.6,0,262,Nagad
2025-01-02,Teer Atta,Groceries,14848.08,2728.32,3,3.8,1,183,bKash
2024-02-17,ACI Salt,Groceries,72185.81,8375.9,17,2.7,0,240,Mastercard
2024-01-26,Square Toiletries Lotion,Personal Care,46887.26,6983.07,4,3.8,0,21,Rocket
2025-05-15,Bashundhara Tissue,Household,141529.36,16189.21,10,3.4,0,381,Mastercard
2024-07-16,Dettol Handwash,Personal Care,7309.92,1202.89,15,3.6,1,193,bKash
2024-02-17,Walton Fridge,Electronics,102469.07,25836.14,11,4.9,0,447,Rocket
2024-04-12,Fresh Milk,Dairy,99999.19,16945.92,7,3.5,1,384,Rocket
2024-01-21,Navana Helmet,Automotive,33860.43,5247.96,3,4.8,0,496,Visa Card
2025-03-10,ACI Salt,Groceries,141112.76,38383.23,15,3.8,0,12,Mastercard
2024-11-16,Aarong Panjabi,Fashion,144731.56,26695.81,17,3.4,0,116,Visa Card
2025-01-06,Teer Atta,Groceries,175659.59,32887.48,14,4.6,0,479,Cash
2024-09-04,Bashundhara Tissue,Household,100139.19,29304.64,7,4.5,0,16,Rocket
2024-09-21,Lux Soap,Personal Care,94606.06,26461.41,13,5.0,0,254,Rocket
2024-06-01,Square Toiletries Lotion,Personal Care,7496.25,2146.86,4,3.8,0,161,Nagad
2025-03-06,Bombay Sweets Chanachur,Snacks,112358.01,9659.34,11,3.2,0,195,Nagad
2025-02-10,Fresh Soybean Oil,Groceries,3264.19,829.32,1,3.2,0,62,Nagad
2024-10-29,Bashundhara Tissue,Household,17831.85,4516.53,17,3.0,0,75,Rocket
2024-02-01,Dettol Handwash,Personal Care,108626.51,32665.06,8,3.3,0,125,Visa Card
2024-12-20,Fresh Soybean Oil,Groceries,57700.95,12487.89,9,2.7,1,76,Nagad
2024-09-24,Sunsilk Shampoo,Personal Care,38340.13,13185.68,3,5.0,0,417,bKash
2025-03-12,Fresh Soybean Oil,Groceries,659.31,207.51,1,4.6,0,95,Rocket
2024-01-30,Easy Fashion Shirt,Fashion,37320.02,8814.83,18,4.9,0,335,Visa Card
2024-08-24,Navana Helmet,Automotive,91422.23,12685.68,17,2.7,0,205,Nagad
2024-02-06,Minister Blender,Electronics,14287.65,2265.21,14,3.2,0,134,bKash
2024-03-01,Sunsilk Shampoo,Personal Care,67723.25,9615.9,13,4.8,0,98,bKash
2024-02-10,Easy Fashion Shirt,Fashion,88105.25,28339.43,7,2.9,0,394,Rocket
2024-09-10,Dettol Handwash,Personal Care,68511.66,18662.51,8,3.9,0,349,Rocket
2024-03-29,Bombay Sweets Chanachur,Snacks,42267.44,12641.31,4,3.7,1,296,Visa Card
2024-10-10,Minister Blender,Electronics,56688.35,14184.7,10,4.2,0,221,Cash
2024-02-02,Fresh Milk,Dairy,219835.13,20825.37,20,4.8,0,126,Mastercard
2024-03-07,Dettol Handwash,Personal Care,76430.34,20993.89,11,4.6,1,418,bKash
2024-11-12,Bata School Shoe,Fashion,118016.58,21965.27,12,4.1,0,219,Mastercard
2025-02-20,Lux Soap,Personal Care,64091.44,21154.12,5,4.4,0,489,Nagad
2024-08-06,Akij Cement,Construction,128816.44,38845.16,14,3.0,1,82,Rocket
2024-04-09,Lux Soap,Personal Care,83534.3,15048.44,19,4.8,0,282,Nagad
2024-06-06,Pran Mango Juice,Beverages,5067.61,1605.62,1,4.9,0,309,Mastercard
2024-06-20,Dettol Handwash,Personal Care,193403.06,55160.27,19,3.4,0,58,Rocket
2024-06-18,Pran Mango Juice,Beverages,5988.91,1264.27,1,4.2,1,35,Visa Card
2024-05-09,Navana Helmet,Automotive,14429.9,1947.36,16,3.6,0,480,Nagad
2024-07-07,Walton Fridge,Electronics,97476.97,28245.69,7,3.4,1,388,Mastercard
2024-04-12,Singer Rice Cooker,Electronics,11997.28,3886.71,5,2.5,0,479,Rocket
2024-05-13,Vision TV,Electronics,76719.87,12949.81,10,3.8,0,348,Cash
2024-09-28,Sunsilk Shampoo,Personal Care,154154.13,34048.35,13,4.8,0,402,bKash
2024-03-27,ACI Salt,Groceries,9211.41,1459.16,13,3.7,1,69,Mastercard
2024-11-15,Kazi Farms Chicken,Frozen Food,117165.94,39381.2,9,3.1,0,463,Mastercard
2024-03-06,Kazi Farms Chicken,Frozen Food,94078.52,11533.83,18,3.8,0,51,bKash
2024-04-02,Navana Helmet,Automotive,14533.76,1628.22,1,3.2,0,283,Visa Card
2024-03-12,Bashundhara Tissue,Household,88370.4,20124.03,13,3.9,0,417,Nagad
2024-05-16,Akij Cement,Construction,126305.67,41188.35,12,3.8,0,196,Nagad
2025-01-27,Minister Blender,Electronics,35515.77,6433.07,3,2.8,0,95,Mastercard
2024-11-14,Teer Atta,Groceries,180185.43,17420.17,15,3.4,0,234,Nagad
2024-06-29,Bata School Shoe,Fashion,64278.72,18977.96,13,3.4,0,449,Nagad
2024-07-20,Kazi Farms Chicken,Frozen Food,88418.0,12449.19,12,4.6,0,355,Rocket
2024-10-23,Lux Soap,Personal Care,12566.03,2745.33,2,3.0,0,161,Mastercard
2024-10-06,Olympic Biscuit,Snacks,160296.63,17818.54,10,2.8,0,392,Visa Card
2024-10-13,Teer Atta,Groceries,9151.21,1450.89,1,5.0,0,26,bKash
2024-02-28,Olympic Biscuit,Snacks,66976.71,15131.31,15,4.0,0,409,Rocket
2024-10-09,Akij Cement,Construction,177541.18,39545.18,18,3.1,0,169,Mastercard
2025-01-23,RFL Chair,Furniture,118605.77,36620.64,11,3.0,0,258,Cash
2024-05-15,Minister Blender,Electronics,140876.59,29974.61,17,3.1,0,320,Mastercard
2024-11-15,Kazi Farms Chicken,Frozen Food,180839.91,43260.12,14,2.8,0,139,Nagad
2024-07-02,Square Toiletries Lotion,Personal Care,120614.51,31941.63,11,2.7,0,377,Visa Card
2025-01-03,Minister Blender,Electronics,33454.03,11654.62,3,3.3,0,36,Rocket
2024-06-10,Fresh Soybean Oil,Groceries,143451.19,49313.66,18,2.9,0,325,Mastercard
2025-03-07,Teer Atta,Groceries,105537.0,16654.03,16,3.2,1,49,Mastercard
2024-09-07,Bata School Shoe,Fashion,1882.61,583.55,1,4.1,0,333,bKash
2024-12-05,Singer Rice Cooker,Electronics,214805.65,45446.3,17,2.8,1,87,bKash
2024-12-22,Dettol Handwash,Personal Care,141333.3,11444.07,18,3.8,0,263,Rocket
2025-01-08,Pran Noodles,Groceries,331752.01,34988.98,19,3.2,0,367,Rocket
2024-07-14,Navana Helmet,Automotive,92352.34,13065.81,6,3.3,0,80,Visa Card
2024-01-10,Singer Rice Cooker,Electronics,62935.28,7346.31,18,4.6,0,160,Nagad
2024-01-08,Olympic Biscuit,Snacks,62758.98,5706.82,9,4.6,0,71,Nagad
2025-05-02,Akij Cement,Construction,276435.08,88675.8,20,4.0,1,27,Rocket
2024-11-07,Bashundhara Tissue,Household,3037.35,579.15,4,3.6,0,448,Cash
2024-05-19,Bata School Shoe,Fashion,107309.45,18874.94,10,3.9,1,179,Visa Card
2025-02-18,Easy Fashion Shirt,Fashion,4627.64,1055.81,1,3.0,0,153,Cash
2024-09-19,Walton Fan,Electronics,77731.04,7773.05,14,4.5,1,138,Cash
2024-11-27,Fresh Milk,Dairy,48496.49,16370.74,4,3.4,0,51,Nagad
2024-03-14,Sunsilk Shampoo,Personal Care,111437.85,19000.08,10,2.8,1,37,bKash
2024-11-06,Aarong Panjabi,Fashion,41874.85,7172.55,3,3.2,1,339,Visa Card
2024-09-10,Easy Fashion Shirt,Fashion,89413.33,14269.58,12,4.6,0,126,Rocket
2024-08-05,Teer Atta,Groceries,121696.74,39545.51,14,4.7,1,87,Visa Card
2024-01-27,ACI Salt,Groceries,131122.33,20529.87,10,3.8,0,385,Nagad
2025-04-05,Bashundhara Tissue,Household,52453.72,16459.82,8,3.4,0,320,Nagad
2025-05-15,Olympic Biscuit,Snacks,36272.9,4393.39,6,3.6,0,81,bKash
2025-05-05,Minister Blender,Electronics,13893.17,3797.81,1,4.7,1,414,Nagad
2024-02-04,Singer Rice Cooker,Electronics,198972.99,39334.86,12,4.3,0,240,Rocket
2024-12-06,Square Toiletries Lotion,Personal Care,62263.89,18358.75,5,3.7,0,49,Nagad
2024-11-30,Dettol Handwash,Personal Care,96294.08,11167.47,7,4.5,0,370,Nagad
2025-05-09,Navana Helmet,Automotive,13723.92,2563.5,3,4.2,0,292,Mastercard
2024-05-03,Aarong Panjabi,Fashion,57569.16,16995.88,4,2.6,0,59,Mastercard
2025-03-24,Fresh Milk,Dairy,207896.71,22264.63,20,4.2,0,337,Cash
2024-11-02,Teer Atta,Groceries,25317.78,5306.68,3,2.6,1,474,Nagad
2025-01-25,Pran Mango Juice,Beverages,62242.71,14627.77,19,4.8,0,51,Nagad
2025-03-20,Olympic Biscuit,Snacks,125568.1,14389.64,9,2.8,0,180,Rocket
2024-11-28,Teer Atta,Groceries,3387.94,718.53,1,4.5,1,436,Nagad
2024-12-05,Aarong Panjabi,Fashion,4813.72,781.7,5,3.8,0,22,Cash
2024-04-27,Kazi Farms Chicken,Frozen Food,102346.74,23529.26,20,3.2,0,373,Mastercard
2025-01-13,Dettol Handwash,Personal Care,35533.96,3263.08,14,3.3,0,490,Rocket
2025-03-18,Walton Fan,Electronics,167877.36,47565.86,17,4.8,0,400,Rocket
2025-03-06,Pran Noodles,Groceries,62492.22,18563.91,10,3.4,0,329,Visa Card
2024-01-21,Pran Mango Juice,Beverages,13503.39,1775.63,2,3.2,0,229,bKash
2024-01-20,Navana Helmet,Automotive,70660.31,20357.16,8,3.9,1,342,Visa Card
2025-05-11,Sunsilk Shampoo,Personal Care,153707.16,21507.82,16,4.7,0,99,Visa Card
2025-05-07,Navana Helmet,Automotive,29548.49,9455.98,6,2.7,0,237,Visa Card
2024-07-10,Lux Soap,Personal Care,114365.63,22395.3,10,3.3,0,178,Visa Card
2024-03-22,Bombay Sweets Chanachur,Snacks,49419.92,11792.83,4,4.9,0,395,Visa Card
2024-12-01,Pran Noodles,Groceries,50128.9,10886.77,16,2.8,0,229,bKash
2024-03-30,Easy Fashion Shirt,Fashion,145791.33,41347.41,11,2.5,0,226,Visa Card
2024-09-30,Pran Mango Juice,Beverages,10080.92,2027.78,7,2.6,0,467,bKash
2025-04-07,Square Toiletries Lotion,Personal Care,23743.57,4809.1,18,3.8,0,458,bKash
2024-07-10,Easy Fashion Shirt,Fashion,282971.53,24082.2,17,3.7,0,385,Mastercard
2024-07-14,Dettol Handwash,Personal Care,72441.06,9611.58,9,4.3,0,434,bKash
2025-01-23,Square Toiletries Lotion,Personal Care,170603.79,17219.7,15,3.4,0,487,Cash
2025-03-18,Olympic Biscuit,Snacks,184989.83,15457.37,15,3.9,0,52,bKash
2024-12-16,Olympic Biscuit,Snacks,105793.19,30255.94,17,4.1,0,188,Mastercard
2024-10-15,Easy Fashion Shirt,Fashion,14563.05,4421.12,1,4.0,0,71,bKash
2024-10-07,Vision TV,Electronics,90701.23,9277.85,8,3.3,0,467,Visa Card
2024-04-06,Easy Fashion Shirt,Fashion,713.83,193.04,2,4.1,1,217,Nagad
2024-08-24,Singer Rice Cooker,Electronics,119143.57,41547.53,11,4.9,0,205,Nagad
2024-11-25,Akij Cement,Construction,34230.33,4451.81,4,3.5,1,95,Nagad
2024-04-01,Teer Atta,Groceries,175979.09,39225.7,20,3.1,1,196,Nagad
2024-11-25,Bombay Sweets Chanachur,Snacks,183590.71,53656.54,20,2.5,0,360,Visa Card
2024-11-03,Bata School Shoe,Fashion,70378.66,5667.24,15,4.9,1,277,Cash
2024-07-02,Walton Fridge,Electronics,11296.38,1332.8,3,4.0,1,453,Visa Card
2024-07-01,Walton Fridge,Electronics,16521.48,5174.75,9,3.0,0,445,Visa Card
2024-08-26,Lux Soap,Personal Care,33860.1,4135.62,14,4.6,0,59,bKash
2024-04-22,RFL Chair,Furniture,76865.11,26627.19,16,4.0,1,227,Nagad
2025-02-26,Square Toiletries Lotion,Personal Care,27715.62,3203.94,6,3.0,0,251,Rocket
2025-04-19,Navana Helmet,Automotive,21795.65,7611.28,18,4.9,0,309,Cash
2024-08-01,Bashundhara Tissue,Household,8151.56,1919.61,1,4.1,0,387,Rocket
2024-07-31,Aarong Panjabi,Fashion,3981.59,1138.33,1,4.6,0,279,bKash
2024-02-16,Fresh Milk,Dairy,8928.83,2815.39,2,3.7,0,463,Mastercard
2025-05-14,Dettol Handwash,Personal Care,16531.18,4792.78,2,4.3,1,68,Cash
2024-01-17,Bata School Shoe,Fashion,34828.89,5223.98,3,3.9,0,486,Mastercard
2025-03-12,Bashundhara Tissue,Household,234813.81,47278.37,16,2.8,1,180,Nagad
2025-01-26,Kazi Farms Chicken,Frozen Food,99786.73,34066.36,9,5.0,0,321,Nagad
2025-02-17,Vision TV,Electronics,12168.57,2709.57,5,2.6,1,433,Visa Card
2024-10-01,Akij Cement,Construction,426.22,94.39,1,4.7,1,278,Rocket
2024-11-29,Bata School Shoe,Fashion,83227.23,16562.98,9,2.7,1,270,Mastercard
2024-06-10,Pran Noodles,Groceries,103943.19,27169.38,19,4.1,0,149,Rocket
2025-02-05,Fresh Milk,Dairy,41637.76,13379.3,4,2.7,0,174,Cash
2024-11-17,Lux Soap,Personal Care,3880.42,996.87,8,4.9,1,238,Visa Card
2024-09-24,RFL Chair,Furniture,54047.39,12284.36,7,3.1,1,487,Rocket
2025-02-14,RFL Chair,Furniture,78401.87,22827.89,5,4.0,0,160,Mastercard
2025-02-15,Sunsilk Shampoo,Personal Care,31523.75,3656.0,3,3.0,0,144,Visa Card
2025-04-10,Fresh Soybean Oil,Groceries,17777.95,3787.41,13,4.1,1,23,Nagad
2024-05-10,Singer Rice Cooker,Electronics,17610.74,3700.65,3,4.8,1,308,bKash
2025-02-11,Teer Atta,Groceries,111337.72,22838.44,12,3.2,1,81,Nagad
2025-02-11,Olympic Biscuit,Snacks,4972.83,1549.63,4,3.2,0,474,Rocket
2024-02-19,Aarong Panjabi,Fashion,99455.83,17322.43,11,3.3,0,486,Rocket
2025-03-14,RFL Chair,Furniture,173423.55,42284.64,14,4.2,1,185,bKash
2024-09-09,Singer Rice Cooker,Electronics,133532.75,16843.81,10,4.8,0,22,Nagad
2024-06-28,Fresh Milk,Dairy,99716.11,16845.48,7,2.7,0,437,bKash
2024-05-15,Kazi Farms Chicken,Frozen Food,6022.15,974.35,19,2.6,0,487,Mastercard
2024-10-26,Pran Mango Juice,Beverages,105859.87,26140.74,12,3.6,0,10,Nagad
2024-06-05,Easy Fashion Shirt,Fashion,34246.53,6228.57,18,2.7,1,345,bKash
2025-05-15,Walton Fridge,Electronics,85098.9,12367.56,10,3.7,0,419,Nagad
2024-04-16,Pran Mango Juice,Beverages,63617.21,6712.14,8,4.1,0,354,Cash
2024-11-08,Minister Blender,Electronics,134089.23,11914.52,12,3.0,1,368,Rocket
2024-07-13,Square Toiletries Lotion,Personal Care,95300.22,9228.45,13,3.3,1,345,Cash
2024-04-21,Bombay Sweets Chanachur,Snacks,225573.09,37848.22,16,3.5,1,448,Visa Card
2025-04-29,Lux Soap,Personal Care,96383.41,11484.93,7,4.7,0,37,Rocket
2024-07-03,Walton Fan,Electronics,111517.42,14494.41,12,3.0,0,388,Mastercard
2024-10-25,Bashundhara Tissue,Household,10548.78,3069.93,6,5.0,0,257,Mastercard
2024-08-11,Akij Cement,Construction,55674.13,5185.32,5,2.5,0,188,Visa Card
2024-01-21,Singer Rice Cooker,Electronics,189497.66,57747.32,13,3.8,0,264,Mastercard
2025-02-17,Pran Noodles,Groceries,54213.85,5247.47,20,4.1,0,269,Rocket
2024-08-10,Pran Mango Juice,Beverages,214453.82,67373.58,18,4.0,0,256,Cash
2024-12-28,Walton Fridge,Electronics,121580.79,11292.26,10,3.1,1,178,Cash
2025-02-13,Walton Fan,Electronics,169893.64,46579.63,19,3.6,0,75,Visa Card
2024-04-29,Easy Fashion Shirt,Fashion,56109.08,8660.46,6,2.9,1,102,Cash
2024-06-10,Fresh Milk,Dairy,16381.88,2582.08,8,2.6,1,294,Cash
2024-12-10,Dettol Handwash,Personal Care,241951.19,66779.32,19,4.8,0,193,Mastercard
2024-05-17,Walton Fridge,Electronics,175345.3,54941.61,18,4.6,0,323,bKash
2024-06-11,Fresh Milk,Dairy,139423.66,34839.4,10,3.9,1,127,Visa Card
2025-04-04,Kazi Farms Chicken,Frozen Food,17674.71,3836.31,9,4.2,0,294,Visa Card
2024-08-10,Fresh Soybean Oil,Groceries,131845.12,30581.08,18,3.5,0,445,bKash
2025-04-15,Pran Noodles,Groceries,1004.67,154.74,3,2.8,0,74,bKash
2024-01-03,Akij Cement,Construction,16012.6,4465.83,11,3.9,0,432,Mastercard
2024-05-21,Square Toiletries Lotion,Personal Care,99869.03,32799.23,11,4.0,0,302,Nagad
2025-01-31,Navana Helmet,Automotive,18091.23,4079.25,2,2.6,0,431,Nagad
2025-03-11,Walton Fridge,Electronics,93975.59,29720.08,13,4.6,0,195,bKash
2025-01-31,Fresh Milk,Dairy,138268.11,12483.46,10,4.9,0,190,Rocket
2024-10-01,Akij Cement,Construction,22257.78,3187.65,2,2.8,0,347,Cash
2024-03-10,Singer Rice Cooker,Electronics,62648.67,14051.36,11,2.6,1,39,Nagad
2024-01-05,RFL Chair,Furniture,14505.69,4108.31,5,3.1,1,24,Cash
2025-03-26,Pran Noodles,Groceries,44201.24,14903.23,4,4.2,0,188,Nagad
2024-07-12,Singer Rice Cooker,Electronics,8616.58,1020.0,1,3.1,1,10,bKash
2024-01-24,Sunsilk Shampoo,Personal Care,116727.88,15565.69,8,3.6,0,386,Rocket
2025-02-08,Akij Cement,Construction,94210.62,22518.0,17,3.7,0,122,Cash
2025-01-11,ACI Salt,Groceries,40889.68,12544.2,16,4.6,0,387,Rocket
2025-04-02,Dettol Handwash,Personal Care,82167.1,19032.07,16,4.6,0,242,Mastercard
2024-12-03,Akij Cement,Construction,38496.16,7717.13,11,3.8,0,249,Visa Card
2024-10-02,Bombay Sweets Chanachur,Snacks,55694.89,8191.78,16,2.8,0,244,Rocket
2024-07-10,Akij Cement,Construction,110275.98,20728.15,9,3.4,0,480,Mastercard
2025-01-27,Kazi Farms Chicken,Frozen Food,148734.65,32723.74,16,3.9,0,224,Nagad
2024-09-23,Teer Atta,Groceries,194204.47,35255.69,18,3.9,0,330,Visa Card
2024-01-22,Singer Rice Cooker,Electronics,39370.46,12093.98,11,3.5,0,327,Nagad
2024-08-27,Fresh Soybean Oil,Groceries,7592.65,2607.76,1,3.1,0,404,Mastercard
2024-05-21,Bata School Shoe,Fashion,61733.73,12829.71,5,3.1,1,121,Visa Card
2024-06-22,Olympic Biscuit,Snacks,216844.95,42237.45,15,2.5,0,366,Nagad
2024-01-04,Singer Rice Cooker,Electronics,5841.6,1614.14,1,4.4,0,181,Rocket
2024-11-15,Kazi Farms Chicken,Frozen Food,225880.1,48402.14,18,3.1,0,270,Visa Card
2024-11-12,Walton Fan,Electronics,25811.98,5913.8,13,3.2,0,299,Visa Card
2025-04-22,Kazi Farms Chicken,Frozen Food,248640.34,84399.95,18,2.6,0,298,Nagad
2024-02-03,Square Toiletries Lotion,Personal Care,8778.64,2881.85,2,4.5,0,25,bKash
2024-01-30,Easy Fashion Shirt,Fashion,237851.31,57884.22,18,2.6,0,47,Rocket
2024-07-27,Walton Fridge,Electronics,25334.1,8400.39,4,3.6,0,83,Nagad
2024-09-07,ACI Salt,Groceries,7679.37,2647.52,1,3.9,1,200,Rocket
2025-01-01,Singer Rice Cooker,Electronics,1080.76,321.38,2,3.3,0,169,Rocket
2024-10-08,Sunsilk Shampoo,Personal Care,42004.13,12876.43,19,2.8,0,460,Mastercard
2024-02-13,RFL Chair,Furniture,173323.26,27048.21,16,4.5,0,463,Rocket
2024-02-22,Lux Soap,Personal Care,122942.2,42640.25,11,4.5,1,374,Nagad
2024-02-23,Vision TV,Electronics,54405.68,6924.94,8,4.8,0,96,Mastercard
2025-05-08,Navana Helmet,Automotive,87106.9,22534.49,8,4.3,0,333,Cash
2024-10-25,Vision TV,Electronics,16009.7,5243.44,6,4.4,0,189,Visa Card
2024-10-11,Vision TV,Electronics,66942.07,9021.49,5,4.8,0,186,Rocket
2024-10-15,Walton Fan,Electronics,72885.32,7531.6,6,3.9,1,195,Rocket
2025-03-29,RFL Chair,Furniture,10470.0,1631.43,1,2.7,1,292,Nagad
2025-04-13,Minister Blender,Electronics,30115.79,4114.29,14,4.9,0,262,Mastercard
2024-01-30,ACI Salt,Groceries,147171.81,12242.6,17,4.5,0,207,Mastercard
2024-11-04,Teer Atta,Groceries,136015.97,38079.09,10,3.6,0,322,Nagad
2024-05-26,Singer Rice Cooker,Electronics,324311.57,63402.98,20,3.0,0,49,Visa Card
2025-01-29,Teer Atta,Groceries,8978.14,1559.1,9,3.1,0,128,Mastercard
2024-10-25,Walton Fridge,Electronics,15376.32,2692.8,2,2.8,0,92,Visa Card
2024-07-21,Fresh Soybean Oil,Groceries,13597.55,1210.84,1,4.3,0,168,Mastercard
2025-05-03,Olympic Biscuit,Snacks,23032.87,4204.72,2,4.5,0,311,Nagad
2024-06-04,Easy Fashion Shirt,Fashion,147561.81,30518.36,14,4.5,1,122,Nagad
2024-03-01,ACI Salt,Groceries,132811.09,42986.64,20,4.8,1,239,bKash
2024-05-26,Pran Mango Juice,Beverages,43664.5,6270.49,13,2.8,0,70,Visa Card
2025-01-22,Bata School Shoe,Fashion,88160.28,22199.03,8,3.0,0,421,Visa Card
2024-07-29,Bata School Shoe,Fashion,82757.6,14237.95,8,4.9,0,171,Mastercard
2024-03-29,Pran Noodles,Groceries,52949.51,6126.96,16,3.4,0,225,Rocket
2025-05-12,Square Toiletries Lotion,Personal Care,2664.38,608.52,2,3.3,0,346,Mastercard
2025-02-28,Pran Noodles,Groceries,76881.46,22580.61,9,4.3,0,167,bKash
2024-05-17,Akij Cement,Construction,201956.17,48229.1,17,4.0,0,369,bKash
2024-04-10,Teer Atta,Groceries,195279.47,34792.85,16,3.9,0,10,Mastercard
2025-01-13,Fresh Milk,Dairy,61256.43,15426.9,15,4.7,0,447,Rocket
2024-04-22,Navana Helmet,Automotive,83391.02,8487.03,12,3.5,0,393,bKash
2025-03-11,Aarong Panjabi,Fashion,96931.03,12174.59,8,4.7,0,399,Mastercard
2024-10-06,Singer Rice Cooker,Electronics,58191.54,16657.02,9,4.6,0,109,bKash
2024-06-19,Square Toiletries Lotion,Personal Care,79994.82,27316.09,12,3.3,0,90,Mastercard
2024-01-10,Easy Fashion Shirt,Fashion,35595.64,6858.23,5,3.9,1,14,Visa Card
2024-11-18,Easy Fashion Shirt,Fashion,80524.4,9335.31,5,2.8,0,51,Visa Card
2024-07-14,Walton Fridge,Electronics,269890.4,24518.77,20,3.9,0,62,Nagad
2024-02-16,Fresh Soybean Oil,Groceries,172526.26,38012.29,16,4.7,0,444,bKash
2024-12-31,Bashundhara Tissue,Household,213966.03,55580.64,19,4.5,1,332,Mastercard
2024-09-30,Vision TV,Electronics,1352.03,390.9,2,4.3,0,60,Mastercard
2025-05-03,Bata School Shoe,Fashion,38838.87,9238.84,8,4.7,0,257,Cash
2024-03-09,Minister Blender,Electronics,9749.24,1996.96,1,4.5,0,306,Mastercard
2024-07-13,Fresh Milk,Dairy,69185.8,21977.08,9,4.4,0,27,Nagad
2024-07-07,Minister Blender,Electronics,102820.17,29970.39,12,2.8,1,206,Mastercard
2025-02-17,Navana Helmet,Automotive,33273.08,6809.94,15,4.5,0,29,bKash
2024-08-10,Sunsilk Shampoo,Personal Care,71292.25,12658.3,15,4.8,0,41,Mastercard
2024-05-04,Walton Fridge,Electronics,21106.49,7217.28,3,5.0,0,89,bKash
2025-01-28,RFL Chair,Furniture,8057.58,2062.39,1,3.1,0,133,Visa Card
2024-12-01,Bombay Sweets Chanachur,Snacks,110593.38,12492.09,11,3.3,0,133,Mastercard
2024-06-28,Easy Fashion Shirt,Fashion,42919.78,14767.31,20,3.3,1,408,Rocket
2024-06-16,Pran Mango Juice,Beverages,205468.07,69235.9,16,4.6,0,161,Rocket
2024-12-18,ACI Salt,Groceries,33539.85,6208.07,9,4.3,0,169,Mastercard
2025-02-19,Walton Fan,Electronics,80453.34,19174.0,8,3.3,0,54,Mastercard
2025-02-12,Bata School Shoe,Fashion,173742.14,47924.97,12,5.0,0,183,Nagad
2024-10-28,ACI Salt,Groceries,271525.57,61009.77,18,3.5,0,159,Visa Card
2025-03-10,Fresh Milk,Dairy,73470.27,12694.43,11,4.4,1,322,Mastercard
2024-11-11,Pran Mango Juice,Beverages,81290.86,21878.42,9,3.1,1,357,Rocket
2024-11-05,Bombay Sweets Chanachur,Snacks,185318.51,17373.89,15,3.8,1,449,Nagad
2024-05-28,Lux Soap,Personal Care,181670.81,21843.14,12,4.0,0,342,bKash
2024-02-12,Dettol Handwash,Personal Care,222792.8,20220.68,16,2.5,0,250,Nagad
2024-02-25,Square Toiletries Lotion,Personal Care,263154.12,91834.69,20,4.1,0,160,Rocket
2024-09-21,Olympic Biscuit,Snacks,267702.97,33464.33,19,4.2,0,77,Rocket
2024-12-17,Bombay Sweets Chanachur,Snacks,119574.52,17801.8,12,3.7,0,289,Mastercard
2024-11-09,Bata School Shoe,Fashion,69504.7,14953.53,10,2.8,1,367,Visa Card
2024-10-21,Singer Rice Cooker,Electronics,172708.79,59506.54,18,3.2,0,184,Visa Card
2024-02-13,Fresh Milk,Dairy,34435.45,10400.58,8,3.6,0,298,Mastercard
2024-10-29,Sunsilk Shampoo,Personal Care,134920.61,30005.07,9,2.5,0,163,bKash
2025-05-02,Square Toiletries Lotion,Personal Care,166988.36,53694.54,12,3.4,0,450,bKash
2025-02-14,Singer Rice Cooker,Electronics,111706.35,34521.83,20,2.6,1,386,Rocket
2024-07-08,Walton Fridge,Electronics,98538.7,34150.48,17,4.5,0,180,Nagad
2025-02-21,Bashundhara Tissue,Household,2215.53,477.97,1,4.2,0,18,Nagad
2025-03-20,Sunsilk Shampoo,Personal Care,20072.77,5963.6,2,3.9,0,311,Rocket
2024-12-18,Fresh Milk,Dairy,15855.28,2823.4,3,3.4,0,196,Mastercard
2024-05-19,Singer Rice Cooker,Electronics,249027.17,44106.44,19,3.2,0,375,Mastercard
2025-03-11,Vision TV,Electronics,26178.88,7007.2,4,4.3,0,364,Visa Card
2025-03-11,Navana Helmet,Automotive,69419.44,22731.67,5,3.4,0,43,Mastercard
2024-09-06,Sunsilk Shampoo,Personal Care,147501.94,42740.63,12,4.9,1,364,Mastercard
2025-02-12,Square Toiletries Lotion,Personal Care,103046.57,22689.26,9,4.4,0,114,bKash
2024-12-07,Sunsilk Shampoo,Personal Care,109091.59,23889.58,18,3.4,0,44,bKash
2024-05-27,Pran Mango Juice,Beverages,33509.21,9572.44,3,2.5,0,227,Rocket
2024-09-06,Pran Mango Juice,Beverages,23073.8,7370.63,15,3.3,0,82,Visa Card
2025-04-29,Dettol Handwash,Personal Care,194469.87,67315.47,15,3.0,0,461,Rocket
2025-04-22,Akij Cement,Construction,44167.89,14083.98,9,2.8,0,456,Nagad
2024-08-02,Sunsilk Shampoo,Personal Care,36793.96,6782.37,13,4.1,0,445,bKash
2024-05-16,Bashundhara Tissue,Household,41991.25,11839.68,19,4.1,0,496,Mastercard
2025-03-12,Bashundhara Tissue,Household,43415.98,5031.07,13,2.7,0,14,Mastercard
2024-10-07,Walton Fan,Electronics,42273.07,6068.32,4,3.0,0,385,Cash
2025-02-19,Walton Fan,Electronics,24057.63,7191.2,5,4.6,1,172,Mastercard
2024-08-27,Vision TV,Electronics,76789.25,7653.37,10,3.8,0,292,Rocket
2024-06-07,Aarong Panjabi,Fashion,12046.3,2856.91,2,3.4,0,272,Visa Card
2024-04-24,Kazi Farms Chicken,Frozen Food,225461.99,22518.82,20,2.9,0,257,Cash
2024-11-23,Minister Blender,Electronics,42856.2,10498.95,5,3.2,1,489,Visa Card
2024-03-28,Dettol Handwash,Personal Care,82890.22,15441.09,20,2.8,0,173,Mastercard
2024-07-19,Minister Blender,Electronics,112916.55,21799.65,10,4.0,1,289,Cash
2024-12-26,ACI Salt,Groceries,35145.23,5907.34,4,3.0,0,271,Cash
2025-01-27,Fresh Soybean Oil,Groceries,42628.07,14217.17,8,4.9,1,97,Visa Card
2024-10-16,Kazi Farms Chicken,Frozen Food,29631.63,4060.16,2,2.8,0,17,Visa Card
2024-07-02,Navana Helmet,Automotive,13749.24,2600.17,2,4.7,0,289,bKash
2025-05-07,Walton Fridge,Electronics,41291.84,9118.7,10,3.4,0,79,Visa Card
2024-02-26,Singer Rice Cooker,Electronics,85062.92,8901.82,15,4.5,0,235,Nagad
2024-06-03,Olympic Biscuit,Snacks,31618.47,7034.44,10,3.4,1,240,Visa Card
2024-09-28,Singer Rice Cooker,Electronics,118085.77,11158.68,15,2.5,0,202,Visa Card
2024-02-13,Aarong Panjabi,Fashion,253673.33,26848.22,16,4.3,0,244,Rocket
2024-12-27,Walton Fridge,Electronics,8110.44,909.0,8,4.9,1,450,Rocket
2024-05-25,Walton Fan,Electronics,167109.89,32631.76,15,2.9,0,456,bKash
2025-05-11,Bombay Sweets Chanachur,Snacks,7528.9,2614.73,5,4.4,0,293,Visa Card
2025-04-29,Pran Mango Juice,Beverages,181460.98,23769.77,14,4.9,1,75,Rocket
2024-08-10,Lux Soap,Personal Care,40142.49,6710.91,5,4.7,0,41,Cash
2024-01-09,Easy Fashion Shirt,Fashion,221430.69,70642.78,18,3.5,1,317,Mastercard
2024-02-03,Kazi Farms Chicken,Frozen Food,8359.88,2039.79,1,3.6,0,489,Visa Card
2024-06-12,Bata School Shoe,Fashion,32481.74,9530.18,3,3.6,0,370,bKash
2024-03-29,Sunsilk Shampoo,Personal Care,152774.42,23020.14,14,4.8,0,155,Nagad
2025-03-08,Minister Blender,Electronics,295761.85,57524.85,18,4.5,0,445,bKash
2024-06-29,ACI Salt,Groceries,50737.56,7255.57,6,2.6,0,397,Cash
2024-03-01,Pran Noodles,Groceries,75285.36,22261.8,14,3.3,1,154,Mastercard
2024-09-04,Fresh Soybean Oil,Groceries,134862.53,39945.55,8,4.2,0,410,Rocket
2024-03-19,Walton Fan,Electronics,183088.8,16402.98,14,4.0,0,315,Nagad
2024-09-27,Walton Fridge,Electronics,30852.84,6065.55,5,3.6,0,28,Visa Card
2024-02-18,ACI Salt,Groceries,138455.95,17080.19,12,4.9,0,315,Mastercard
2025-04-06,Fresh Soybean Oil,Groceries,32403.64,6263.26,2,2.8,1,161,Rocket
2025-03-22,Kazi Farms Chicken,Frozen Food,131722.94,13940.37,9,4.4,0,19,Visa Card
2024-04-22,Pran Noodles,Groceries,146991.83,25525.09,17,4.9,0,185,Nagad
2024-06-07,Kazi Farms Chicken,Frozen Food,22530.82,3263.76,3,3.0,1,295,Rocket
2024-08-30,ACI Salt,Groceries,133168.28,43572.68,17,3.3,0,79,bKash
2024-01-20,Pran Noodles,Groceries,42903.47,6766.02,8,4.2,0,43,Cash
2024-06-19,Pran Mango Juice,Beverages,13466.49,2106.23,20,4.9,0,298,Mastercard
2025-01-20,Bashundhara Tissue,Household,4016.22,568.01,4,3.7,1,284,Visa Card
2025-04-02,Walton Fridge,Electronics,122137.86,40471.25,10,3.0,0,188,bKash
2024-04-02,Square Toiletries Lotion,Personal Care,59724.59,19697.89,11,3.4,0,483,Visa Card
2024-04-12,Lux Soap,Personal Care,25777.71,7386.9,7,2.7,0,196,bKash
2024-05-22,Vision TV,Electronics,243238.7,50797.27,16,3.4,0,123,Rocket
2024-10-04,Minister Blender,Electronics,200696.28,61249.63,15,4.4,0,57,Rocket
2024-04-29,Dettol Handwash,Personal Care,218473.2,67569.5,18,2.7,0,185,Visa Card
2024-07-06,Vision TV,Electronics,153062.96,53007.23,11,3.8,0,161,Cash
2024-04-27,Bashundhara Tissue,Household,238671.82,38962.46,14,3.9,1,15,Visa Card
2024-02-18,Pran Mango Juice,Beverages,71366.24,24772.19,9,3.6,0,125,Cash
2024-08-17,Fresh Soybean Oil,Groceries,6210.75,1610.87,5,3.5,0,40,Visa Card
2024-06-12,Navana Helmet,Automotive,10273.24,3515.97,4,4.3,0,120,bKash
2024-08-13,Teer Atta,Groceries,1453.16,375.65,5,4.6,0,350,Mastercard
2024-03-18,Vision TV,Electronics,68335.3,10140.61,4,4.6,0,317,Nagad
2024-02-09,Easy Fashion Shirt,Fashion,9239.85,2682.43,1,4.4,0,256,Cash
2024-04-14,Square Toiletries Lotion,Personal Care,93168.94,18254.44,12,3.7,1,91,Mastercard
2024-05-12,Olympic Biscuit,Snacks,92060.62,31805.55,12,3.1,0,479,bKash
2025-03-27,Pran Noodles,Groceries,144167.21,39124.41,20,2.6,0,432,Rocket
2024-09-06,Teer Atta,Groceries,52005.09,13202.86,14,4.2,0,394,Mastercard
2024-11-20,Fresh Milk,Dairy,186039.73,57506.23,14,4.1,0,243,Nagad
2024-08-21,Minister Blender,Electronics,78233.92,11254.98,7,4.0,0,189,Visa Card
2024-12-18,Pran Mango Juice,Beverages,944.86,121.04,7,2.6,1,149,Rocket
2024-07-14,Singer Rice Cooker,Electronics,31900.79,7740.31,3,4.2,0,98,Mastercard
2024-06-11,Navana Helmet,Automotive,251654.09,87049.44,19,2.9,0,199,Rocket
2024-08-19,Minister Blender,Electronics,22512.3,5415.41,19,2.9,1,338,Visa Card
2024-01-14,Walton Fridge,Electronics,95869.62,30599.55,19,2.8,0,25,bKash
2024-07-26,Aarong Panjabi,Fashion,181581.52,16294.03,18,4.3,1,278,Visa Card
2024-02-29,Teer Atta,Groceries,30274.37,8108.63,7,2.6,0,77,Rocket
2024-01-02,Square Toiletries Lotion,Personal Care,113023.62,34336.78,13,4.6,0,350,Nagad
2024-08-26,ACI Salt,Groceries,49468.3,7416.86,3,3.8,0,331,Visa Card
2024-04-04,Bashundhara Tissue,Household,36037.24,4996.1,11,4.2,0,279,Rocket
2024-01-31,Navana Helmet,Automotive,23655.22,3524.98,11,3.0,0,113,Cash
2024-10-29,ACI Salt,Groceries,26108.09,8782.4,2,2.6,0,280,Nagad
2024-04-23,Singer Rice Cooker,Electronics,54137.18,12403.52,10,3.9,0,189,Cash
2024-04-25,Walton Fan,Electronics,30270.77,5823.44,3,3.2,0,210,bKash
2024-11-21,RFL Chair,Furniture,190450.0,58464.16,18,4.7,0,134,Rocket
2024-04-18,Fresh Milk,Dairy,16818.01,1583.77,6,3.3,0,126,Rocket
2024-01-18,Bashundhara Tissue,Household,75994.59,8445.4,11,4.1,0,265,Nagad
2024-06-03,ACI Salt,Groceries,130641.59,34755.69,14,4.1,0,355,bKash
2024-07-30,Akij Cement,Construction,40650.38,11324.89,6,3.6,1,490,Rocket
2024-08-11,Lux Soap,Personal Care,28353.08,4838.85,2,3.6,1,349,Visa Card
2024-02-23,Easy Fashion Shirt,Fashion,237478.61,67156.21,15,5.0,0,464,bKash
2024-01-26,RFL Chair,Furniture,75337.8,13421.75,14,3.6,0,472,bKash
2024-10-24,Vision TV,Electronics,44097.95,11480.41,13,2.8,0,394,Mastercard
2025-04-17,Singer Rice Cooker,Electronics,9220.93,2191.96,3,3.9,1,282,Rocket
2024-08-17,Easy Fashion Shirt,Fashion,246357.92,76149.95,18,3.4,0,485,Cash
2024-08-14,Minister Blender,Electronics,29942.59,4102.86,5,3.3,1,331,Rocket
2024-03-06,Aarong Panjabi,Fashion,113426.25,32909.5,19,2.9,1,33,Nagad
2024-08-11,Teer Atta,Groceries,7288.11,866.63,2,4.3,1,187,Visa Card
2024-12-31,RFL Chair,Furniture,282603.12,54440.47,19,3.1,0,166,Visa Card
2025-04-22,Bombay Sweets Chanachur,Snacks,12821.16,1936.19,19,2.6,0,173,Mastercard
2025-01-31,Navana Helmet,Automotive,42012.78,9641.01,12,3.2,0,255,Nagad
2024-05-03,Square Toiletries Lotion,Personal Care,91212.3,30906.21,15,2.7,0,315,Visa Card
2024-02-27,Aarong Panjabi,Fashion,74048.5,9369.46,9,4.1,1,336,Visa Card
2024-09-24,ACI Salt,Groceries,269267.59,86698.26,20,4.6,0,366,Nagad
2024-01-30,Fresh Soybean Oil,Groceries,3712.49,741.71,1,4.7,0,171,Visa Card
2024-12-25,Minister Blender,Electronics,106406.48,22567.08,13,4.5,0,238,Mastercard
2024-03-24,Easy Fashion Shirt,Fashion,34927.97,8599.59,18,2.9,0,359,Cash
2024-04-08,Singer Rice Cooker,Electronics,16373.92,4268.73,16,3.7,0,391,Rocket
2024-09-18,Fresh Soybean Oil,Groceries,202781.93,46946.33,15,4.0,0,354,Visa Card
2024-10-20,Teer Atta,Groceries,256499.86,87740.08,19,4.1,1,51,Rocket
2024-12-23,Pran Noodles,Groceries,153536.64,45013.17,19,4.5,1,113,Mastercard
2025-03-12,Easy Fashion Shirt,Fashion,92133.8,10088.02,8,3.9,0,452,bKash
2024-01-31,ACI Salt,Groceries,84269.83,25519.63,5,3.9,0,109,Nagad
2024-04-12,Square Toiletries Lotion,Personal Care,6048.71,1809.49,7,3.3,0,406,Rocket
2024-09-21,Kazi Farms Chicken,Frozen Food,28943.24,5588.6,20,4.6,0,160,Visa Card
2024-02-07,RFL Chair,Furniture,73774.09,21553.48,9,3.1,0,313,Mastercard
2025-03-11,Easy Fashion Shirt,Fashion,23113.64,6860.78,9,3.9,0,22,Visa Card
2024-04-25,Dettol Handwash,Personal Care,75761.77,22000.77,6,3.8,0,368,Visa Card
2024-09-26,Fresh Milk,Dairy,1200.66,145.4,1,2.7,1,405,Rocket
2025-04-06,RFL Chair,Furniture,2793.36,406.34,9,3.1,1,133,Visa Card
2024-11-18,Fresh Soybean Oil,Groceries,39114.8,9095.12,3,2.8,1,384,Nagad
2024-09-23,RFL Chair,Furniture,66297.78,8413.33,12,3.4,0,41,Nagad
2024-12-20,Bashundhara Tissue,Household,57589.43,18449.55,19,3.2,0,346,bKash
2025-04-26,Aarong Panjabi,Fashion,147804.57,19545.19,10,2.5,0,369,Cash
2025-01-25,Walton Fridge,Electronics,9336.29,1735.08,6,4.7,0,388,Mastercard
2025-03-25,Walton Fridge,Electronics,79323.39,27710.66,7,5.0,1,78,Visa Card
2024-03-03,Kazi Farms Chicken,Frozen Food,1491.63,326.73,1,4.6,0,160,Cash
2024-09-08,Akij Cement,Construction,146983.34,25634.62,20,4.5,0,55,Nagad
2024-06-03,Teer Atta,Groceries,43715.31,4608.87,4,4.8,0,307,Visa Card
2024-11-08,Bombay Sweets Chanachur,Snacks,159379.78,34033.31,18,3.4,0,410,Nagad
2024-05-19,Dettol Handwash,Personal Care,211019.33,70737.09,16,4.8,0,153,Rocket
2024-04-14,Navana Helmet,Automotive,109920.13,10477.24,8,2.6,0,357,Mastercard
2024-04-28,Bashundhara Tissue,Household,13447.37,1502.74,1,4.7,1,253,Mastercard
2025-03-14,Bata School Shoe,Fashion,218789.61,45983.45,16,4.7,0,371,Nagad
2024-11-23,RFL Chair,Furniture,29553.22,2891.02,12,4.6,0,470,Visa Card
2024-11-30,Akij Cement,Construction,16852.04,4006.39,1,4.5,0,315,Nagad
2024-02-28,Navana Helmet,Automotive,195474.26,42844.56,13,4.0,0,332,Rocket
2024-02-29,Kazi Farms Chicken,Frozen Food,14513.5,3686.07,1,4.2,0,492,bKash
2024-12-10,Fresh Milk,Dairy,123059.14,41885.7,18,3.4,1,192,bKash
2024-12-04,Kazi Farms Chicken,Frozen Food,251042.33,47260.28,20,2.7,1,263,Visa Card
2024-06-22,Walton Fridge,Electronics,40539.99,13540.5,11,3.3,0,156,Mastercard
2025-05-04,Kazi Farms Chicken,Frozen Food,269385.54,66273.56,20,4.3,0,174,bKash
2025-01-25,Pran Noodles,Groceries,3646.39,1115.7,1,4.5,0,78,Cash
2024-05-17,Aarong Panjabi,Fashion,12544.05,1938.91,3,4.4,0,288,Visa Card
2024-06-17,ACI Salt,Groceries,189607.73,59391.99,11,2.5,0,481,Visa Card
2025-03-15,Pran Noodles,Groceries,79320.82,22738.98,6,2.7,1,449,Rocket
2024-11-14,Dettol Handwash,Personal Care,65508.39,21713.64,6,2.7,0,485,bKash
2024-12-15,Walton Fan,Electronics,77723.58,27157.12,10,3.7,0,193,bKash
2024-11-11,Walton Fan,Electronics,132138.02,23331.43,11,4.9,0,307,Nagad
2024-11-25,Walton Fridge,Electronics,4123.04,1067.94,1,4.2,0,334,Rocket
2024-06-27,Teer Atta,Groceries,142583.05,19135.5,14,4.0,1,446,Rocket
2024-06-30,Bata School Shoe,Fashion,10799.5,1322.69,7,3.0,1,44,bKash
2025-03-02,Square Toiletries Lotion,Personal Care,19280.06,4735.26,2,3.8,0,405,Cash
2025-02-02,ACI Salt,Groceries,30998.59,4072.0,12,3.9,0,163,Mastercard
2024-03-09,Pran Mango Juice,Beverages,98865.65,16336.13,9,2.9,0,16,Mastercard
2024-11-10,Fresh Milk,Dairy,134522.52,25648.45,11,2.8,0,135,Visa Card
2024-05-02,Olympic Biscuit,Snacks,30500.36,8629.25,4,2.6,1,271,Rocket
2024-04-12,Vision TV,Electronics,77406.31,15612.46,15,5.0,0,229,Cash
2024-12-27,Pran Noodles,Groceries,2603.86,674.41,2,3.8,0,270,bKash
2025-04-24,Kazi Farms Chicken,Frozen Food,83569.42,17737.9,9,3.0,0,268,Nagad
2024-07-04,Bombay Sweets Chanachur,Snacks,13103.71,1750.51,1,3.0,0,231,Mastercard
2024-09-15,Walton Fridge,Electronics,18910.51,4006.38,8,4.8,0,204,Rocket
2025-05-08,Bashundhara Tissue,Household,62025.65,15380.75,7,4.2,0,115,Visa Card
2024-05-30,Teer Atta,Groceries,14562.34,4903.56,3,2.9,0,417,Cash
2024-09-07,Fresh Milk,Dairy,117345.41,23877.21,9,4.4,0,333,Mastercard
2025-01-29,Easy Fashion Shirt,Fashion,46083.49,9364.98,8,2.6,0,227,bKash
2025-01-27,Lux Soap,Personal Care,10119.14,1831.57,5,3.8,0,65,Rocket
2024-12-02,Kazi Farms Chicken,Frozen Food,20781.35,3600.8,9,3.7,0,21,Visa Card
2024-04-05,Bata School Shoe,Fashion,106888.01,26854.36,10,3.9,1,415,Rocket
2025-04-08,Pran Mango Juice,Beverages,123609.07,29125.33,16,3.9,0,219,Cash
2024-10-23,Sunsilk Shampoo,Personal Care,747.47,226.41,2,3.8,0,238,Nagad
2024-09-15,Pran Mango Juice,Beverages,2149.49,314.7,3,4.7,0,151,Cash
2024-05-06,Walton Fridge,Electronics,33011.28,4323.73,17,4.3,1,118,Mastercard
2024-10-17,Teer Atta,Groceries,15416.28,4908.0,4,4.8,0,350,Mastercard
2024-05-24,Pran Noodles,Groceries,107920.97,16179.59,16,3.3,1,293,bKash
2024-05-26,Minister Blender,Electronics,45058.09,15509.69,6,3.9,1,343,Visa Card
2024-09-06,Pran Mango Juice,Beverages,7554.04,1865.88,1,3.0,1,161,bKash
2024-12-09,Easy Fashion Shirt,Fashion,4602.89,1381.75,4,4.1,1,436,Rocket
2024-09-29,Bombay Sweets Chanachur,Snacks,71095.06,10385.15,19,4.4,0,431,Nagad
2024-02-06,Bata School Shoe,Fashion,10191.05,1257.06,1,3.2,0,267,bKash
2025-01-29,Bashundhara Tissue,Household,45750.53,14795.91,12,3.7,0,228,bKash
2024-04-19,Bashundhara Tissue,Household,44910.29,14081.17,7,4.7,0,217,Cash
2024-11-13,Akij Cement,Construction,5810.17,963.66,7,2.8,0,109,Cash
2025-01-13,Bashundhara Tissue,Household,12745.47,4389.37,5,4.3,0,128,Nagad
2025-02-05,Kazi Farms Chicken,Frozen Food,7893.9,1243.53,1,3.6,0,273,Visa Card
2024-07-09,Dettol Handwash,Personal Care,5828.68,1813.4,1,3.1,0,282,Nagad
2025-01-28,Teer Atta,Groceries,131119.13,10667.13,19,4.1,0,362,Mastercard
2024-03-25,Walton Fridge,Electronics,85686.19,25947.34,18,3.4,0,93,Nagad
2024-09-29,Walton Fan,Electronics,218017.72,22566.33,17,3.1,0,139,Rocket
2024-09-03,Vision TV,Electronics,39581.68,10586.81,14,3.0,0,224,bKash
2025-01-29,Pran Mango Juice,Beverages,85371.6,24212.52,15,3.9,1,350,bKash
2024-05-30,Navana Helmet,Automotive,8377.71,1767.22,13,4.3,0,450,Mastercard
2025-01-10,Walton Fan,Electronics,20010.84,4205.12,9,2.5,1,86,Cash
2024-11-29,Lux Soap,Personal Care,196291.04,51195.59,15,2.6,0,325,Visa Card
2024-07-04,Walton Fridge,Electronics,159829.5,22245.12,15,2.5,1,497,Nagad
2024-02-26,Fresh Milk,Dairy,3691.7,1131.63,3,3.4,0,353,Rocket
2025-01-28,Singer Rice Cooker,Electronics,287881.61,71843.58,18,3.4,0,75,Rocket
2024-02-01,Singer Rice Cooker,Electronics,124586.82,10272.39,13,3.9,0,381,Cash
2024-11-23,Walton Fridge,Electronics,35618.54,5254.74,3,4.7,0,218,Rocket
2024-11-13,Olympic Biscuit,Snacks,137104.44,22787.52,11,4.2,0,451,Rocket
2025-03-13,Olympic Biscuit,Snacks,153937.29,14032.59,13,3.1,0,93,Mastercard
2024-07-24,Walton Fridge,Electronics,93813.01,13671.62,11,4.0,0,451,Nagad
2024-10-20,Fresh Milk,Dairy,61866.83,9653.92,6,3.1,1,82,bKash
2025-04-17,Navana Helmet,Automotive,243952.16,45322.0,17,2.8,0,245,bKash
2024-07-09,Dettol Handwash,Personal Care,11181.6,2611.1,1,3.5,1,100,Rocket
2024-03-03,Minister Blender,Electronics,54125.91,9532.54,10,4.5,0,152,Rocket
2024-06-18,Bombay Sweets Chanachur,Snacks,198000.56,53781.73,14,4.4,1,121,Nagad
2024-05-23,Pran Noodles,Groceries,198744.09,21268.69,13,3.9,1,426,Visa Card
2024-11-04,Bombay Sweets Chanachur,Snacks,7391.57,1160.1,16,4.6,0,292,Nagad
2025-01-19,Lux Soap,Personal Care,93824.38,14766.24,8,4.7,0,262,Nagad
2024-09-21,Teer Atta,Groceries,7964.42,2025.94,1,3.2,0,44,bKash
2024-10-18,Teer Atta,Groceries,22929.15,2383.14,15,4.3,0,159,Visa Card
2024-12-22,Lux Soap,Personal Care,44412.99,14123.48,5,4.9,0,272,Visa Card
2025-04-25,Vision TV,Electronics,65171.45,16709.97,11,3.6,1,110,Mastercard
2024-07-22,RFL Chair,Furniture,134715.15,33732.76,14,3.9,0,137,Nagad
2024-06-14,Aarong Panjabi,Fashion,171272.51,53095.91,19,3.7,0,431,bKash
2024-09-05,Olympic Biscuit,Snacks,14128.82,4413.01,1,2.9,1,305,Nagad
2024-08-08,Vision TV,Electronics,96973.78,14001.97,7,2.5,1,232,bKash
2024-12-30,Bashundhara Tissue,Household,25164.82,2511.09,8,3.3,0,250,Rocket
2024-07-15,Olympic Biscuit,Snacks,66017.47,16605.19,19,4.4,0,248,Visa Card
2024-01-05,Walton Fan,Electronics,252533.0,75601.3,20,3.6,0,305,Mastercard
2024-12-26,Minister Blender,Electronics,194459.84,20157.09,16,3.1,0,341,Cash
2024-10-29,Teer Atta,Groceries,44371.83,11628.99,5,5.0,1,137,Visa Card
2024-05-16,Lux Soap,Personal Care,1793.63,348.31,1,4.1,0,155,Cash
2024-01-19,Olympic Biscuit,Snacks,88069.01,14065.39,6,4.9,0,269,Nagad
2024-07-18,Bombay Sweets Chanachur,Snacks,13612.99,2593.85,1,2.5,0,186,Rocket
2024-03-25,Walton Fridge,Electronics,20698.31,5108.42,6,2.8,0,440,Cash
2025-04-14,ACI Salt,Groceries,274781.89,83297.43,17,3.3,1,52,Mastercard
2024-11-16,Easy Fashion Shirt,Fashion,14449.83,3752.74,3,3.0,0,376,bKash
2024-09-28,Navana Helmet,Automotive,28288.73,8948.23,2,4.5,0,153,Mastercard
2024-09-30,Minister Blender,Electronics,27493.64,3138.4,5,3.9,1,488,Mastercard
2024-12-09,ACI Salt,Groceries,44856.49,10531.58,9,3.1,0,475,bKash
2024-03-27,Singer Rice Cooker,Electronics,117348.89,10820.2,16,4.8,0,364,Cash
2024-01-06,Easy Fashion Shirt,Fashion,54718.83,15980.35,5,4.9,0,164,bKash
2025-04-30,Vision TV,Electronics,46195.67,12453.83,7,2.5,0,178,Cash
2024-05-04,Bombay Sweets Chanachur,Snacks,34217.19,4294.26,9,4.4,0,386,Visa Card
2024-10-28,Bata School Shoe,Fashion,56431.46,8997.85,13,3.5,0,291,Mastercard
2025-02-08,Olympic Biscuit,Snacks,165571.7,54687.35,15,3.8,0,231,bKash
2025-02-20,Minister Blender,Electronics,35274.94,9559.41,4,4.9,0,445,Mastercard
2024-03-21,Navana Helmet,Automotive,25030.74,3604.81,3,3.9,0,471,Rocket
2024-02-07,Fresh Soybean Oil,Groceries,190728.82,50650.1,14,2.9,1,467,Visa Card
2025-01-01,Fresh Milk,Dairy,166737.1,24764.04,17,4.7,0,178,Nagad
2024-05-02,Olympic Biscuit,Snacks,10289.87,1275.21,4,5.0,0,103,bKash
2024-06-29,Easy Fashion Shirt,Fashion,16688.92,5696.67,16,3.7,0,250,Visa Card
2024-02-05,Akij Cement,Construction,132974.77,19734.86,18,3.4,0,222,Mastercard
2024-06-09,Pran Noodles,Groceries,98345.41,28642.94,10,3.6,0,42,Mastercard
2024-02-07,Teer Atta,Groceries,71422.08,24350.48,5,3.9,1,483,Cash
2025-04-24,Singer Rice Cooker,Electronics,10404.64,1172.27,5,4.6,0,154,Nagad
2024-11-28,Kazi Farms Chicken,Frozen Food,24691.03,7041.83,20,2.9,1,333,Nagad
2024-04-29,Bata School Shoe,Fashion,84808.31,19054.97,18,3.0,0,435,bKash
2024-08-29,Navana Helmet,Automotive,14817.54,3777.76,4,3.4,0,375,Rocket
2024-04-02,RFL Chair,Furniture,169670.19,49035.59,20,4.7,0,478,bKash
2024-04-05,Fresh Soybean Oil,Groceries,299337.47,24915.24,20,4.6,0,179,Mastercard
2024-02-18,Bata School Shoe,Fashion,79834.84,23086.16,15,4.1,0,349,Visa Card
2025-04-09,Walton Fridge,Electronics,190109.72,19222.6,19,4.7,0,251,Nagad
2025-01-30,Fresh Milk,Dairy,106090.79,10754.19,18,4.8,1,118,Cash
2024-06-19,Lux Soap,Personal Care,213904.76,63693.12,18,2.9,0,500,bKash
2025-05-08,Olympic Biscuit,Snacks,14167.22,2630.99,2,3.2,1,178,Cash
2024-03-01,Singer Rice Cooker,Electronics,39907.56,10843.32,14,3.3,1,437,Mastercard
2025-04-05,Fresh Soybean Oil,Groceries,10821.71,3139.49,2,4.5,0,49,bKash
2024-07-02,Singer Rice Cooker,Electronics,7546.1,1583.45,1,2.7,0,160,bKash
2024-08-21,Olympic Biscuit,Snacks,28076.91,4260.48,2,4.7,0,458,bKash
2024-02-09,Teer Atta,Groceries,1270.4,121.76,9,4.0,0,328,bKash
2024-12-21,Teer Atta,Groceries,137565.6,13496.73,9,2.5,0,490,Visa Card
2025-03-27,Kazi Farms Chicken,Frozen Food,11085.39,2712.54,2,3.6,0,109,Nagad
2024-12-29,Bashundhara Tissue,Household,40934.2,5071.43,9,2.6,0,255,Rocket
2024-03-13,Kazi Farms Chicken,Frozen Food,2718.4,478.84,2,3.4,0,160,Mastercard
2025-05-13,Kazi Farms Chicken,Frozen Food,11506.84,3587.69,1,3.9,1,376,Rocket
2024-03-16,Bata School Shoe,Fashion,78078.88,21847.64,13,4.6,0,338,Rocket
2024-10-22,Minister Blender,Electronics,4117.78,480.74,19,4.2,0,122,Mastercard
2024-04-16,Lux Soap,Personal Care,15154.79,2237.8,9,4.2,0,199,Mastercard
2025-02-03,Walton Fan,Electronics,143570.42,31415.14,9,4.6,1,355,bKash
2024-02-19,ACI Salt,Groceries,19764.21,3798.75,3,4.3,0,426,bKash
2024-10-09,Aarong Panjabi,Fashion,64426.1,11720.18,12,3.2,0,366,Cash
2024-09-30,Bata School Shoe,Fashion,17065.71,1780.69,4,3.5,1,374,Cash
2024-12-07,Fresh Milk,Dairy,127016.07,28053.48,8,3.6,0,452,Cash
2024-07-05,Aarong Panjabi,Fashion,155854.59,46079.35,12,4.6,0,75,Mastercard
2024-01-11,Sunsilk Shampoo,Personal Care,171471.74,26172.24,15,3.0,0,145,Rocket
2024-11-15,Bata School Shoe,Fashion,177615.75,26586.1,19,3.9,0,341,Mastercard
2024-12-30,Square Toiletries Lotion,Personal Care,171899.07,52508.44,11,4.4,1,469,Mastercard
2024-05-17,Bashundhara Tissue,Household,175077.55,55098.76,12,3.0,1,329,Nagad
2025-04-17,Vision TV,Electronics,9953.45,2773.34,1,3.9,0,466,Mastercard
2025-01-02,ACI Salt,Groceries,5092.84,1114.83,2,2.7,0,249,Nagad
2024-01-13,Sunsilk Shampoo,Personal Care,37570.88,3159.95,10,3.5,0,201,Cash
2024-07-09,Fresh Soybean Oil,Groceries,69500.68,13397.18,10,3.9,0,46,Nagad
2024-05-08,Vision TV,Electronics,39934.37,6132.98,19,3.5,1,40,Rocket
2025-02-04,Pran Mango Juice,Beverages,47454.43,12257.88,19,4.3,1,330,Visa Card
2024-02-15,Akij Cement,Construction,35305.43,4777.25,12,4.6,1,367,Rocket
2024-01-26,Aarong Panjabi,Fashion,69057.66,20119.66,5,2.7,0,383,Mastercard
2024-04-18,Teer Atta,Groceries,141344.11,41485.86,13,4.3,0,373,Cash
2024-03-21,Easy Fashion Shirt,Fashion,5530.95,1801.92,1,4.0,0,406,Cash
2024-07-30,Sunsilk Shampoo,Personal Care,51164.31,10988.88,20,3.8,0,414,Mastercard
2024-02-05,Akij Cement,Construction,24412.12,5819.73,19,2.8,0,356,Visa Card
2024-07-26,Square Toiletries Lotion,Personal Care,109526.24,23741.0,10,3.2,0,371,Rocket
2024-11-26,Pran Mango Juice,Beverages,135672.45,45082.11,19,4.8,0,491,Visa Card
2024-12-04,Teer Atta,Groceries,65499.05,8712.8,8,2.5,1,464,bKash
2025-03-22,Singer Rice Cooker,Electronics,64365.98,15805.57,13,4.4,0,79,Mastercard
2025-02-20,ACI Salt,Groceries,57491.96,17311.99,11,3.9,0,482,Rocket
2025-01-17,Square Toiletries Lotion,Personal Care,74013.25,23785.92,16,4.5,0,256,Mastercard
2024-10-08,Fresh Milk,Dairy,55863.89,19349.48,13,5.0,1,85,Nagad
2024-11-15,Square Toiletries Lotion,Personal Care,262653.8,55405.99,20,2.9,1,458,Cash
2024-02-15,Vision TV,Electronics,12979.42,2705.28,3,4.7,0,431,bKash
2025-03-22,Akij Cement,Construction,276345.64,27893.59,18,4.2,0,278,bKash
2024-09-30,Easy Fashion Shirt,Fashion,229767.99,38189.6,20,2.7,0,110,bKash
2025-05-15,Bombay Sweets Chanachur,Snacks,3043.05,926.77,4,3.3,0,372,Rocket
2024-06-13,Square Toiletries Lotion,Personal Care,116496.31,14742.69,18,2.5,0,296,bKash
2024-10-24,Vision TV,Electronics,138412.91,16250.79,18,4.0,0,252,bKash
2024-12-12,Pran Noodles,Groceries,156639.37,13762.14,16,3.1,0,31,Rocket
2024-09-17,Bombay Sweets Chanachur,Snacks,176423.78,61206.05,15,4.9,1,429,Rocket
2024-07-03,Akij Cement,Construction,10397.1,2116.72,3,3.7,0,313,bKash
2025-03-06,Pran Mango Juice,Beverages,93177.87,10447.29,13,2.5,1,344,Visa Card
2024-11-25,Singer Rice Cooker,Electronics,6139.72,1390.75,6,4.8,0,56,Rocket
2024-10-16,Teer Atta,Groceries,61758.29,14795.81,5,3.6,0,37,Rocket
2025-03-12,Walton Fan,Electronics,46498.74,10802.2,14,4.5,0,410,Cash
2025-02-01,Fresh Soybean Oil,Groceries,37995.98,10018.29,12,4.8,0,400,Visa Card
2024-08-22,Square Toiletries Lotion,Personal Care,205337.3,56114.0,18,4.8,0,462,Nagad
2025-03-08,Bashundhara Tissue,Household,154905.51,29657.37,10,3.3,0,373,Cash
2024-09-15,Bombay Sweets Chanachur,Snacks,102237.08,20317.07,12,2.8,0,79,Cash
2024-03-08,Akij Cement,Construction,46385.66,5853.16,12,2.6,0,445,bKash
2024-03-20,Bombay Sweets Chanachur,Snacks,121400.2,36726.72,17,4.9,0,471,Cash
2024-01-02,Walton Fan,Electronics,181204.57,43210.2,16,4.8,0,476,Rocket
2024-06-23,Easy Fashion Shirt,Fashion,4383.58,1369.42,3,5.0,0,219,Rocket
2024-06-20,Lux Soap,Personal Care,11541.06,1507.17,1,3.9,0,35,Rocket
2024-03-21,Pran Noodles,Groceries,8959.92,1192.62,4,4.6,0,191,Visa Card
2024-04-02,Vision TV,Electronics,160303.61,47893.78,12,4.6,0,432,Mastercard
2024-08-04,Navana Helmet,Automotive,191009.57,41370.88,14,4.2,0,177,Visa Card
2025-05-03,Dettol Handwash,Personal Care,237154.04,72598.07,16,4.8,0,463,bKash
2024-11-20,Akij Cement,Construction,46303.79,4759.02,4,4.3,0,307,Cash
2024-12-08,Aarong Panjabi,Fashion,25958.76,7750.76,2,3.7,0,374,Cash
2024-08-20,Teer Atta,Groceries,172008.82,42804.32,18,4.7,0,351,Mastercard
2025-03-08,Teer Atta,Groceries,168461.43,48800.76,19,4.5,0,453,Nagad
2024-06-11,Minister Blender,Electronics,89862.91,23549.39,8,4.3,0,278,bKash
2025-03-08,Walton Fridge,Electronics,220240.15,26871.83,20,2.9,0,71,Cash
2024-01-05,Lux Soap,Personal Care,42174.09,7796.24,10,3.9,0,452,Nagad
2024-05-14,Fresh Milk,Dairy,84563.59,19436.43,15,3.4,1,182,Visa Card
2024-01-03,Lux Soap,Personal Care,43707.64,6189.7,7,3.1,0,236,bKash
2024-08-08,Easy Fashion Shirt,Fashion,112515.92,18111.23,7,3.5,0,329,Mastercard
2024-08-27,Bata School Shoe,Fashion,108192.51,35452.19,10,3.6,1,449,Cash
2024-12-02,Bata School Shoe,Fashion,287900.57,65723.4,20,4.5,0,311,Rocket
2024-12-30,Bashundhara Tissue,Household,7483.6,716.16,2,4.9,0,341,Mastercard
2025-03-25,Pran Noodles,Groceries,11578.89,2579.76,10,4.6,1,362,bKash
2025-03-11,RFL Chair,Furniture,12669.57,2675.75,7,4.6,0,158,Cash
2024-03-29,Fresh Milk,Dairy,76177.29,18897.66,8,4.1,0,71,bKash
2024-09-05,Sunsilk Shampoo,Personal Care,16017.24,4732.31,14,3.3,1,493,Mastercard
2024-01-04,Dettol Handwash,Personal Care,213738.89,31011.35,17,3.7,0,258,Cash
2024-05-30,ACI Salt,Groceries,35582.51,8272.54,4,3.6,1,160,Visa Card
2025-01-21,Bombay Sweets Chanachur,Snacks,37905.26,5438.13,19,4.7,0,267,bKash
2025-01-14,Bata School Shoe,Fashion,5526.35,1269.51,10,4.1,1,254,Nagad
2024-04-18,Fresh Soybean Oil,Groceries,71546.16,11104.49,12,3.2,1,242,bKash
2024-12-23,Sunsilk Shampoo,Personal Care,93231.33,26369.5,7,2.8,1,271,Cash
2024-04-23,Fresh Soybean Oil,Groceries,117461.13,21463.07,12,3.0,0,15,Mastercard
2024-05-24,Pran Mango Juice,Beverages,209098.41,38239.16,16,2.8,0,474,Visa Card
2025-04-22,Square Toiletries Lotion,Personal Care,102776.42,24886.67,9,4.1,0,16,Rocket
2024-09-25,Vision TV,Electronics,8399.15,860.9,5,3.0,0,418,Nagad
2024-06-14,Kazi Farms Chicken,Frozen Food,14478.12,2634.47,9,3.9,0,274,Cash
2024-07-18,Bashundhara Tissue,Household,37357.56,6910.94,14,3.1,1,106,bKash
2024-12-18,Aarong Panjabi,Fashion,22229.64,7035.84,7,2.6,1,284,bKash
2024-11-08,Dettol Handwash,Personal Care,56615.45,14061.27,4,3.4,0,124,Cash
2024-12-30,Fresh Milk,Dairy,27374.93,3900.34,2,3.7,0,152,bKash
2024-01-07,Minister Blender,Electronics,101815.82,27722.41,8,2.7,0,425,Cash
2025-03-22,Aarong Panjabi,Fashion,48556.26,9458.53,4,4.4,0,136,Nagad
2025-03-07,Lux Soap,Personal Care,37388.56,10774.0,4,4.0,1,394,Rocket
2025-01-21,Vision TV,Electronics,110655.8,32002.51,9,3.8,0,312,Rocket
2024-11-05,ACI Salt,Groceries,15125.67,3710.43,7,4.9,0,290,bKash
2024-02-10,Bashundhara Tissue,Household,19001.26,4492.31,6,3.4,0,367,Rocket
2024-06-23,Square Toiletries Lotion,Personal Care,35188.64,7452.25,3,3.1,0,191,Rocket
2024-11-22,ACI Salt,Groceries,7096.41,2460.97,1,3.0,0,271,Visa Card
2024-05-22,Bata School Shoe,Fashion,66571.39,16140.92,7,3.2,0,388,Cash
2024-07-17,Bata School Shoe,Fashion,5500.78,1322.59,1,2.7,0,496,bKash
2024-12-16,Walton Fan,Electronics,9550.27,910.68,4,4.3,0,58,Cash
2025-03-11,Fresh Soybean Oil,Groceries,22472.37,4346.42,9,3.7,0,286,Mastercard
2024-08-25,Bashundhara Tissue,Household,82403.38,27801.39,14,5.0,0,378,Visa Card
2024-06-21,ACI Salt,Groceries,11838.56,2842.49,1,4.4,1,134,bKash
2024-04-21,Bashundhara Tissue,Household,4268.98,349.11,3,4.1,0,239,Mastercard
2025-03-28,ACI Salt,Groceries,1009.45,93.49,4,3.7,0,292,Nagad
2024-12-26,Navana Helmet,Automotive,7344.71,1757.35,1,2.7,0,459,Nagad
2024-08-07,Lux Soap,Personal Care,217060.23,22323.69,19,4.9,0,355,Cash
2025-04-20,Olympic Biscuit,Snacks,62247.28,15358.33,18,4.0,0,444,Rocket
2024-02-13,Aarong Panjabi,Fashion,102777.4,23285.53,13,4.4,0,278,Rocket
2024-03-06,Easy Fashion Shirt,Fashion,154207.57,46191.45,14,4.6,0,159,bKash
2024-08-21,Olympic Biscuit,Snacks,3065.88,270.01,6,4.1,0,303,bKash
2025-04-23,Minister Blender,Electronics,23297.36,6170.64,10,2.8,0,123,Visa Card
2024-06-11,Minister Blender,Electronics,66655.73,11239.07,16,3.9,0,434,bKash
2024-01-16,Walton Fan,Electronics,28047.93,3039.3,19,4.3,0,73,bKash
2024-06-21,Square Toiletries Lotion,Personal Care,105116.51,10060.29,15,2.7,0,270,Cash
2024-06-20,Kazi Farms Chicken,Frozen Food,2384.3,400.88,3,3.7,0,11,bKash
2024-12-07,Sunsilk Shampoo,Personal Care,36920.26,7517.06,3,3.9,1,339,Mastercard
2024-04-17,Olympic Biscuit,Snacks,37731.25,5970.27,13,3.2,0,104,Visa Card
2025-01-31,Fresh Soybean Oil,Groceries,94677.6,8225.5,6,4.4,0,205,Mastercard
2024-08-22,Aarong Panjabi,Fashion,24800.49,4678.29,7,4.6,0,13,Rocket
2024-05-06,Bata School Shoe,Fashion,38248.86,6803.87,3,4.2,0,130,Mastercard
2024-04-20,Singer Rice Cooker,Electronics,47292.6,10515.18,14,4.7,0,166,Cash
2025-02-05,Vision TV,Electronics,86651.13,14868.64,6,4.2,1,383,Nagad
2024-03-26,Kazi Farms Chicken,Frozen Food,7128.88,814.69,13,3.7,0,38,Visa Card
2024-12-24,Olympic Biscuit,Snacks,5898.16,1049.77,1,2.7,0,488,Mastercard
2024-08-20,Singer Rice Cooker,Electronics,59774.41,17319.06,15,4.5,0,84,Nagad
2024-08-13,Vision TV,Electronics,45624.45,15936.72,3,3.8,1,347,Cash
2025-03-23,Aarong Panjabi,Fashion,65173.71,22174.33,5,2.7,0,100,Nagad
2024-11-20,Vision TV,Electronics,14257.76,2575.63,2,3.2,0,208,Nagad
2024-11-08,Navana Helmet,Automotive,133943.25,40563.37,14,4.2,0,305,Rocket
2024-06-12,Lux Soap,Personal Care,64886.56,12070.0,15,4.0,1,448,Mastercard
2025-04-13,Pran Noodles,Groceries,209790.82,47002.49,16,4.1,0,150,Nagad
2024-04-07,Lux Soap,Personal Care,211459.61,57913.53,18,4.2,0,91,Cash
2024-11-04,RFL Chair,Furniture,271093.22,30256.64,17,3.3,0,396,Mastercard
2025-03-29,Bata School Shoe,Fashion,65627.33,10886.06,7,3.2,0,259,Mastercard
2024-06-11,ACI Salt,Groceries,40226.48,4395.34,4,4.8,0,199,bKash
2024-02-02,Square Toiletries Lotion,Personal Care,5347.02,951.95,7,3.3,0,443,Nagad
2025-02-22,Singer Rice Cooker,Electronics,8831.11,2083.57,9,4.2,0,385,bKash
2025-04-06,Fresh Soybean Oil,Groceries,80818.72,15522.81,6,3.5,0,249,Visa Card
2024-11-07,Pran Mango Juice,Beverages,31678.67,9625.16,6,3.8,1,385,Cash
2024-03-03,Lux Soap,Personal Care,124187.28,28205.08,14,3.3,1,422,bKash
2024-08-24,Minister Blender,Electronics,163535.08,50837.03,19,3.1,0,323,bKash
2024-02-22,Walton Fan,Electronics,43079.21,4775.94,11,4.3,1,261,Visa Card
2024-06-19,ACI Salt,Groceries,26788.2,5368.27,3,4.2,0,492,bKash
2025-03-12,Bashundhara Tissue,Household,23864.96,7960.26,18,2.7,1,281,Rocket
2025-03-06,Pran Mango Juice,Beverages,94976.78,10740.58,9,3.0,0,29,Mastercard
2024-06-11,Walton Fan,Electronics,25991.97,6598.59,2,3.0,0,385,Nagad
2025-04-02,Sunsilk Shampoo,Personal Care,43714.02,5560.48,10,4.4,0,62,bKash
2024-12-17,Sunsilk Shampoo,Personal Care,195292.09,39350.99,19,3.8,0,145,Mastercard
2024-10-28,Teer Atta,Groceries,179717.1,34345.69,13,4.5,1,458,Visa Card
2025-01-10,Aarong Panjabi,Fashion,111203.01,35795.08,11,4.1,0,497,Visa Card
2025-05-02,Vision TV,Electronics,37890.68,9984.27,7,3.8,0,363,bKash
2025-01-31,Pran Mango Juice,Beverages,136394.17,36614.08,13,4.3,0,408,Nagad
2024-05-17,Aarong Panjabi,Fashion,19625.4,5025.97,3,4.5,0,137,Visa Card
2024-03-01,RFL Chair,Furniture,13845.77,2144.89,19,3.4,0,50,Nagad
2025-01-04,Fresh Milk,Dairy,15049.05,5146.92,6,4.8,1,142,Mastercard
2024-09-02,Singer Rice Cooker,Electronics,285874.91,84119.23,17,3.8,0,478,Mastercard
2024-01-25,Bombay Sweets Chanachur,Snacks,8335.98,2209.9,3,5.0,0,50,Cash
2024-12-06,Walton Fridge,Electronics,20968.67,4198.87,18,3.2,1,452,Cash
2025-03-27,Kazi Farms Chicken,Frozen Food,203168.0,42910.88,17,4.0,0,104,Rocket
2024-01-12,Aarong Panjabi,Fashion,14322.98,4996.61,6,4.2,0,260,Visa Card
2024-02-19,Pran Mango Juice,Beverages,122514.38,36399.97,15,3.8,0,236,Visa Card
2024-12-15,Dettol Handwash,Personal Care,26121.29,7302.86,14,3.0,0,112,Nagad
2024-08-26,Dettol Handwash,Personal Care,219104.59,44728.87,18,2.5,1,374,bKash
2024-08-26,Dettol Handwash,Personal Care,152731.07,15924.63,15,2.9,0,424,Cash
2025-04-18,RFL Chair,Furniture,23918.55,7809.04,9,3.7,1,211,Nagad
2024-10-26,Minister Blender,Electronics,9234.56,1432.16,1,3.1,0,418,bKash
2025-05-03,Singer Rice Cooker,Electronics,65164.94,19729.33,20,2.6,0,200,bKash
2024-10-25,Kazi Farms Chicken,Frozen Food,12170.57,2755.17,2,4.3,0,223,Cash
2024-08-10,Sunsilk Shampoo,Personal Care,148586.44,41216.7,15,3.3,1,472,bKash
2024-12-23,Akij Cement,Construction,61952.12,13629.41,4,4.3,0,156,Rocket
2024-10-08,Easy Fashion Shirt,Fashion,149063.37,50790.01,13,3.5,0,467,Rocket
2024-06-15,ACI Salt,Groceries,141444.46,46642.93,17,3.3,0,295,Visa Card
2024-10-19,Navana Helmet,Automotive,965.27,271.15,1,3.4,0,423,Cash
2024-05-12,Walton Fan,Electronics,60762.21,18757.24,6,4.5,0,368,Visa Card
2024-10-26,Square Toiletries Lotion,Personal Care,184048.31,52943.62,12,4.1,0,199,bKash
2025-01-05,Minister Blender,Electronics,30799.21,4702.04,6,4.8,1,34,Nagad
2024-02-04,Lux Soap,Personal Care,177381.04,29027.14,17,2.9,0,346,Cash
2024-04-02,Teer Atta,Groceries,10758.27,3089.6,5,4.6,0,67,bKash
2025-03-12,Minister Blender,Electronics,75388.4,6759.49,9,4.1,0,485,Cash
2024-07-02,Fresh Soybean Oil,Groceries,34826.15,5862.56,4,2.6,0,300,Visa Card
2024-04-27,ACI Salt,Groceries,92927.24,15319.83,18,3.7,1,197,Rocket
2024-06-01,Akij Cement,Construction,101006.09,26783.95,13,3.1,0,17,Nagad
2024-12-30,Singer Rice Cooker,Electronics,136307.56,18083.09,16,4.5,0,333,Mastercard
2024-05-15,Walton Fridge,Electronics,7914.04,1800.91,3,2.9,0,299,bKash
2025-01-07,Walton Fan,Electronics,77752.89,19475.42,8,4.1,1,323,bKash
2024-03-19,Akij Cement,Construction,102186.22,29370.52,10,4.9,0,170,Rocket
2025-02-24,Lux Soap,Personal Care,89086.3,18238.58,11,3.1,0,272,Nagad
2024-10-08,Walton Fan,Electronics,108286.04,18375.84,8,4.9,0,148,Nagad
2024-02-11,Dettol Handwash,Personal Care,49202.46,15100.16,13,4.1,0,354,Mastercard
2025-01-12,Bombay Sweets Chanachur,Snacks,61204.99,18812.96,19,3.0,1,88,Rocket
2024-02-22,Walton Fridge,Electronics,242815.21,48349.17,17,3.7,0,325,Nagad
2025-01-01,Lux Soap,Personal Care,26640.28,7157.75,11,2.7,0,65,Rocket
2024-08-22,Kazi Farms Chicken,Frozen Food,13713.24,4450.74,7,3.9,1,393,Rocket
2024-04-24,ACI Salt,Groceries,9945.91,1587.66,1,3.2,0,147,bKash
2024-07-11,Singer Rice Cooker,Electronics,9926.0,1495.95,14,4.0,0,457,Nagad
2024-12-02,Fresh Soybean Oil,Groceries,68029.55,10730.47,15,3.6,0,458,bKash
2025-01-31,Minister Blender,Electronics,76657.57,7357.98,11,3.6,0,200,Mastercard
2024-01-22,Bashundhara Tissue,Household,38411.79,11255.54,6,3.4,1,325,Mastercard
2024-01-12,Lux Soap,Personal Care,232187.04,49521.66,18,4.0,0,408,Cash
2024-02-23,Walton Fan,Electronics,87024.06,29923.28,6,4.2,0,363,Nagad
2024-09-21,Fresh Milk,Dairy,39354.95,11391.52,6,3.6,0,223,Rocket
2025-03-27,Akij Cement,Construction,232080.4,65720.89,20,2.8,0,387,Visa Card
2024-05-26,Lux Soap,Personal Care,245954.31,73082.25,19,3.8,0,18,Visa Card
2024-12-13,Singer Rice Cooker,Electronics,88246.77,14956.94,15,3.7,0,86,Cash
2024-03-14,Easy Fashion Shirt,Fashion,106079.03,29281.05,20,3.7,0,333,Visa Card
2025-04-11,Navana Helmet,Automotive,32615.48,10867.29,6,4.4,0,299,Nagad
2024-05-11,ACI Salt,Groceries,1758.13,170.43,8,3.3,0,271,bKash
2024-06-25,ACI Salt,Groceries,193290.61,62289.52,17,3.0,0,398,Visa Card
2025-01-15,Minister Blender,Electronics,128787.13,20595.25,11,3.3,0,294,bKash
2024-07-31,Akij Cement,Construction,236842.03,30588.27,17,4.4,0,139,Visa Card
2025-02-21,Bombay Sweets Chanachur,Snacks,65008.95,12167.92,12,3.7,1,232,Mastercard
2024-12-09,RFL Chair,Furniture,15211.89,3172.84,2,4.2,0,429,bKash
2024-08-15,Bashundhara Tissue,Household,12560.04,1749.79,1,2.8,0,84,Visa Card
2024-11-24,Fresh Soybean Oil,Groceries,60558.81,14871.3,15,4.5,0,417,bKash
2024-10-12,Aarong Panjabi,Fashion,5311.81,1781.56,1,4.1,0,285,Mastercard
2024-07-29,Walton Fridge,Electronics,110252.74,35468.42,11,3.7,0,290,Mastercard
2024-03-13,RFL Chair,Furniture,138414.22,25234.47,20,4.3,0,35,Cash
2025-05-14,Fresh Soybean Oil,Groceries,64585.73,9562.05,12,2.7,0,147,Rocket
2025-03-13,Bashundhara Tissue,Household,76403.76,7034.15,6,2.9,0,296,Mastercard
2024-02-08,Aarong Panjabi,Fashion,19873.31,2492.2,7,4.9,0,465,Rocket
2025-04-01,Teer Atta,Groceries,45736.24,13110.29,18,3.9,0,13,Cash
2024-07-07,Fresh Soybean Oil,Groceries,10939.98,2643.37,12,3.1,0,491,bKash
2024-08-23,Aarong Panjabi,Fashion,17981.03,5333.87,12,2.8,0,164,Visa Card
2024-10-27,Easy Fashion Shirt,Fashion,32164.14,3580.8,3,2.8,0,84,Cash
2024-12-24,Dettol Handwash,Personal Care,21685.19,5164.02,4,4.9,0,210,Visa Card
2024-10-04,ACI Salt,Groceries,85706.56,28684.19,10,4.1,1,297,Nagad
2024-08-13,Akij Cement,Construction,78107.01,23116.48,20,4.8,0,74,Mastercard
2025-03-13,Dettol Handwash,Personal Care,29079.27,9532.5,4,4.4,0,388,Rocket
2024-08-16,ACI Salt,Groceries,25771.8,4348.33,9,3.7,0,377,Cash
2024-11-07,Bata School Shoe,Fashion,23019.85,5743.99,2,4.8,0,217,Visa Card
2024-03-10,Vision TV,Electronics,17023.51,2084.9,1,4.7,0,299,bKash
2025-04-05,Navana Helmet,Automotive,4079.4,1388.63,2,3.6,0,472,Nagad
2024-05-12,Pran Mango Juice,Beverages,50854.23,11463.58,4,3.9,0,375,Visa Card
2025-02-11,Bashundhara Tissue,Household,11770.51,3032.03,1,3.0,0,391,Rocket
2024-07-01,Navana Helmet,Automotive,90370.21,18351.31,15,4.9,0,145,bKash
2024-07-23,Olympic Biscuit,Snacks,5273.01,974.95,3,3.7,1,253,Cash
2025-02-22,Lux Soap,Personal Care,86917.62,18652.56,17,4.8,1,332,Visa Card
2025-05-09,Bashundhara Tissue,Household,206839.07,46595.63,18,2.7,0,263,Mastercard
2025-01-03,Olympic Biscuit,Snacks,273860.08,90941.05,18,3.5,0,393,Mastercard
2025-03-19,Bata School Shoe,Fashion,51205.05,13638.97,13,3.3,0,169,bKash
2024-05-20,RFL Chair,Furniture,55148.34,6919.5,18,4.6,1,234,Cash
2024-11-25,Singer Rice Cooker,Electronics,160205.48,33758.6,17,4.5,1,174,Rocket
2025-04-11,Aarong Panjabi,Fashion,224161.6,59388.75,16,3.2,1,358,Cash
2024-11-17,Lux Soap,Personal Care,120045.94,38315.69,10,2.8,0,399,Rocket
2024-02-15,Walton Fridge,Electronics,141104.45,25508.98,11,4.0,1,494,Mastercard
2025-05-13,RFL Chair,Furniture,16010.69,4951.07,1,3.8,0,204,bKash
2024-07-25,Teer Atta,Groceries,157735.49,43870.15,19,3.9,0,224,Rocket
2024-08-30,Aarong Panjabi,Fashion,85610.73,16658.06,16,3.7,1,254,Mastercard
2024-10-09,Square Toiletries Lotion,Personal Care,5703.51,877.97,1,3.7,1,186,Visa Card
2024-02-28,Navana Helmet,Automotive,40058.24,5685.19,19,4.7,0,173,Nagad
2024-04-25,Bashundhara Tissue,Household,12114.1,3438.9,1,3.8,0,454,Visa Card
2025-01-27,Dettol Handwash,Personal Care,136075.4,35121.69,11,4.3,0,229,Mastercard
2024-02-24,Easy Fashion Shirt,Fashion,194688.1,56313.99,16,3.3,0,178,Mastercard
2024-11-13,Kazi Farms Chicken,Frozen Food,7370.2,2535.8,2,4.7,0,486,bKash
2024-05-09,Vision TV,Electronics,55515.06,15081.26,6,3.9,0,70,Visa Card
2024-07-18,Sunsilk Shampoo,Personal Care,22801.17,5167.32,5,3.9,0,270,Cash
2024-08-26,Dettol Handwash,Personal Care,59154.74,7531.98,18,2.7,1,383,Cash
2024-03-15,Walton Fridge,Electronics,207902.02,42170.75,13,3.0,1,35,Mastercard
2024-02-23,Minister Blender,Electronics,41555.47,3578.93,17,4.1,0,62,Mastercard
2024-01-26,Easy Fashion Shirt,Fashion,27686.8,3538.81,2,4.4,0,343,Rocket
2024-06-14,Walton Fan,Electronics,69493.7,9264.63,7,4.4,0,54,Nagad
2024-02-01,Bombay Sweets Chanachur,Snacks,7500.72,1711.15,2,3.2,0,19,Visa Card
2024-11-07,Walton Fridge,Electronics,9970.36,2869.39,1,4.4,0,334,bKash
2024-04-19,Dettol Handwash,Personal Care,17675.96,1588.84,2,3.2,0,255,Mastercard
2024-12-11,Vision TV,Electronics,53653.47,16376.79,15,3.4,0,139,bKash
2024-03-31,Easy Fashion Shirt,Fashion,81157.93,18578.93,8,3.0,0,331,Rocket
2024-06-18,Navana Helmet,Automotive,151705.51,15682.49,17,3.5,0,75,Cash
2025-01-10,Bata School Shoe,Fashion,21873.61,5321.97,2,4.6,1,306,Nagad
2024-11-09,Vision TV,Electronics,59392.88,14288.89,4,4.9,1,206,bKash
2024-10-24,Minister Blender,Electronics,6123.34,1982.21,5,4.5,0,294,Cash
2025-02-26,Bata School Shoe,Fashion,31341.64,6577.22,8,3.8,0,53,Nagad
2024-11-24,Minister Blender,Electronics,11173.74,3781.86,2,4.2,1,363,Rocket
2025-03-08,ACI Salt,Groceries,40863.93,9459.17,5,3.4,0,315,bKash
2024-04-15,Bombay Sweets Chanachur,Snacks,176611.15,50798.19,16,4.3,1,23,Mastercard
2025-05-04,Walton Fridge,Electronics,10977.42,3794.46,2,4.4,0,39,Rocket
2025-01-31,Aarong Panjabi,Fashion,69632.97,14450.09,13,4.6,0,281,Mastercard
2024-05-05,Bombay Sweets Chanachur,Snacks,15856.77,4358.61,1,4.6,0,89,bKash
2025-01-10,Square Toiletries Lotion,Personal Care,51251.56,8442.51,20,2.6,0,160,Rocket
2025-05-14,Square Toiletries Lotion,Personal Care,30374.92,10501.41,3,3.9,0,409,Mastercard
2025-03-05,Square Toiletries Lotion,Personal Care,30074.77,8265.97,4,4.0,1,210,bKash
2024-10-03,Dettol Handwash,Personal Care,138281.28,45046.54,12,4.7,0,34,Nagad
2025-02-21,Olympic Biscuit,Snacks,55485.44,8817.27,19,4.8,0,206,Visa Card
2024-02-16,Fresh Milk,Dairy,9223.15,1517.66,2,2.7,1,30,Nagad
2024-02-15,Easy Fashion Shirt,Fashion,9412.8,2453.85,2,4.8,0,364,Nagad
2025-01-07,Teer Atta,Groceries,67978.27,17487.89,5,4.7,0,211,Cash
2024-08-24,Bata School Shoe,Fashion,29684.92,4400.91,9,4.5,1,209,Cash
2024-07-20,Dettol Handwash,Personal Care,55598.38,10328.32,9,2.6,1,44,bKash
2024-06-12,Easy Fashion Shirt,Fashion,19377.67,5902.46,2,4.2,0,183,Cash
2024-09-24,Teer Atta,Groceries,19701.69,3262.46,4,2.7,0,204,Cash
2024-11-08,Sunsilk Shampoo,Personal Care,39728.34,3870.02,4,4.3,0,308,Mastercard
2024-03-30,Sunsilk Shampoo,Personal Care,9684.84,1438.5,3,3.8,0,50,Visa Card
2024-07-14,Bata School Shoe,Fashion,1839.81,152.4,2,3.3,0,497,Mastercard
2024-02-21,Dettol Handwash,Personal Care,69269.67,15395.6,5,2.9,1,80,bKash
2024-05-12,Bashundhara Tissue,Household,117129.6,19680.62,8,4.1,1,290,Rocket
2024-03-08,Sunsilk Shampoo,Personal Care,12561.53,1441.14,3,4.4,0,84,Nagad
2024-08-20,Aarong Panjabi,Fashion,17099.91,3594.53,2,4.7,0,42,Nagad
2024-08-09,Square Toiletries Lotion,Personal Care,220304.48,58414.36,17,4.9,0,191,Mastercard
2025-05-14,Easy Fashion Shirt,Fashion,7548.05,2322.45,1,3.1,1,500,Cash
2024-02-04,Kazi Farms Chicken,Frozen Food,70201.69,12489.95,9,3.2,0,283,Cash
2024-03-21,Easy Fashion Shirt,Fashion,10868.89,1665.57,11,2.6,0,475,Visa Card
2024-05-30,Kazi Farms Chicken,Frozen Food,26630.17,7108.0,2,4.4,0,289,bKash
2025-01-22,Pran Mango Juice,Beverages,110716.8,20936.2,7,4.2,1,141,Rocket
2024-02-10,Olympic Biscuit,Snacks,9357.52,1965.92,1,4.9,0,277,bKash
2024-11-23,Lux Soap,Personal Care,68926.07,21176.74,8,3.5,0,79,Rocket
2024-05-30,Minister Blender,Electronics,5080.26,513.86,1,4.7,0,359,Nagad
2025-01-31,Pran Mango Juice,Beverages,22123.29,6926.41,3,4.6,0,376,bKash
2025-01-12,Fresh Soybean Oil,Groceries,142550.5,25643.4,16,3.0,0,13,Mastercard
2024-10-17,Singer Rice Cooker,Electronics,199706.71,53953.71,14,3.8,0,366,Nagad
2025-01-10,Pran Mango Juice,Beverages,69057.27,12043.45,8,3.3,0,419,Nagad
2024-08-30,Square Toiletries Lotion,Personal Care,130288.54,38728.21,13,2.8,0,409,Rocket
2024-07-28,Minister Blender,Electronics,34568.35,7207.0,12,3.0,0,216,Rocket
2024-06-25,Bashundhara Tissue,Household,24009.78,3997.53,5,4.3,1,474,Nagad
2024-11-25,Sunsilk Shampoo,Personal Care,116691.38,12706.65,17,3.0,1,119,bKash
2024-11-29,Bata School Shoe,Fashion,92681.48,24008.43,12,4.8,0,376,Mastercard
2024-03-21,Minister Blender,Electronics,157323.65,14700.52,14,4.7,0,261,bKash
2024-05-12,Walton Fridge,Electronics,142869.91,32594.29,11,3.2,1,462,Mastercard
2024-06-30,Bata School Shoe,Fashion,16768.9,5318.86,2,4.8,1,352,bKash
2024-06-06,Fresh Milk,Dairy,62292.59,18281.59,9,2.7,0,399,Nagad
2024-08-12,Walton Fridge,Electronics,171193.39,59188.47,18,3.5,0,490,Visa Card
2025-01-01,Square Toiletries Lotion,Personal Care,178207.56,26529.44,20,4.3,0,104,Visa Card
2024-02-29,RFL Chair,Furniture,19348.62,6309.69,4,3.2,0,209,Rocket
2025-04-21,Square Toiletries Lotion,Personal Care,48589.14,5517.9,11,3.4,0,417,Nagad
2024-01-22,Olympic Biscuit,Snacks,186307.14,60666.96,17,3.8,0,49,Nagad
2024-11-30,Akij Cement,Construction,132148.98,18825.48,13,5.0,1,391,bKash
2024-10-23,Singer Rice Cooker,Electronics,50764.31,10962.16,19,3.1,0,103,Cash
2024-09-22,Akij Cement,Construction,38850.88,8689.76,3,4.1,0,245,Cash
2024-03-15,Pran Noodles,Groceries,134383.9,28895.46,13,3.1,0,476,Rocket
2024-08-19,Dettol Handwash,Personal Care,19519.86,2664.41,15,4.1,0,440,Cash
2024-03-04,Teer Atta,Groceries,94994.09,24138.55,8,2.7,1,158,Cash
2025-04-09,Bashundhara Tissue,Household,128454.2,21099.96,20,4.8,1,498,bKash
2025-05-11,Singer Rice Cooker,Electronics,17470.15,1838.03,12,3.7,1,45,bKash
2025-01-31,RFL Chair,Furniture,63053.89,8666.21,5,4.6,0,430,Mastercard
2024-12-24,Fresh Milk,Dairy,126997.72,30850.72,11,3.6,1,384,Mastercard
2024-12-24,Sunsilk Shampoo,Personal Care,21038.2,3447.05,8,4.7,0,410,Cash
2025-04-10,Walton Fan,Electronics,10048.01,3056.31,4,3.1,1,487,Visa Card
2025-03-08,Vision TV,Electronics,69196.07,14836.66,11,3.9,0,427,Visa Card
2025-04-29,Fresh Soybean Oil,Groceries,231155.42,67881.95,17,4.2,0,239,Visa Card
2024-01-27,Bata School Shoe,Fashion,211605.73,56518.42,13,2.7,1,250,Rocket
2024-05-11,Olympic Biscuit,Snacks,117184.84,27888.32,9,3.4,0,40,Mastercard
2024-04-19,Pran Mango Juice,Beverages,104116.1,14638.18,12,3.5,0,193,Rocket
2024-10-26,Lux Soap,Personal Care,96557.15,23939.91,19,3.4,0,236,Mastercard
2024-09-27,Vision TV,Electronics,144976.1,42727.77,13,4.1,0,412,Mastercard
2024-08-22,Vision TV,Electronics,264216.36,43970.98,20,4.2,1,484,Nagad
2024-05-09,Navana Helmet,Automotive,72130.99,14643.0,7,3.9,0,466,Cash
2025-03-31,Bombay Sweets Chanachur,Snacks,72391.79,22858.43,6,3.7,0,178,Cash
2024-01-29,Pran Mango Juice,Beverages,65661.22,21586.17,17,4.5,0,185,Cash
2024-04-21,Akij Cement,Construction,11721.69,1421.45,13,4.1,1,379,Cash
2025-04-09,ACI Salt,Groceries,204045.72,68310.65,14,4.3,0,114,bKash
2024-11-21,Dettol Handwash,Personal Care,28987.13,10032.39,2,3.8,1,335,Visa Card
2024-06-23,Aarong Panjabi,Fashion,72919.92,12580.21,13,2.7,0,403,Nagad
2024-06-04,Sunsilk Shampoo,Personal Care,68839.56,21571.42,14,4.1,0,241,bKash
2024-05-26,Navana Helmet,Automotive,22319.31,7798.14,18,4.6,1,255,Cash
2024-10-10,Singer Rice Cooker,Electronics,116351.12,34715.49,8,4.8,0,473,Visa Card
2025-04-24,Walton Fan,Electronics,205302.39,33256.81,20,3.2,1,348,bKash
2024-07-27,Minister Blender,Electronics,92512.51,22764.1,17,4.6,0,372,Mastercard
2024-12-10,Fresh Soybean Oil,Groceries,18994.28,3001.47,2,2.6,1,167,Visa Card
2024-11-02,Easy Fashion Shirt,Fashion,204950.91,49389.08,19,3.6,0,404,Cash
2024-04-09,Aarong Panjabi,Fashion,28041.06,3328.71,9,2.7,0,274,Rocket
2024-06-02,Bata School Shoe,Fashion,29032.34,5059.74,6,4.1,0,263,Nagad
2024-07-11,Walton Fridge,Electronics,180428.4,23272.92,16,3.8,0,165,bKash
2025-04-09,Sunsilk Shampoo,Personal Care,32218.01,7727.17,11,2.7,0,428,bKash
2024-02-22,Easy Fashion Shirt,Fashion,7263.09,2106.62,7,3.4,1,487,Nagad
2024-02-09,Teer Atta,Groceries,20548.52,4222.62,6,3.3,0,298,Mastercard
2024-08-11,Lux Soap,Personal Care,44747.23,13398.34,9,3.2,0,271,Rocket
2024-03-20,Lux Soap,Personal Care,89552.45,21067.31,19,3.2,0,154,Visa Card
2024-12-30,Square Toiletries Lotion,Personal Care,108729.95,30588.77,8,3.7,0,42,Visa Card
2024-10-01,RFL Chair,Furniture,97736.56,17141.02,19,4.4,0,279,Mastercard
2024-04-22,Minister Blender,Electronics,168543.26,45510.76,15,2.5,0,85,bKash
2024-11-30,Pran Noodles,Groceries,16165.45,2051.57,8,4.3,1,58,Nagad
2024-08-10,ACI Salt,Groceries,4046.59,394.69,1,3.7,0,356,bKash
2025-01-13,Fresh Milk,Dairy,40562.11,12965.02,13,3.5,0,382,Nagad
2025-01-20,Fresh Milk,Dairy,125818.4,19984.44,19,4.6,0,401,Rocket
2024-06-17,Olympic Biscuit,Snacks,12745.49,3980.74,1,3.5,0,415,Mastercard
2024-10-01,Aarong Panjabi,Fashion,74370.67,14800.44,8,2.6,1,480,Visa Card
2025-05-15,Walton Fan,Electronics,1975.41,397.77,9,2.8,0,35,Rocket
2024-06-18,Bashundhara Tissue,Household,37313.01,9356.79,10,4.7,0,116,Nagad
2024-05-30,Fresh Milk,Dairy,108587.53,17685.57,16,3.1,1,439,Mastercard
2024-06-02,Aarong Panjabi,Fashion,121945.46,30370.48,9,3.0,0,281,Nagad
2024-04-20,Easy Fashion Shirt,Fashion,195151.3,17798.36,18,3.7,1,167,Nagad
2024-08-26,Bombay Sweets Chanachur,Snacks,31667.02,7439.03,2,4.8,0,395,Rocket
2024-07-14,Fresh Milk,Dairy,10223.87,1283.65,3,3.4,0,91,Mastercard
2024-09-24,Dettol Handwash,Personal Care,182797.21,57377.25,13,3.4,0,430,Visa Card
2025-02-13,Olympic Biscuit,Snacks,7013.95,2319.66,18,4.5,0,161,Nagad
2025-03-09,Navana Helmet,Automotive,62351.45,21399.82,13,2.6,1,477,Nagad
2025-04-18,Kazi Farms Chicken,Frozen Food,59183.56,5819.58,8,3.1,0,455,Visa Card
2025-03-02,Kazi Farms Chicken,Frozen Food,36911.54,12758.28,6,3.3,0,307,Nagad
2024-09-16,Aarong Panjabi,Fashion,6360.19,1368.1,1,2.7,0,154,Mastercard
2025-03-11,Fresh Soybean Oil,Groceries,248671.61,71394.85,15,3.8,0,425,bKash
2024-08-30,RFL Chair,Furniture,106735.74,18998.72,13,4.6,0,58,Mastercard
2024-06-02,Walton Fan,Electronics,90383.58,29630.74,6,2.9,0,102,Nagad
2024-11-03,Aarong Panjabi,Fashion,23270.76,3896.42,20,3.7,0,81,bKash
2025-02-10,Teer Atta,Groceries,10143.49,1259.68,1,3.6,0,402,Mastercard
2024-07-24,Vision TV,Electronics,221648.72,48183.74,17,4.3,0,341,Cash
2024-07-03,Lux Soap,Personal Care,110339.48,13529.69,9,3.6,0,139,Rocket
2024-07-21,Minister Blender,Electronics,285967.33,63567.3,19,3.7,0,239,Mastercard
2025-03-28,Akij Cement,Construction,102621.46,26021.61,16,4.3,0,473,Nagad
2024-10-20,Pran Noodles,Groceries,104659.22,14747.79,7,3.0,0,471,Nagad
2024-01-30,Aarong Panjabi,Fashion,1311.26,327.19,5,2.6,1,174,Cash
2024-12-28,Bashundhara Tissue,Household,75515.58,11687.34,20,3.9,0,171,Rocket
2024-09-03,Bata School Shoe,Fashion,174030.83,28968.69,13,2.7,0,411,Rocket
2024-01-28,Square Toiletries Lotion,Personal Care,8693.53,731.14,1,3.1,0,286,Cash
2024-03-07,Aarong Panjabi,Fashion,4683.99,674.73,2,3.6,0,413,Rocket
2024-01-08,Olympic Biscuit,Snacks,40622.27,10244.64,4,3.9,0,265,bKash
2024-09-27,Pran Mango Juice,Beverages,90233.04,22997.47,11,4.7,0,409,Visa Card
2025-03-05,Pran Noodles,Groceries,17507.15,5298.33,11,4.5,0,217,bKash
2024-03-23,Pran Noodles,Groceries,77443.35,10277.13,12,3.1,0,99,Visa Card
2024-05-27,Square Toiletries Lotion,Personal Care,349101.0,41221.51,20,4.6,0,487,Rocket
2024-04-09,Singer Rice Cooker,Electronics,28221.34,7848.47,3,3.9,0,141,Rocket
2024-03-13,Aarong Panjabi,Fashion,170809.64,39905.93,16,3.6,0,172,Rocket
2024-10-15,Bata School Shoe,Fashion,27154.42,4088.52,2,4.0,0,404,Nagad
2024-06-09,Fresh Soybean Oil,Groceries,27843.51,5726.19,3,2.8,0,193,bKash
2024-03-07,Vision TV,Electronics,138480.15,23018.11,10,3.8,0,391,Mastercard
2024-07-14,Aarong Panjabi,Fashion,149895.39,27614.81,12,3.1,1,481,Nagad
2024-06-27,Easy Fashion Shirt,Fashion,15669.25,3725.25,5,4.8,0,270,Mastercard
2025-01-08,Minister Blender,Electronics,2101.31,403.29,14,4.0,0,445,Visa Card
2024-10-04,Fresh Soybean Oil,Groceries,187023.22,37802.85,12,4.9,1,385,Nagad
2024-05-26,Bashundhara Tissue,Household,63479.56,21141.66,6,2.8,0,358,Mastercard
2025-04-07,Bata School Shoe,Fashion,68621.7,17311.0,12,4.0,1,241,bKash
2025-04-13,Sunsilk Shampoo,Personal Care,25814.5,8526.78,12,3.2,0,31,Nagad
2024-09-13,Navana Helmet,Automotive,74410.13,8385.37,15,2.5,1,296,Rocket
2024-08-09,Bashundhara Tissue,Household,77275.58,18318.6,11,3.0,1,156,Nagad
2024-07-20,Akij Cement,Construction,70761.4,12605.25,8,3.8,1,431,Mastercard
2024-01-06,Square Toiletries Lotion,Personal Care,28240.67,5049.02,10,2.7,0,499,Nagad
2025-02-05,Walton Fan,Electronics,88299.03,30774.19,10,4.3,0,391,Mastercard
2025-03-06,ACI Salt,Groceries,47920.73,13612.89,11,3.5,1,102,bKash
2024-11-05,Walton Fan,Electronics,16238.59,3733.03,4,4.4,0,224,Mastercard
2025-04-04,Minister Blender,Electronics,21518.53,6384.8,17,3.8,0,203,Nagad
2024-12-05,Fresh Soybean Oil,Groceries,79021.53,11295.37,14,3.9,0,221,Mastercard
2025-03-20,Bashundhara Tissue,Household,158365.5,38722.93,11,3.4,0,54,Rocket
2025-02-09,Navana Helmet,Automotive,172814.59,25157.34,17,4.3,1,257,Nagad
2024-06-18,Bombay Sweets Chanachur,Snacks,79927.71,25977.62,9,3.5,0,174,Nagad
2024-10-09,Bombay Sweets Chanachur,Snacks,8805.49,1639.58,1,3.5,0,86,Nagad
2025-03-28,Sunsilk Shampoo,Personal Care,50745.59,14799.7,4,3.0,1,263,Nagad
2024-06-28,Bombay Sweets Chanachur,Snacks,14032.96,3771.48,7,4.7,1,332,bKash
2024-01-08,Walton Fridge,Electronics,56387.55,7656.04,5,2.8,0,142,Mastercard
2024-01-20,Square Toiletries Lotion,Personal Care,52460.45,15239.53,7,3.1,0,321,Mastercard
2024-11-24,Sunsilk Shampoo,Personal Care,162355.34,27891.59,14,3.5,0,261,bKash
2024-02-22,Aarong Panjabi,Fashion,60512.81,14978.51,15,3.9,0,152,Rocket
2024-12-16,Bashundhara Tissue,Household,4127.81,1363.32,17,3.7,1,489,Rocket
2024-04-28,Kazi Farms Chicken,Frozen Food,20999.16,5028.69,2,3.9,1,357,bKash
2024-03-13,Sunsilk Shampoo,Personal Care,48270.67,11335.49,10,4.4,0,362,Mastercard
2025-03-21,Bata School Shoe,Fashion,8731.81,899.94,2,3.7,0,231,Cash
2024-06-26,Pran Mango Juice,Beverages,5269.72,944.13,3,2.9,0,96,Cash
2025-02-19,Square Toiletries Lotion,Personal Care,51092.6,12095.82,10,4.6,0,51,bKash
2024-05-12,Pran Mango Juice,Beverages,31993.16,4500.35,5,3.5,0,357,Nagad
2024-01-29,ACI Salt,Groceries,81614.98,9274.22,9,2.6,0,269,Nagad
2024-04-18,Dettol Handwash,Personal Care,69094.6,8336.57,9,4.4,0,368,Visa Card
2024-01-03,Aarong Panjabi,Fashion,119506.87,32845.34,15,3.9,0,407,Cash
2025-04-05,Navana Helmet,Automotive,45959.04,8561.94,16,3.2,1,54,Rocket
2024-01-02,Singer Rice Cooker,Electronics,41217.19,12808.91,20,3.4,0,90,Mastercard
2024-06-24,Walton Fridge,Electronics,120046.56,38128.84,9,2.5,0,423,Cash
2024-11-17,Pran Mango Juice,Beverages,167257.81,41753.61,15,3.9,0,131,Nagad
2025-03-04,Pran Mango Juice,Beverages,173030.91,17021.75,15,4.3,0,277,Mastercard
2024-05-16,Minister Blender,Electronics,7688.77,955.05,18,4.3,1,127,Cash
2025-03-27,Aarong Panjabi,Fashion,146621.93,47916.18,14,3.6,0,163,Mastercard
2024-04-11,Walton Fridge,Electronics,58722.05,10473.02,5,3.2,0,226,Nagad
2024-09-15,Kazi Farms Chicken,Frozen Food,62974.93,17726.93,14,4.9,0,484,Cash
2024-03-26,Aarong Panjabi,Fashion,27984.37,6525.55,12,2.9,0,81,Visa Card
2024-10-30,ACI Salt,Groceries,136058.86,13995.67,12,2.6,0,169,bKash
2024-06-25,Fresh Milk,Dairy,31495.9,10467.95,9,3.0,0,216,Rocket
2024-04-23,Singer Rice Cooker,Electronics,1131.42,265.14,2,2.6,0,259,Rocket
2024-04-17,Walton Fan,Electronics,189358.86,36435.92,20,2.9,1,252,bKash
2024-10-12,Walton Fridge,Electronics,142185.0,21596.79,13,4.9,1,159,Mastercard
2024-10-11,Kazi Farms Chicken,Frozen Food,27143.13,6753.02,10,3.8,0,57,Mastercard
2025-02-25,Akij Cement,Construction,155032.27,17645.0,9,2.8,0,269,Rocket
2024-07-09,Easy Fashion Shirt,Fashion,69966.3,20025.46,7,2.8,0,439,Rocket
2024-02-19,Aarong Panjabi,Fashion,52761.34,16104.59,17,3.6,0,434,Visa Card
2024-06-18,Akij Cement,Construction,174282.68,40895.11,14,4.7,0,261,bKash
2024-06-29,Dettol Handwash,Personal Care,179589.07,28276.13,20,2.7,0,83,Visa Card
2025-04-04,Minister Blender,Electronics,13375.16,3177.89,5,2.5,1,472,Visa Card
2024-06-21,Fresh Milk,Dairy,14160.81,1936.07,5,3.8,0,468,bKash
2024-01-07,Lux Soap,Personal Care,105134.63,23284.74,13,4.3,0,315,Cash
2025-03-31,Walton Fridge,Electronics,98820.02,27340.89,19,4.0,0,352,Rocket
2024-07-02,Kazi Farms Chicken,Frozen Food,14573.31,3652.03,1,4.1,1,104,Mastercard
2024-03-25,Olympic Biscuit,Snacks,159795.29,46920.78,12,4.8,0,179,Cash
2024-05-17,Bata School Shoe,Fashion,42706.65,14783.3,7,4.2,1,449,bKash
2025-04-24,Bashundhara Tissue,Household,95967.91,26297.29,20,2.8,0,119,Cash
2024-08-07,Singer Rice Cooker,Electronics,16756.79,4897.66,2,2.5,0,44,Mastercard
2024-04-16,Bombay Sweets Chanachur,Snacks,103670.75,27352.97,7,4.9,0,121,Mastercard
2024-05-28,Fresh Soybean Oil,Groceries,112598.27,35965.0,19,3.9,0,336,Rocket
2025-05-05,ACI Salt,Groceries,17189.51,2872.58,8,2.8,0,365,Nagad
2024-04-26,Bata School Shoe,Fashion,10855.05,3426.93,13,3.2,0,154,Visa Card
2024-04-14,Sunsilk Shampoo,Personal Care,63986.76,7980.5,4,4.7,1,351,Mastercard
2024-09-26,Akij Cement,Construction,7909.78,2072.73,11,4.7,0,247,Mastercard
2024-07-19,Kazi Farms Chicken,Frozen Food,69445.6,11496.37,10,3.0,0,121,Rocket
2024-07-26,Pran Mango Juice,Beverages,67456.72,22811.94,6,3.9,0,67,bKash
2024-05-17,Walton Fan,Electronics,98000.0,12648.88,7,2.6,0,431,Cash
2024-10-16,Bashundhara Tissue,Household,61884.71,9386.94,4,2.7,0,49,Cash
2025-04-07,Dettol Handwash,Personal Care,103528.71,36111.89,7,4.7,1,463,Cash
2025-04-24,Bata School Shoe,Fashion,129121.29,10992.49,14,5.0,0,72,Mastercard
2024-08-30,Walton Fridge,Electronics,74055.97,10659.71,15,4.1,0,110,Nagad
2024-03-28,Fresh Soybean Oil,Groceries,58531.39,11238.87,5,3.8,0,313,Rocket
2024-12-07,Kazi Farms Chicken,Frozen Food,51106.31,17342.76,5,2.6,0,283,Mastercard
2025-03-21,RFL Chair,Furniture,67883.51,15851.51,4,2.6,0,18,Rocket
2024-05-26,Walton Fan,Electronics,53443.53,8126.08,17,2.9,0,66,Visa Card
2024-01-31,Olympic Biscuit,Snacks,8782.84,2705.11,10,3.9,1,92,bKash
2024-06-30,Square Toiletries Lotion,Personal Care,39653.99,8281.69,13,4.8,0,11,Nagad
2024-02-18,Fresh Soybean Oil,Groceries,162340.3,49639.17,12,4.1,0,476,Nagad
2024-10-13,Bombay Sweets Chanachur,Snacks,157935.85,48671.98,13,3.1,1,466,Nagad
2025-02-28,Fresh Soybean Oil,Groceries,89520.79,26297.8,12,3.7,0,154,Mastercard
2024-07-13,Kazi Farms Chicken,Frozen Food,72548.02,8889.29,16,2.5,0,24,bKash
2024-12-09,ACI Salt,Groceries,167797.86,47758.53,12,4.9,0,465,Visa Card
2024-12-04,Teer Atta,Groceries,203255.71,60629.58,18,3.8,0,122,Nagad
2025-01-21,Bata School Shoe,Fashion,24705.37,6048.15,2,5.0,0,162,Nagad
2025-02-21,Bata School Shoe,Fashion,4126.06,1216.83,2,4.7,0,458,Nagad
2025-01-08,Vision TV,Electronics,146352.94,22645.5,12,4.0,1,197,Cash
2024-06-12,Pran Noodles,Groceries,31137.93,6379.32,10,2.7,0,361,Rocket
2025-01-05,Fresh Soybean Oil,Groceries,15394.46,1848.92,6,4.2,1,223,Nagad
2024-06-07,RFL Chair,Furniture,7414.03,1788.52,4,3.6,0,482,Visa Card
2025-05-13,Akij Cement,Construction,32013.61,10687.82,6,4.1,0,206,Rocket
2024-09-22,Lux Soap,Personal Care,314054.74,58558.59,20,4.3,1,135,bKash
2024-08-20,Kazi Farms Chicken,Frozen Food,5710.73,686.47,13,3.6,1,158,Rocket
2024-01-18,Walton Fan,Electronics,41020.2,9058.62,12,3.8,0,454,Visa Card
2024-03-08,Easy Fashion Shirt,Fashion,56301.85,12706.06,14,2.5,0,295,Rocket
2024-03-29,Pran Noodles,Groceries,149717.26,29685.32,18,3.1,0,320,Rocket
2025-04-11,ACI Salt,Groceries,6628.13,2109.56,1,3.2,0,149,Rocket
2025-01-06,Aarong Panjabi,Fashion,116375.51,15090.39,12,3.2,0,376,Mastercard
2025-02-13,Dettol Handwash,Personal Care,242631.25,48487.69,15,4.7,0,89,Rocket
2024-12-10,ACI Salt,Groceries,42029.42,14210.98,6,4.8,0,377,bKash
2025-05-15,ACI Salt,Groceries,4505.76,1461.67,19,2.8,0,434,Nagad
2024-09-26,Teer Atta,Groceries,7927.41,1354.69,10,3.5,0,468,Rocket
2024-05-25,Singer Rice Cooker,Electronics,34753.94,7192.39,6,2.5,0,385,Cash
2025-02-23,Pran Mango Juice,Beverages,84148.45,20766.36,15,2.9,0,117,bKash
2024-10-09,Easy Fashion Shirt,Fashion,298543.18,35502.72,20,3.5,0,56,Nagad
2024-07-22,Pran Mango Juice,Beverages,35300.36,6482.31,4,4.0,0,314,Mastercard
2024-06-25,Vision TV,Electronics,19858.78,3874.9,2,3.9,1,472,Nagad
2024-05-20,Teer Atta,Groceries,9123.27,1465.12,14,3.3,0,246,Nagad
2024-02-16,Teer Atta,Groceries,227763.74,45982.24,14,4.8,0,413,bKash
2024-03-06,Bombay Sweets Chanachur,Snacks,119589.6,15965.89,7,3.9,0,32,Nagad
2024-11-20,Easy Fashion Shirt,Fashion,47480.3,5541.32,4,4.7,1,426,Nagad
2025-03-09,Singer Rice Cooker,Electronics,185869.15,39514.23,19,2.6,1,303,Visa Card
2024-12-22,Pran Noodles,Groceries,162943.78,38530.06,19,3.4,1,433,Visa Card
2024-07-09,Olympic Biscuit,Snacks,42969.49,10858.73,8,4.7,1,392,Rocket
2024-11-13,Bashundhara Tissue,Household,279970.33,34407.65,20,3.0,0,427,Nagad
2024-10-05,Pran Noodles,Groceries,80163.87,10294.12,7,4.7,1,137,bKash
2024-06-27,Sunsilk Shampoo,Personal Care,125645.36,37515.26,16,4.3,0,473,Rocket
2024-02-19,Pran Noodles,Groceries,19861.45,3311.61,3,2.8,1,340,Rocket
2024-06-13,Aarong Panjabi,Fashion,28012.36,3867.88,3,3.1,0,26,Visa Card
2025-04-01,RFL Chair,Furniture,102517.43,34122.79,9,4.8,0,181,Nagad
2024-04-11,Bata School Shoe,Fashion,12111.62,3949.19,2,3.8,0,412,bKash
2025-05-12,Singer Rice Cooker,Electronics,85272.29,14161.82,15,4.3,1,435,Mastercard
2024-07-13,Minister Blender,Electronics,153787.05,51968.2,16,4.1,0,34,Visa Card
2024-06-28,Minister Blender,Electronics,12366.98,3526.34,1,2.9,1,124,Nagad
2024-02-15,Olympic Biscuit,Snacks,70171.11,18086.91,5,2.9,1,74,Cash
2025-03-08,Pran Noodles,Groceries,12155.49,2410.8,1,3.1,0,327,Mastercard
2025-03-14,Kazi Farms Chicken,Frozen Food,131083.89,28356.36,16,4.9,0,448,Rocket
2024-12-24,Dettol Handwash,Personal Care,6650.65,852.88,1,3.6,0,378,Cash
2025-05-14,Bombay Sweets Chanachur,Snacks,4011.86,699.28,14,3.7,1,497,Nagad
2025-01-05,Sunsilk Shampoo,Personal Care,95427.78,31885.91,9,2.9,0,112,bKash
2025-03-27,Square Toiletries Lotion,Personal Care,209433.03,26734.97,16,2.8,0,132,Cash
2024-12-12,Aarong Panjabi,Fashion,81637.94,25599.14,6,3.0,0,51,Visa Card
2024-01-16,Vision TV,Electronics,105141.91,18319.28,14,3.4,0,479,bKash
2024-08-30,Pran Noodles,Groceries,29041.72,6468.62,7,3.5,0,450,Rocket
2024-09-12,Dettol Handwash,Personal Care,34467.18,12060.36,15,4.9,1,260,Mastercard
2024-08-03,Minister Blender,Electronics,62637.27,20777.05,13,3.0,1,323,Cash
2025-01-09,Dettol Handwash,Personal Care,35409.8,9854.05,3,3.2,0,232,bKash
2024-11-22,Singer Rice Cooker,Electronics,15856.53,5018.07,1,4.2,0,17,Nagad
2025-02-19,Vision TV,Electronics,46169.62,9290.91,5,4.2,0,165,Nagad
2024-01-08,Walton Fan,Electronics,27879.75,4402.97,10,3.6,0,266,Cash
2024-09-10,Sunsilk Shampoo,Personal Care,71758.39,14339.65,16,4.3,0,72,Rocket
2024-12-09,Dettol Handwash,Personal Care,15627.47,2901.43,5,4.0,1,175,Rocket
2024-07-26,Lux Soap,Personal Care,1692.34,356.73,4,4.4,0,495,Mastercard
2024-12-12,Easy Fashion Shirt,Fashion,10317.83,2137.68,4,3.6,0,159,Cash
2024-05-16,Walton Fan,Electronics,60220.04,12273.07,8,2.8,0,29,bKash
2024-09-21,Pran Noodles,Groceries,19510.5,3643.86,2,2.5,0,292,Nagad
2025-03-25,Olympic Biscuit,Snacks,11356.94,1168.14,7,3.9,0,491,bKash
2024-05-12,Pran Mango Juice,Beverages,52181.57,16540.56,7,4.2,0,372,Mastercard
2024-11-19,Vision TV,Electronics,46542.3,4243.12,7,4.6,0,161,Cash
2024-08-08,Akij Cement,Construction,20555.63,6199.65,8,3.1,1,106,Visa Card
2024-10-18,Teer Atta,Groceries,2289.61,465.03,17,4.4,0,304,bKash
2024-09-02,Pran Mango Juice,Beverages,100064.74,16084.93,8,3.3,1,55,Cash
2025-03-13,Walton Fan,Electronics,63981.08,15215.23,5,3.6,1,41,Mastercard
2024-01-30,Bashundhara Tissue,Household,173687.77,54104.95,11,4.0,1,369,Nagad
2025-05-13,Aarong Panjabi,Fashion,1061.25,96.79,2,4.0,0,111,Nagad
2025-05-04,Teer Atta,Groceries,32697.0,3783.21,16,4.7,0,70,Visa Card
2025-03-11,Kazi Farms Chicken,Frozen Food,91418.65,21882.64,8,3.1,1,243,Mastercard
2024-01-11,Pran Mango Juice,Beverages,208995.98,63989.04,15,3.6,0,456,Cash
2025-03-28,Square Toiletries Lotion,Personal Care,259023.87,28577.22,20,4.6,1,498,bKash
2024-03-07,ACI Salt,Groceries,64431.57,16584.32,12,4.8,0,22,Rocket
2024-08-02,Sunsilk Shampoo,Personal Care,122503.82,38397.32,12,3.7,0,98,bKash
2025-03-26,Teer Atta,Groceries,12548.81,2122.41,3,3.7,1,208,Cash
2024-10-21,Square Toiletries Lotion,Personal Care,16209.57,3025.86,12,4.5,1,476,Mastercard
2025-04-10,Singer Rice Cooker,Electronics,73847.75,24937.81,6,4.3,0,254,Rocket
2024-05-14,Vision TV,Electronics,63442.29,6178.75,10,3.8,1,120,Mastercard
2024-06-07,Pran Noodles,Groceries,98385.68,11217.79,7,3.2,1,391,bKash
2025-04-13,Pran Mango Juice,Beverages,31581.05,3043.55,10,3.3,0,113,Mastercard
2025-04-23,RFL Chair,Furniture,127853.05,28134.79,13,2.9,1,255,Nagad
2024-12-26,Lux Soap,Personal Care,19171.24,5067.61,2,4.1,1,314,Rocket
2025-04-03,Lux Soap,Personal Care,286289.46,25587.4,19,3.0,0,236,Cash
2024-02-26,Teer Atta,Groceries,48153.67,11399.32,7,3.3,0,426,Mastercard
2024-04-22,Fresh Milk,Dairy,194997.37,46178.37,14,4.6,0,336,bKash
2024-08-29,Kazi Farms Chicken,Frozen Food,37769.93,5294.96,16,4.3,0,421,Cash
2024-12-13,Bashundhara Tissue,Household,41990.93,13111.12,13,4.4,0,184,Mastercard
2025-01-31,Vision TV,Electronics,49220.49,8655.8,7,3.6,0,445,Mastercard
2025-03-04,Kazi Farms Chicken,Frozen Food,28374.26,4524.44,11,3.1,0,331,Cash
2025-01-02,Walton Fridge,Electronics,155132.83,53598.64,17,3.9,0,377,bKash
2024-10-21,Fresh Soybean Oil,Groceries,60661.42,13784.9,19,4.7,0,196,Visa Card
2024-06-24,Akij Cement,Construction,162834.7,18300.31,15,3.4,0,218,Nagad
2024-09-29,Teer Atta,Groceries,3396.46,759.32,18,3.6,0,416,Nagad
2024-08-10,Vision TV,Electronics,52283.53,9785.09,4,5.0,0,421,Cash
2025-03-30,Olympic Biscuit,Snacks,7075.5,1742.09,2,3.6,1,75,Mastercard
2024-08-22,Navana Helmet,Automotive,19480.0,1911.93,4,5.0,1,132,Nagad
2024-03-10,Lux Soap,Personal Care,4686.94,390.58,3,2.8,0,485,Rocket
2025-01-26,Minister Blender,Electronics,7642.05,1348.51,2,4.7,0,416,bKash
2024-12-16,Singer Rice Cooker,Electronics,2065.15,179.73,9,4.1,1,138,bKash
2024-03-21,Singer Rice Cooker,Electronics,38425.79,3251.09,14,4.4,0,92,Visa Card
2024-03-12,Navana Helmet,Automotive,72983.57,20510.62,9,3.6,0,162,Cash
2024-03-03,Bata School Shoe,Fashion,40792.79,11474.18,4,3.4,0,469,Visa Card
2024-12-09,Kazi Farms Chicken,Frozen Food,18620.26,3629.65,8,3.0,0,356,Rocket
2025-01-25,Pran Noodles,Groceries,20675.76,3606.58,20,3.6,0,132,bKash
2024-09-11,Minister Blender,Electronics,162846.35,53388.04,12,3.8,0,69,Rocket
2025-01-20,Pran Noodles,Groceries,6281.69,1621.66,3,4.4,0,414,Nagad
2025-02-24,Walton Fridge,Electronics,54216.09,15015.03,9,3.1,0,189,Nagad
2024-08-23,Aarong Panjabi,Fashion,150038.3,49735.08,12,2.9,0,183,Mastercard
2024-07-26,Fresh Soybean Oil,Groceries,162373.0,44760.78,19,4.2,0,351,bKash
2024-08-26,Walton Fridge,Electronics,165278.07,49132.39,19,4.1,0,470,bKash
2024-12-11,Fresh Soybean Oil,Groceries,162338.13,55946.24,12,2.7,1,330,Visa Card
2024-04-05,Vision TV,Electronics,52721.6,17433.33,6,3.2,0,321,Cash
2024-09-22,Fresh Milk,Dairy,224970.82,68920.58,16,2.5,0,439,bKash
2025-04-29,Aarong Panjabi,Fashion,209763.16,54304.68,17,3.6,0,379,bKash
2025-03-02,Olympic Biscuit,Snacks,18710.31,5264.51,12,3.9,0,167,Mastercard
2024-09-04,Fresh Soybean Oil,Groceries,9256.52,2833.21,1,2.8,0,388,Cash
2025-04-16,Singer Rice Cooker,Electronics,79312.36,24419.78,16,4.5,0,215,Visa Card
2025-05-03,RFL Chair,Furniture,27349.65,5934.39,2,4.8,1,271,Rocket
2025-02-05,Easy Fashion Shirt,Fashion,25298.15,4359.13,8,4.4,0,449,Visa Card
2024-08-08,Lux Soap,Personal Care,110332.89,26417.02,17,2.6,0,282,Cash
2024-11-20,Singer Rice Cooker,Electronics,2656.97,597.39,10,2.6,1,169,Cash
2024-12-08,Bombay Sweets Chanachur,Snacks,39633.76,5004.15,11,3.2,1,379,Nagad
2024-07-14,Kazi Farms Chicken,Frozen Food,116351.39,22234.55,16,4.8,0,57,Mastercard
2024-01-17,Teer Atta,Groceries,55167.17,15813.71,15,2.6,1,137,Cash
2024-05-27,Vision TV,Electronics,14065.47,4694.97,10,2.7,0,422,Nagad
2025-05-04,Lux Soap,Personal Care,12192.21,3568.78,2,3.2,0,319,Cash
2024-04-06,Bashundhara Tissue,Household,25688.17,6212.91,3,2.8,0,417,Visa Card
2024-10-14,Fresh Milk,Dairy,72008.41,7712.49,7,3.0,0,117,Nagad
2024-03-07,Fresh Soybean Oil,Groceries,13489.15,1503.04,2,4.7,0,216,Rocket
2025-05-04,Pran Noodles,Groceries,61109.87,17611.54,6,3.6,0,62,Rocket
2024-10-19,Navana Helmet,Automotive,103717.02,32733.98,15,5.0,0,121,Nagad
2025-04-21,Walton Fridge,Electronics,23635.41,4170.44,13,2.7,0,160,Cash
2024-03-07,Dettol Handwash,Personal Care,10196.55,1925.43,8,5.0,0,86,Mastercard
2024-05-23,Fresh Milk,Dairy,47241.72,16052.61,14,4.1,0,260,Mastercard
2024-03-08,Fresh Soybean Oil,Groceries,6934.4,1362.77,1,3.0,1,103,Cash
2024-11-25,Pran Noodles,Groceries,9851.64,2545.65,6,4.2,0,273,Visa Card
2024-01-27,Walton Fan,Electronics,171204.01,20599.21,17,2.7,1,268,Mastercard
2024-01-07,Singer Rice Cooker,Electronics,115176.42,31329.4,13,3.0,0,106,bKash
2025-05-05,Minister Blender,Electronics,67368.59,20823.82,6,3.1,0,475,bKash
2024-01-01,Olympic Biscuit,Snacks,99452.75,16472.79,8,3.7,0,287,bKash
2024-08-12,Easy Fashion Shirt,Fashion,40791.43,9385.23,6,4.6,0,186,Nagad
2024-02-12,Square Toiletries Lotion,Personal Care,190592.67,59160.91,15,4.4,0,474,Visa Card
2024-06-06,Bata School Shoe,Fashion,238360.44,32006.19,20,4.2,0,279,Rocket
2024-02-01,RFL Chair,Furniture,46810.43,9255.43,17,4.5,1,256,Cash
2024-06-24,Dettol Handwash,Personal Care,23725.5,7719.66,3,2.6,0,216,Rocket
2025-05-11,Kazi Farms Chicken,Frozen Food,6395.21,1688.72,7,4.9,0,136,Rocket
2024-12-15,Bashundhara Tissue,Household,203627.89,39129.12,16,3.4,0,52,Visa Card
2025-01-11,ACI Salt,Groceries,29284.38,4524.18,10,3.1,1,280,Rocket
2024-10-20,Navana Helmet,Automotive,26437.71,8840.57,4,4.2,0,244,Rocket
2024-01-30,Easy Fashion Shirt,Fashion,123607.76,41262.47,12,4.1,0,341,Rocket
2024-01-27,Fresh Soybean Oil,Groceries,96915.03,13590.15,18,4.3,0,450,Mastercard
2024-12-14,Walton Fan,Electronics,2006.45,584.93,17,4.2,0,347,Mastercard
2025-04-16,Kazi Farms Chicken,Frozen Food,47016.1,14633.49,6,3.1,0,382,Visa Card
2024-12-25,Vision TV,Electronics,145623.34,36688.78,18,4.4,0,467,Visa Card
2024-09-27,Vision TV,Electronics,174781.54,23627.08,12,4.9,0,440,Cash
2024-09-26,Bashundhara Tissue,Household,163934.21,30087.22,12,4.5,0,395,bKash
2024-01-11,Easy Fashion Shirt,Fashion,232204.38,72363.23,19,2.7,0,333,Mastercard
2024-04-20,Walton Fan,Electronics,130114.44,27918.74,9,4.2,0,301,Nagad
2025-04-06,Walton Fridge,Electronics,32019.92,9059.81,13,3.0,1,48,Visa Card
2024-05-27,Easy Fashion Shirt,Fashion,1699.34,212.42,13,4.1,0,159,Rocket
2025-05-09,Fresh Milk,Dairy,83055.95,22501.79,17,4.5,0,196,Visa Card
2024-04-22,Fresh Soybean Oil,Groceries,112867.51,38772.38,11,2.9,0,180,bKash
2024-04-14,Akij Cement,Construction,215278.49,60585.33,17,4.5,1,444,Nagad
2024-03-10,Bashundhara Tissue,Household,23676.06,7005.3,3,3.5,0,106,Nagad
2025-02-22,Kazi Farms Chicken,Frozen Food,75897.36,10044.71,20,3.6,1,463,bKash
2024-05-20,Walton Fridge,Electronics,176515.81,37344.56,10,4.2,1,53,Cash
2024-06-22,Walton Fan,Electronics,2101.55,304.08,1,3.7,0,306,Rocket
2025-03-31,Olympic Biscuit,Snacks,78967.6,11276.55,8,2.5,0,313,Rocket
2024-08-07,Kazi Farms Chicken,Frozen Food,120672.78,14916.23,8,3.8,0,342,Nagad
2024-09-19,Teer Atta,Groceries,32362.33,5617.5,3,3.4,0,287,Mastercard
2024-05-02,Minister Blender,Electronics,32023.9,7102.6,3,4.8,0,357,bKash
2024-01-21,Teer Atta,Groceries,1692.59,448.93,2,4.3,0,301,Mastercard
2024-03-30,Vision TV,Electronics,47458.85,11027.0,9,2.8,0,309,Rocket
2024-04-07,Pran Mango Juice,Beverages,64398.15,7659.25,5,4.8,0,467,Mastercard
2024-12-25,Aarong Panjabi,Fashion,35096.91,12268.8,11,3.3,0,123,Mastercard
2024-06-25,Walton Fan,Electronics,50844.91,13748.27,4,2.7,0,385,Visa Card
2024-11-06,Walton Fridge,Electronics,36438.64,9783.0,4,4.9,0,77,bKash
2025-05-05,Minister Blender,Electronics,15561.53,3987.09,2,3.3,0,451,Rocket
2024-06-11,ACI Salt,Groceries,57281.38,10619.28,19,4.4,0,275,Visa Card
2024-11-23,Minister Blender,Electronics,73560.16,13804.54,6,4.0,0,396,bKash
2024-01-13,Easy Fashion Shirt,Fashion,91308.96,7685.37,6,4.5,0,148,Mastercard
2024-06-03,Easy Fashion Shirt,Fashion,3575.32,472.83,13,2.8,0,494,Visa Card
2024-04-07,RFL Chair,Furniture,105549.22,13873.78,18,2.9,1,87,bKash
2024-02-04,Fresh Milk,Dairy,39974.0,7254.52,10,4.5,0,458,Mastercard
2025-05-11,Bata School Shoe,Fashion,40520.41,9297.42,18,4.1,0,92,Nagad
2025-01-05,ACI Salt,Groceries,74913.43,13465.72,6,4.5,0,24,bKash
2024-07-22,Walton Fridge,Electronics,93364.87,16391.0,15,4.0,0,456,Cash
2025-05-08,Bata School Shoe,Fashion,100081.81,28245.91,17,3.4,1,381,bKash
2024-01-23,Fresh Milk,Dairy,17410.3,3106.73,3,3.3,0,447,Visa Card
2024-11-02,RFL Chair,Furniture,8814.24,2616.75,1,4.9,0,225,bKash
2024-11-03,Kazi Farms Chicken,Frozen Food,37564.79,10630.8,5,3.0,1,338,Cash
2024-10-04,Pran Noodles,Groceries,16542.84,3702.55,5,3.5,0,341,Cash
2024-03-24,RFL Chair,Furniture,61058.32,14026.09,8,3.3,0,99,Visa Card
2024-12-12,Singer Rice Cooker,Electronics,4312.01,1391.57,12,4.7,0,201,Visa Card
2024-02-09,Vision TV,Electronics,7200.88,995.39,9,3.2,0,352,Cash
2024-05-05,Fresh Milk,Dairy,83087.87,10556.02,7,3.5,0,495,Nagad
2024-08-28,Walton Fan,Electronics,154535.93,44483.7,20,4.5,0,113,bKash
2025-04-23,Akij Cement,Construction,35195.35,7894.12,19,3.7,1,227,Cash
2024-04-01,Teer Atta,Groceries,18778.6,3862.97,3,3.4,0,320,Rocket
2024-07-01,Pran Mango Juice,Beverages,16964.42,4715.46,3,2.7,0,162,Mastercard
2024-09-12,Bombay Sweets Chanachur,Snacks,36510.49,8829.01,5,2.8,0,128,Rocket
2025-01-31,Teer Atta,Groceries,144128.61,12284.67,18,2.9,1,397,Rocket
2025-03-29,Pran Noodles,Groceries,263674.63,52430.99,20,2.8,0,150,Mastercard
2024-03-06,Dettol Handwash,Personal Care,67038.66,17750.5,9,3.1,0,75,Visa Card
2024-05-31,Bata School Shoe,Fashion,206011.82,55125.98,20,3.8,0,338,Visa Card
2024-09-26,Akij Cement,Construction,88111.68,10539.84,6,3.4,0,359,Visa Card
2024-12-18,Singer Rice Cooker,Electronics,175340.36,20182.47,15,4.3,0,22,Nagad
2025-02-13,Walton Fridge,Electronics,181363.56,28737.19,18,4.6,0,364,Nagad
2024-07-21,Teer Atta,Groceries,62732.39,15662.52,17,4.5,0,317,Visa Card
2024-06-20,Square Toiletries Lotion,Personal Care,34838.5,4868.02,4,4.6,1,36,Nagad
2024-06-12,Vision TV,Electronics,173227.0,50540.7,16,3.4,0,191,bKash
2024-05-17,Fresh Milk,Dairy,104010.69,32924.8,8,4.4,0,92,Visa Card
2024-12-07,Bata School Shoe,Fashion,30385.74,3987.86,3,3.0,0,58,Visa Card
2024-10-25,Aarong Panjabi,Fashion,10830.53,2468.13,19,4.6,0,431,Mastercard
2024-06-27,Aarong Panjabi,Fashion,26337.03,6631.35,5,3.3,0,303,Cash
2024-02-03,Kazi Farms Chicken,Frozen Food,121978.26,17930.17,11,5.0,0,101,Visa Card
2024-02-18,Olympic Biscuit,Snacks,14215.88,1435.02,6,2.7,0,85,Cash
2025-05-04,Bata School Shoe,Fashion,21234.66,4401.26,3,3.0,1,383,Cash
2024-10-28,Teer Atta,Groceries,15026.01,3322.53,2,3.3,0,20,bKash
2025-02-18,Minister Blender,Electronics,156580.08,21738.15,10,3.4,0,325,Mastercard
2024-11-09,Sunsilk Shampoo,Personal Care,29611.11,8541.14,3,2.6,0,18,Visa Card
2024-04-04,Walton Fridge,Electronics,28065.17,9608.63,9,3.2,0,437,Cash
2025-01-12,Singer Rice Cooker,Electronics,116043.92,19788.67,8,5.0,1,334,Visa Card
2024-05-30,Lux Soap,Personal Care,28931.86,2684.33,16,2.5,1,17,Nagad
2024-05-17,Easy Fashion Shirt,Fashion,243420.24,59280.1,16,4.6,0,158,Mastercard
2024-08-01,RFL Chair,Furniture,28466.62,9490.14,9,3.7,0,24,Visa Card
2024-06-20,ACI Salt,Groceries,107398.1,25493.81,8,3.3,0,83,bKash
2024-10-20,Bashundhara Tissue,Household,61823.14,9245.05,5,4.3,0,277,Mastercard
2025-04-23,Sunsilk Shampoo,Personal Care,3170.69,348.09,7,2.6,1,447,Visa Card
2024-04-19,Kazi Farms Chicken,Frozen Food,12900.01,1990.14,2,3.4,0,433,Nagad
2024-03-19,Teer Atta,Groceries,5867.4,1238.91,6,4.4,0,194,Visa Card
2025-03-27,Fresh Soybean Oil,Groceries,9251.7,1827.6,14,3.8,0,308,Nagad
2024-05-02,ACI Salt,Groceries,50533.44,17561.67,15,3.9,1,311,Rocket
2025-05-07,Fresh Soybean Oil,Groceries,164907.05,17410.0,19,4.2,0,175,Cash
2024-05-20,Kazi Farms Chicken,Frozen Food,109743.28,21990.41,10,3.0,0,381,Rocket
2024-11-10,Teer Atta,Groceries,79683.03,27432.13,12,4.3,0,309,Mastercard
2024-08-08,Dettol Handwash,Personal Care,65709.7,10144.16,4,4.5,0,459,Cash
2024-07-10,Pran Noodles,Groceries,230675.22,30228.92,20,3.0,0,258,Nagad
2024-09-28,Navana Helmet,Automotive,147666.4,16045.92,12,4.9,1,314,Cash
2024-09-25,Teer Atta,Groceries,171047.99,40074.5,15,4.9,0,325,Mastercard
2025-03-30,Square Toiletries Lotion,Personal Care,47143.08,10643.22,5,2.9,0,480,Cash
2025-04-02,Square Toiletries Lotion,Personal Care,103497.09,28192.77,11,2.7,0,208,Nagad
2025-05-04,RFL Chair,Furniture,49020.88,6503.4,4,3.9,0,209,Rocket
2025-02-19,Minister Blender,Electronics,8592.22,1668.0,1,3.5,0,245,Visa Card
2024-02-09,Square Toiletries Lotion,Personal Care,15649.35,2142.07,17,3.2,0,194,Visa Card
2024-02-29,RFL Chair,Furniture,69472.52,22777.73,9,3.5,1,31,Visa Card
2025-04-12,Bombay Sweets Chanachur,Snacks,280311.49,44763.01,19,4.5,0,277,Mastercard
2024-10-20,Vision TV,Electronics,115682.64,23751.15,13,3.0,0,368,bKash
2024-01-20,Fresh Milk,Dairy,2145.28,592.99,18,2.9,1,438,Visa Card
2024-02-04,RFL Chair,Furniture,44391.33,11657.01,8,2.6,0,130,bKash
2024-12-08,Navana Helmet,Automotive,7554.04,660.81,8,3.4,0,267,Nagad
2024-04-13,Navana Helmet,Automotive,58772.19,13019.54,4,3.9,0,101,Visa Card
2024-12-24,Singer Rice Cooker,Electronics,7334.61,1916.24,7,3.6,0,346,bKash
2024-07-02,Dettol Handwash,Personal Care,13314.16,1777.98,18,4.1,0,361,Rocket
2024-02-16,Walton Fan,Electronics,42173.82,13533.07,4,4.9,1,488,bKash
2024-11-23,Minister Blender,Electronics,3423.57,1175.13,7,2.8,1,84,Mastercard
2024-12-24,Akij Cement,Construction,256179.23,58610.21,19,4.8,0,251,Visa Card
2024-04-18,Sunsilk Shampoo,Personal Care,98400.18,9654.99,8,4.8,1,312,Nagad
2024-09-25,Minister Blender,Electronics,14978.98,1693.3,4,4.5,0,351,Visa Card
2024-09-30,ACI Salt,Groceries,48385.34,4383.14,6,4.7,0,323,bKash
2025-02-03,Teer Atta,Groceries,106819.94,9150.05,16,4.0,0,308,Visa Card
2025-01-29,Minister Blender,Electronics,77873.93,21868.39,11,4.3,1,37,Mastercard
2024-01-31,Pran Noodles,Groceries,4285.66,456.14,17,4.7,1,149,Rocket
2024-07-10,Bata School Shoe,Fashion,24186.24,8328.07,3,2.8,0,159,Rocket
2025-05-07,Dettol Handwash,Personal Care,247911.65,47136.37,20,4.9,0,439,Visa Card
2025-01-03,Vision TV,Electronics,100757.74,11813.15,7,5.0,0,361,Rocket
2024-04-15,Pran Noodles,Groceries,46363.55,15790.28,13,3.1,1,437,Mastercard
2024-07-11,Lux Soap,Personal Care,49449.39,9332.82,7,3.6,0,169,Nagad
2024-01-17,Pran Mango Juice,Beverages,80422.5,25843.83,13,4.2,0,131,Cash
2024-12-18,Walton Fridge,Electronics,74352.7,19275.27,18,2.9,0,116,Rocket
2024-12-25,Bata School Shoe,Fashion,134262.53,14047.36,9,3.0,1,244,Cash
2024-09-27,Vision TV,Electronics,116251.58,25242.12,9,3.7,0,350,bKash
2025-04-23,Sunsilk Shampoo,Personal Care,75932.64,9171.86,6,2.8,0,299,Nagad
2024-10-03,Bata School Shoe,Fashion,83872.27,7922.38,13,3.9,0,107,Nagad
2024-09-20,Easy Fashion Shirt,Fashion,50378.16,10538.67,15,3.5,1,101,bKash
2024-09-25,Fresh Milk,Dairy,47044.16,5847.74,6,3.1,0,399,Cash
2024-07-06,Minister Blender,Electronics,6963.92,2416.9,7,3.0,0,260,bKash
2025-04-06,Bombay Sweets Chanachur,Snacks,110497.81,9105.0,18,4.3,0,222,Rocket
2025-01-02,Singer Rice Cooker,Electronics,9982.86,1060.29,5,4.8,0,309,bKash
2025-02-10,Olympic Biscuit,Snacks,48761.73,10516.23,3,4.4,1,413,Mastercard
2024-09-21,Minister Blender,Electronics,66761.93,8040.81,7,4.1,1,40,Visa Card
2024-06-19,Aarong Panjabi,Fashion,83754.07,16019.5,11,3.3,0,185,Mastercard
2024-05-03,ACI Salt,Groceries,149386.03,13054.45,19,4.9,0,446,Cash
2024-07-06,Sunsilk Shampoo,Personal Care,42989.06,14348.45,7,3.0,0,187,Rocket
2025-01-07,Bata School Shoe,Fashion,113612.18,9223.58,13,4.5,0,61,Nagad
2025-02-12,Bombay Sweets Chanachur,Snacks,47764.53,13423.3,7,4.4,0,390,Visa Card
2024-05-25,Dettol Handwash,Personal Care,49457.94,8462.96,18,5.0,1,85,Visa Card
2024-05-10,Square Toiletries Lotion,Personal Care,11686.96,3591.39,5,3.6,1,362,Rocket
2024-08-16,Akij Cement,Construction,85700.93,26920.55,12,4.4,0,198,Mastercard
2025-02-22,Aarong Panjabi,Fashion,160046.59,47207.39,13,2.6,0,315,bKash
2024-05-06,Bata School Shoe,Fashion,161429.81,17463.28,11,3.3,0,386,Nagad
2024-07-04,Vision TV,Electronics,1388.0,378.34,9,4.7,0,355,Cash
2024-12-13,Akij Cement,Construction,36209.68,3169.07,11,4.0,0,268,Cash
2024-06-23,Square Toiletries Lotion,Personal Care,51354.56,5552.54,7,4.5,1,159,Nagad
2024-08-11,Akij Cement,Construction,190453.5,20167.55,16,4.2,0,68,Nagad
2024-06-30,Akij Cement,Construction,122588.28,20139.79,8,4.8,0,89,Visa Card
2024-07-12,Fresh Soybean Oil,Groceries,8263.67,2183.54,14,2.7,0,44,Visa Card
2024-12-24,Navana Helmet,Automotive,68933.93,21264.61,8,4.7,1,452,Mastercard
2025-03-14,Bata School Shoe,Fashion,1454.85,251.57,14,2.8,0,352,Mastercard
2024-01-21,Pran Mango Juice,Beverages,77270.64,26604.73,6,4.9,0,194,Nagad
2024-10-01,Teer Atta,Groceries,156347.7,37417.53,11,3.5,1,22,Nagad
2025-03-27,Vision TV,Electronics,161308.41,53313.41,20,3.4,0,490,Nagad
2024-02-10,Sunsilk Shampoo,Personal Care,68230.51,22888.82,19,4.4,0,429,Nagad
2024-09-10,Lux Soap,Personal Care,41464.85,3576.29,3,3.1,0,368,Mastercard
2024-08-21,Vision TV,Electronics,18390.64,5952.96,9,4.0,0,162,bKash
2024-10-10,ACI Salt,Groceries,6168.06,1708.17,5,2.7,1,141,Cash
2024-08-26,Pran Noodles,Groceries,47567.1,14176.63,18,3.0,0,163,Cash
2024-05-14,Lux Soap,Personal Care,111024.34,13975.84,20,3.1,0,23,Nagad
2024-02-07,Easy Fashion Shirt,Fashion,36594.46,4049.58,8,3.9,0,349,Visa Card
2024-12-30,Minister Blender,Electronics,57120.29,19921.69,4,3.4,1,133,bKash
2025-04-06,Teer Atta,Groceries,45750.22,12547.32,3,2.5,0,459,Visa Card
2025-02-04,Olympic Biscuit,Snacks,264677.32,66148.5,18,4.9,1,390,Mastercard
2024-12-07,Walton Fan,Electronics,119595.9,25320.18,9,4.4,0,44,Visa Card
2024-01-17,Dettol Handwash,Personal Care,33675.16,2778.37,5,3.0,1,39,Nagad
2024-03-13,Vision TV,Electronics,136731.77,46480.24,15,4.2,1,490,Visa Card
2024-03-30,Navana Helmet,Automotive,12619.79,2446.39,1,4.8,0,474,Rocket
2025-02-11,ACI Salt,Groceries,12991.56,4366.36,2,3.3,0,107,Nagad
2024-10-16,Akij Cement,Construction,114991.04,10067.21,12,4.0,0,157,Visa Card
2024-01-27,Bombay Sweets Chanachur,Snacks,201594.87,25647.9,17,3.8,0,455,Cash
2024-05-06,Pran Noodles,Groceries,14217.98,2447.34,4,2.6,1,493,Nagad
2024-09-20,Vision TV,Electronics,33038.78,9749.06,18,3.4,0,359,bKash
2025-02-09,Fresh Milk,Dairy,38781.26,9179.79,10,3.8,0,415,Cash
2024-06-07,Pran Mango Juice,Beverages,201269.2,66509.4,17,3.0,1,390,Rocket
2025-01-17,Easy Fashion Shirt,Fashion,149603.68,18329.13,17,2.5,1,121,Cash
2024-12-19,Kazi Farms Chicken,Frozen Food,19127.13,6298.08,2,4.1,0,439,Nagad
2024-03-04,Bombay Sweets Chanachur,Snacks,29215.08,3862.01,16,2.8,0,170,bKash
2024-01-24,Square Toiletries Lotion,Personal Care,5714.6,1185.03,16,3.9,0,290,Rocket
2024-02-16,Aarong Panjabi,Fashion,121564.65,22695.57,10,4.5,0,328,bKash
2024-10-03,Lux Soap,Personal Care,32903.3,5279.68,13,3.0,0,272,bKash
2025-03-17,Square Toiletries Lotion,Personal Care,159274.5,18907.27,14,4.2,0,470,Visa Card
2024-02-11,Pran Noodles,Groceries,1248.21,122.79,1,4.2,0,313,Visa Card
2025-04-17,Pran Noodles,Groceries,124378.3,29981.91,9,3.0,0,222,bKash
2025-01-25,Pran Noodles,Groceries,31791.39,5075.73,3,2.7,0,191,bKash
2024-03-16,Olympic Biscuit,Snacks,16212.73,4627.65,3,4.5,0,182,Cash
2024-09-11,Fresh Milk,Dairy,59667.75,20674.57,4,4.5,1,449,Cash
2024-09-15,Akij Cement,Construction,5573.86,492.99,7,3.6,1,210,Cash
2024-02-27,Lux Soap,Personal Care,81546.46,23395.73,6,4.0,0,296,bKash
2024-07-21,Bashundhara Tissue,Household,16922.74,2363.55,2,3.7,1,74,Nagad
2024-01-07,Lux Soap,Personal Care,98276.94,30007.81,18,3.3,1,38,Nagad
2024-12-28,Olympic Biscuit,Snacks,126329.58,27978.78,9,4.1,0,114,Rocket
2024-04-17,Dettol Handwash,Personal Care,208101.7,63473.7,14,4.5,0,258,Visa Card
2024-10-26,Easy Fashion Shirt,Fashion,15765.75,3620.33,1,2.8,0,129,Nagad
2024-06-25,Bashundhara Tissue,Household,138064.45,46802.63,19,4.7,0,48,Mastercard
2024-08-07,Singer Rice Cooker,Electronics,17082.62,1690.65,9,4.5,0,407,Rocket
2024-09-24,Bashundhara Tissue,Household,23407.51,4042.1,20,4.2,0,184,bKash
2024-07-03,Dettol Handwash,Personal Care,7723.16,2499.24,6,4.3,0,397,Visa Card
2024-05-17,Singer Rice Cooker,Electronics,74099.63,16258.59,19,3.2,0,296,Mastercard
2024-09-16,Fresh Milk,Dairy,54774.03,18915.89,5,4.0,0,121,Nagad
2024-04-10,Teer Atta,Groceries,920.21,190.76,1,3.8,1,231,Visa Card
2024-12-11,RFL Chair,Furniture,27071.63,3854.0,16,2.8,0,323,Cash
2024-08-09,Walton Fan,Electronics,64337.48,21741.31,16,2.6,0,245,Mastercard
2024-10-09,Kazi Farms Chicken,Frozen Food,274631.82,44867.93,19,3.0,1,147,Nagad
2024-10-29,Sunsilk Shampoo,Personal Care,21891.04,3786.79,2,4.0,0,21,Cash
2024-09-06,Pran Noodles,Groceries,54128.84,18834.93,8,3.0,0,493,Mastercard
2025-01-17,Fresh Milk,Dairy,163594.03,45180.38,19,4.4,0,260,Cash
2024-12-07,RFL Chair,Furniture,19247.99,5999.57,2,2.6,0,92,Mastercard
2024-12-29,RFL Chair,Furniture,26697.67,8905.22,2,4.1,0,295,Nagad
2024-03-25,Akij Cement,Construction,37529.95,12722.65,12,3.2,0,40,Visa Card
2024-02-21,Sunsilk Shampoo,Personal Care,1803.81,338.25,1,4.2,0,182,Nagad
2024-02-16,ACI Salt,Groceries,87110.46,27602.49,20,3.3,0,56,Cash
2024-09-04,RFL Chair,Furniture,135069.06,27669.07,13,2.8,1,470,Rocket
2025-04-05,Singer Rice Cooker,Electronics,9014.27,1730.34,1,3.9,0,36,Visa Card
2025-02-17,Sunsilk Shampoo,Personal Care,176578.11,23790.08,17,4.8,0,439,Nagad
2024-07-13,Walton Fridge,Electronics,40107.28,7005.52,7,3.6,0,355,Nagad
2024-02-15,Minister Blender,Electronics,73526.79,15887.81,13,4.8,0,23,Cash
2024-09-27,Bata School Shoe,Fashion,97943.75,14405.45,6,4.2,1,20,Visa Card
2025-02-18,Kazi Farms Chicken,Frozen Food,3978.04,905.08,2,4.1,0,387,Nagad
2024-10-14,Lux Soap,Personal Care,25420.91,2812.64,9,2.5,0,341,Rocket
2024-06-23,Navana Helmet,Automotive,93899.71,15784.53,14,2.8,0,423,Cash
2024-10-12,Square Toiletries Lotion,Personal Care,50225.44,11945.39,4,3.1,0,395,Rocket
2024-02-27,Bombay Sweets Chanachur,Snacks,22016.51,5186.55,14,4.0,0,161,bKash
2025-01-15,Fresh Milk,Dairy,148613.32,17803.2,11,4.2,1,411,Mastercard
2024-07-26,Singer Rice Cooker,Electronics,115007.61,10740.72,9,3.8,1,85,Mastercard
2024-05-25,Aarong Panjabi,Fashion,151123.98,49149.22,14,4.8,0,13,Mastercard
2024-06-12,Vision TV,Electronics,31143.7,4773.49,6,3.1,0,156,Cash
2024-05-19,Teer Atta,Groceries,296289.44,74540.88,19,2.7,0,237,bKash
2024-09-27,Bombay Sweets Chanachur,Snacks,6923.16,570.74,7,4.5,1,44,Mastercard
2025-02-14,Bashundhara Tissue,Household,155195.44,24441.95,19,3.7,0,312,Cash
2024-08-31,Dettol Handwash,Personal Care,39157.93,8650.28,16,2.6,0,322,Visa Card
2025-04-17,Teer Atta,Groceries,71482.77,12264.7,15,4.2,0,150,Visa Card
2025-05-01,Olympic Biscuit,Snacks,201511.42,51868.59,18,3.0,0,366,Mastercard
2025-03-04,Walton Fan,Electronics,45920.55,14529.87,10,4.9,0,100,bKash
2024-05-18,Pran Mango Juice,Beverages,16465.87,3853.92,4,4.4,0,325,Cash
2024-05-29,Walton Fridge,Electronics,46085.44,4746.57,3,4.4,0,328,Mastercard
2025-05-03,Aarong Panjabi,Fashion,12194.47,4193.19,3,4.8,1,254,Nagad
2024-07-12,Bata School Shoe,Fashion,101361.37,30749.26,10,2.6,0,488,Nagad
2024-01-07,ACI Salt,Groceries,21717.32,4149.5,3,4.4,1,136,Nagad
2024-06-30,Square Toiletries Lotion,Personal Care,77623.6,26732.03,8,3.4,0,393,bKash
2024-09-04,Bata School Shoe,Fashion,79725.15,12867.63,20,4.8,0,157,bKash
2024-06-17,Bata School Shoe,Fashion,1162.27,234.84,2,4.8,0,192,Visa Card
2024-12-28,Easy Fashion Shirt,Fashion,35658.09,5921.23,12,2.7,0,367,Visa Card
2024-10-03,Walton Fan,Electronics,15275.19,3796.72,1,2.6,1,285,bKash
2025-03-06,Bashundhara Tissue,Household,194725.87,33322.76,18,2.6,1,110,Nagad
2024-11-20,Vision TV,Electronics,181688.74,50985.07,12,2.7,1,13,Rocket
2025-03-28,Easy Fashion Shirt,Fashion,9649.85,2503.7,1,2.7,1,398,Nagad
2025-01-06,Lux Soap,Personal Care,14650.46,2655.22,3,4.9,0,261,Cash
2024-12-15,Singer Rice Cooker,Electronics,90889.69,25310.77,6,3.2,1,305,Nagad
2024-10-29,Bata School Shoe,Fashion,160576.61,49685.81,11,4.0,0,157,Nagad
2024-07-22,Fresh Soybean Oil,Groceries,215755.3,51963.0,18,3.3,0,303,Rocket
2024-08-30,Singer Rice Cooker,Electronics,139959.36,13112.25,13,3.1,0,464,Cash
2024-11-10,Kazi Farms Chicken,Frozen Food,13269.17,4633.54,3,2.6,0,410,Cash
2024-06-30,Singer Rice Cooker,Electronics,17988.64,2814.48,4,3.8,0,290,bKash
2024-09-19,Bata School Shoe,Fashion,6670.75,1041.69,4,4.5,0,327,Mastercard
2024-04-04,Square Toiletries Lotion,Personal Care,194304.04,33040.37,18,3.9,0,424,Mastercard
2025-01-28,Dettol Handwash,Personal Care,130193.51,36309.63,20,4.4,1,314,Rocket
2024-11-28,Fresh Milk,Dairy,71357.54,20449.56,5,2.8,0,450,Mastercard
2024-10-23,Aarong Panjabi,Fashion,50931.09,7639.97,19,3.4,0,251,Mastercard
2025-02-26,Square Toiletries Lotion,Personal Care,180157.38,19860.68,15,3.6,0,31,Visa Card
2024-04-28,Square Toiletries Lotion,Personal Care,55563.57,11503.57,13,4.2,0,350,Cash
2024-04-24,Fresh Soybean Oil,Groceries,18946.46,6329.94,2,2.9,0,437,Mastercard
2025-04-22,Fresh Milk,Dairy,24327.12,5522.88,13,4.5,0,449,Rocket
2024-08-14,Sunsilk Shampoo,Personal Care,99550.56,21799.24,8,2.9,0,400,Rocket
2024-03-14,Teer Atta,Groceries,5570.71,1399.0,15,4.2,0,153,Visa Card
2025-03-11,Pran Mango Juice,Beverages,133279.36,14848.53,12,4.6,0,119,Mastercard
2024-02-01,Kazi Farms Chicken,Frozen Food,122392.76,20663.6,10,3.4,0,128,Visa Card
2024-03-17,Teer Atta,Groceries,8923.28,2369.66,12,5.0,0,158,Visa Card
2024-03-14,Lux Soap,Personal Care,22544.17,3608.61,3,4.8,0,53,Nagad
2024-06-17,Olympic Biscuit,Snacks,204733.22,50574.75,19,4.5,1,219,Mastercard
2024-11-05,Bashundhara Tissue,Household,39051.78,5108.24,3,3.9,0,205,Mastercard
2025-02-27,Vision TV,Electronics,68184.11,15597.61,15,2.5,0,397,bKash
2024-03-20,Aarong Panjabi,Fashion,123242.92,9923.44,9,3.5,0,196,Nagad
2024-06-20,Bata School Shoe,Fashion,39795.86,10783.94,8,4.0,0,343,Mastercard
2024-06-21,Walton Fan,Electronics,86470.01,8997.94,14,2.8,1,138,Cash
2024-06-09,Fresh Milk,Dairy,198800.54,50651.03,17,4.2,0,25,bKash
2024-12-17,Pran Mango Juice,Beverages,35798.45,5976.76,5,3.2,0,39,Nagad
2025-02-07,RFL Chair,Furniture,57295.55,4885.92,4,4.1,0,259,Nagad
2024-01-24,ACI Salt,Groceries,7577.25,2429.27,2,3.9,0,185,Visa Card
2024-07-01,Vision TV,Electronics,23617.03,7205.54,8,4.0,0,36,bKash
2024-10-28,Walton Fridge,Electronics,64341.72,15257.03,5,4.9,1,490,Nagad
2025-01-12,RFL Chair,Furniture,52618.65,16632.75,5,4.1,0,289,Nagad
2024-12-21,Teer Atta,Groceries,32034.07,4433.09,8,2.6,0,188,Visa Card
2024-01-29,Pran Noodles,Groceries,70247.3,13553.1,17,3.8,1,261,Visa Card
2024-08-11,Square Toiletries Lotion,Personal Care,18104.89,4943.32,3,4.7,0,200,Visa Card
2024-07-12,Akij Cement,Construction,158696.16,14007.42,14,4.7,0,432,Mastercard
2024-09-03,Bombay Sweets Chanachur,Snacks,134907.15,13149.74,9,3.2,1,317,Nagad
2024-11-09,ACI Salt,Groceries,91379.06,23560.07,6,5.0,0,111,Mastercard
2024-02-11,Bashundhara Tissue,Household,39189.51,5483.88,15,2.7,0,370,Nagad
2024-09-16,Walton Fridge,Electronics,98902.43,25660.52,18,2.9,1,263,Nagad
2025-05-11,Bashundhara Tissue,Household,114179.47,18382.75,16,4.6,1,199,Visa Card
2024-06-21,Singer Rice Cooker,Electronics,31506.69,11022.52,10,3.3,0,105,bKash
2025-05-08,Lux Soap,Personal Care,80844.02,18897.66,6,4.5,0,360,Mastercard
2025-04-03,Bombay Sweets Chanachur,Snacks,15943.93,1776.2,1,4.9,0,379,Mastercard
2024-10-30,Minister Blender,Electronics,13397.36,3596.61,3,3.9,1,34,Visa Card
2025-04-20,Pran Noodles,Groceries,245367.8,45978.16,18,2.9,0,113,Nagad
2024-08-14,Aarong Panjabi,Fashion,17260.75,4213.84,2,4.0,1,451,Nagad
2024-02-07,Bata School Shoe,Fashion,219334.37,61622.12,17,4.2,1,449,Nagad
2024-08-17,Bata School Shoe,Fashion,134449.84,24684.02,18,4.5,0,48,bKash
2024-02-03,Fresh Soybean Oil,Groceries,195318.38,41994.12,14,4.9,0,119,Nagad
2025-02-10,Vision TV,Electronics,160295.36,49855.94,12,3.9,1,467,Mastercard
2025-01-24,Bata School Shoe,Fashion,12980.76,2697.77,1,3.9,0,63,Mastercard
2024-02-01,Singer Rice Cooker,Electronics,10969.05,3558.91,2,4.9,0,18,bKash
2024-12-21,Akij Cement,Construction,305323.81,106723.06,19,3.3,0,177,Rocket
2025-03-03,Dettol Handwash,Personal Care,57294.64,11979.18,5,2.7,1,453,Mastercard
2024-06-02,Aarong Panjabi,Fashion,28003.8,7764.28,3,2.8,0,198,bKash
2024-01-23,Easy Fashion Shirt,Fashion,14958.41,4378.47,19,4.5,0,463,Nagad
2025-03-26,Easy Fashion Shirt,Fashion,40952.38,13013.26,7,4.7,1,133,Mastercard
2024-12-08,Pran Noodles,Groceries,31696.33,8574.0,2,3.6,0,125,Mastercard
2025-02-15,Minister Blender,Electronics,39466.86,11976.29,3,2.7,0,189,bKash
2025-04-12,Vision TV,Electronics,251342.54,80925.9,15,2.6,1,195,Cash
2024-05-15,Bata School Shoe,Fashion,132850.95,33861.21,16,4.4,1,143,Visa Card
2025-01-08,Easy Fashion Shirt,Fashion,233029.86,48059.94,20,3.8,1,90,Nagad
2024-04-22,Bata School Shoe,Fashion,97543.18,22440.03,7,2.9,0,379,Nagad
2024-11-15,RFL Chair,Furniture,9296.18,1987.51,9,3.8,1,250,Nagad
2024-08-04,Bashundhara Tissue,Household,69150.42,10577.87,7,4.1,0,447,Nagad
2025-03-28,Minister Blender,Electronics,39504.87,3752.31,19,3.7,0,271,Mastercard
2024-12-13,Bata School Shoe,Fashion,46946.55,12020.48,6,4.9,0,314,bKash
2024-07-14,Fresh Milk,Dairy,14232.18,3514.03,1,2.8,0,457,Visa Card
2024-04-04,Bashundhara Tissue,Household,176572.33,59410.52,14,4.3,1,226,Cash
2024-05-27,ACI Salt,Groceries,313550.51,98473.52,18,3.2,1,96,Mastercard
2025-03-04,Fresh Soybean Oil,Groceries,21483.89,3180.88,2,4.2,1,71,Mastercard
2025-03-20,Walton Fridge,Electronics,78781.98,22182.57,8,3.0,1,177,bKash
2024-10-21,Walton Fan,Electronics,21102.28,1803.67,14,2.6,1,308,Mastercard
2025-03-19,Fresh Soybean Oil,Groceries,63514.2,18764.13,20,3.6,0,322,Visa Card
2025-01-11,Bombay Sweets Chanachur,Snacks,60511.33,11360.83,12,2.6,0,56,bKash
2024-09-18,Olympic Biscuit,Snacks,173110.58,24361.89,17,3.6,0,12,Nagad
2024-06-24,Akij Cement,Construction,17214.76,5533.48,3,4.1,0,306,Cash
2025-04-07,Square Toiletries Lotion,Personal Care,95574.61,19821.15,18,3.2,0,104,Visa Card
2025-05-01,Singer Rice Cooker,Electronics,49956.17,5102.31,8,3.5,0,56,Visa Card
2024-11-11,Pran Mango Juice,Beverages,164501.8,39691.45,13,2.9,0,420,Nagad
2024-05-24,Dettol Handwash,Personal Care,112759.12,36959.5,11,3.6,0,287,Nagad
2025-04-17,Bashundhara Tissue,Household,90635.56,10879.38,8,3.3,0,69,bKash
2025-01-14,RFL Chair,Furniture,176864.12,41141.56,15,3.6,0,383,Visa Card
2025-02-01,Walton Fridge,Electronics,145758.71,14759.72,18,2.9,0,20,Cash
2025-04-08,Olympic Biscuit,Snacks,5208.85,788.17,11,3.6,0,449,Mastercard
2024-07-29,Bata School Shoe,Fashion,257595.76,36912.35,16,2.9,0,150,Nagad
2024-10-08,Pran Noodles,Groceries,2764.57,470.58,16,4.3,1,137,Rocket
2024-04-03,Walton Fridge,Electronics,38171.47,6034.35,5,2.8,0,26,Nagad
2024-12-26,Singer Rice Cooker,Electronics,8354.96,2776.8,8,2.7,0,58,Nagad
2024-06-22,Walton Fridge,Electronics,235506.8,46915.88,18,4.4,0,168,Nagad
2024-06-15,Pran Mango Juice,Beverages,95705.76,33330.31,7,3.4,0,102,Rocket
2025-04-06,Fresh Soybean Oil,Groceries,26231.05,7490.55,2,4.4,0,31,Mastercard
2025-02-17,Navana Helmet,Automotive,81208.2,24723.7,13,2.8,1,457,Nagad
2025-05-15,Pran Mango Juice,Beverages,13831.73,3473.34,5,2.7,0,443,Nagad
2024-11-14,Pran Mango Juice,Beverages,38116.11,9922.02,12,3.2,1,72,bKash
2024-10-11,Kazi Farms Chicken,Frozen Food,156675.74,15905.86,13,3.1,1,296,bKash
2024-05-13,ACI Salt,Groceries,222413.65,73025.33,17,3.4,0,367,Rocket
2024-01-01,Pran Mango Juice,Beverages,139225.8,26427.73,13,4.2,1,285,bKash
2024-03-06,Bashundhara Tissue,Household,45917.59,14559.39,3,4.4,1,255,Cash
2025-03-19,Lux Soap,Personal Care,58608.96,12448.69,13,3.7,0,373,Cash
2025-01-26,Olympic Biscuit,Snacks,89341.63,25191.54,8,3.8,0,249,Visa Card
2024-04-17,Easy Fashion Shirt,Fashion,104982.6,23466.53,8,3.4,0,301,Rocket
2024-09-13,Akij Cement,Construction,226865.34,42047.04,14,3.9,0,160,Rocket
2024-06-18,Minister Blender,Electronics,49383.81,6342.68,11,3.3,0,359,bKash
2024-02-26,Singer Rice Cooker,Electronics,7916.91,1243.59,1,4.1,0,363,Rocket
2024-04-18,Walton Fridge,Electronics,169945.01,56250.93,13,3.5,1,235,Mastercard
2025-02-28,Bombay Sweets Chanachur,Snacks,112718.62,23409.59,10,4.0,0,366,Rocket
2024-11-27,Lux Soap,Personal Care,153302.71,47554.32,11,4.6,0,16,Rocket
2024-05-27,Walton Fan,Electronics,49532.94,14365.19,4,4.1,0,460,Mastercard
2024-02-21,Sunsilk Shampoo,Personal Care,196670.42,23556.36,19,2.7,0,386,Cash
2024-01-07,Teer Atta,Groceries,159820.88,19165.19,14,4.9,0,337,Nagad
2024-10-10,Pran Mango Juice,Beverages,232886.31,70174.66,19,2.9,0,314,Cash
2024-03-24,ACI Salt,Groceries,3923.33,383.17,2,3.5,1,225,bKash
2024-02-12,Vision TV,Electronics,1309.61,112.12,6,2.8,0,368,Cash
2024-04-24,Dettol Handwash,Personal Care,34983.63,10383.65,16,3.0,0,145,Nagad
2025-02-14,Bashundhara Tissue,Household,109511.07,28971.18,14,3.8,0,59,bKash
2024-09-30,Dettol Handwash,Personal Care,18964.43,2329.22,4,2.6,1,437,Mastercard
2024-02-25,Easy Fashion Shirt,Fashion,16683.38,2206.58,1,3.3,0,409,Mastercard
2024-03-01,Olympic Biscuit,Snacks,20326.59,5860.59,11,2.7,0,279,Cash
2024-02-17,Teer Atta,Groceries,38732.7,8384.87,3,3.4,1,268,Nagad
2024-02-07,Fresh Milk,Dairy,156674.6,36272.37,19,3.4,0,372,Nagad
2024-12-04,Vision TV,Electronics,10590.28,2813.36,16,3.2,0,47,Mastercard
2024-08-20,RFL Chair,Furniture,6786.79,1478.41,1,4.4,0,489,bKash
2024-04-25,Olympic Biscuit,Snacks,2293.73,412.02,1,3.1,0,295,Rocket
2025-02-03,Dettol Handwash,Personal Care,18205.07,2100.64,2,3.7,0,215,Cash
2025-02-11,Dettol Handwash,Personal Care,91573.77,15880.2,19,4.0,0,37,Mastercard
2025-01-01,Teer Atta,Groceries,250713.53,24323.67,15,5.0,0,121,Rocket
2024-02-17,RFL Chair,Furniture,128619.69,40217.1,13,2.9,1,259,Mastercard
2025-05-03,Kazi Farms Chicken,Frozen Food,60486.24,12794.15,5,2.8,0,71,bKash
2025-02-03,Aarong Panjabi,Fashion,33109.73,9667.0,3,3.6,0,470,Rocket
2025-01-24,Pran Mango Juice,Beverages,9694.36,1675.88,1,3.2,0,236,bKash
2024-01-10,Easy Fashion Shirt,Fashion,50128.01,12196.97,4,3.1,0,284,Cash
2025-02-02,Aarong Panjabi,Fashion,80039.68,24474.4,10,3.5,0,20,Visa Card
2024-10-09,Minister Blender,Electronics,33927.96,4449.39,4,4.1,0,68,bKash
2024-02-06,Navana Helmet,Automotive,4202.48,1451.82,2,2.8,1,150,Visa Card
2024-01-31,Vision TV,Electronics,134963.36,28241.67,18,3.1,0,216,Nagad
2024-12-05,Lux Soap,Personal Care,185460.62,34162.52,18,4.4,0,10,Cash
2024-11-13,ACI Salt,Groceries,40421.19,12476.74,19,2.9,0,347,Cash
2025-05-08,Easy Fashion Shirt,Fashion,49845.82,7363.94,12,2.8,0,55,Cash
2025-04-14,Lux Soap,Personal Care,18620.13,5640.81,10,2.8,0,425,Visa Card
2024-02-21,Bata School Shoe,Fashion,107137.86,10514.47,18,4.8,0,422,Visa Card
2024-03-26,Olympic Biscuit,Snacks,96756.39,16680.91,17,4.3,0,477,Cash
2024-11-03,Square Toiletries Lotion,Personal Care,167370.92,33527.76,18,4.8,0,497,Nagad
2024-03-30,Bashundhara Tissue,Household,14989.37,4713.59,1,4.5,0,292,Nagad
2024-08-14,Bombay Sweets Chanachur,Snacks,1712.05,424.24,14,2.5,1,433,Cash
2024-06-07,Pran Noodles,Groceries,180893.93,62817.21,17,2.7,0,251,Visa Card
2024-03-02,Pran Mango Juice,Beverages,90038.5,14550.66,19,2.7,0,342,Mastercard
2024-12-18,Walton Fan,Electronics,32925.44,6074.56,8,3.5,0,48,Mastercard
2024-09-28,Walton Fridge,Electronics,111164.08,30296.8,8,4.3,0,435,bKash
2024-11-14,Vision TV,Electronics,7582.92,1773.26,2,2.8,0,275,bKash
2024-02-22,Bata School Shoe,Fashion,6784.99,1145.64,2,4.3,0,284,Cash
2025-04-20,Walton Fan,Electronics,14787.5,1253.06,17,4.3,1,429,Cash
2024-04-29,Sunsilk Shampoo,Personal Care,42882.84,7453.62,7,4.1,0,431,Nagad
2024-02-10,Square Toiletries Lotion,Personal Care,75640.92,9339.58,20,4.7,0,368,Mastercard
2024-05-26,ACI Salt,Groceries,26582.55,4942.15,3,2.6,0,304,Cash
2024-07-16,Pran Noodles,Groceries,61325.76,7690.87,7,3.2,0,89,Cash
2025-04-06,Square Toiletries Lotion,Personal Care,149301.57,19366.06,20,5.0,0,148,Nagad
2024-06-28,Fresh Soybean Oil,Groceries,48647.67,13408.46,9,3.6,0,146,bKash
2024-12-31,Teer Atta,Groceries,262070.68,60710.01,16,3.3,0,47,bKash
2025-05-05,Easy Fashion Shirt,Fashion,15996.31,1929.74,1,4.0,1,128,Nagad
2024-12-24,Pran Mango Juice,Beverages,172059.3,17413.38,20,4.9,1,234,bKash
2024-08-06,Walton Fan,Electronics,219553.47,71629.39,15,3.3,0,380,Visa Card
2025-04-07,Pran Noodles,Groceries,18902.7,2223.23,6,2.7,1,145,Mastercard
2024-04-25,Pran Noodles,Groceries,2169.4,268.04,8,4.5,0,167,Rocket
2024-05-23,ACI Salt,Groceries,79682.99,11712.42,18,2.8,0,118,Nagad
2024-12-17,Pran Mango Juice,Beverages,173943.19,31495.46,11,4.3,0,87,bKash
2024-07-27,Lux Soap,Personal Care,101289.72,25390.12,16,2.8,1,403,Nagad
2024-03-24,Sunsilk Shampoo,Personal Care,33338.85,5024.56,14,2.7,0,157,Mastercard
2024-10-15,Navana Helmet,Automotive,119503.38,27691.73,18,4.5,0,492,Nagad
2024-03-04,Dettol Handwash,Personal Care,7724.16,1603.73,1,4.5,0,295,Mastercard
2024-02-04,Bata School Shoe,Fashion,10845.59,1845.21,12,3.8,0,433,Cash
2024-04-19,Walton Fan,Electronics,82725.15,28619.27,11,4.3,0,365,Mastercard
2024-03-18,Vision TV,Electronics,13214.78,1751.08,1,4.3,1,358,Visa Card
2024-09-25,Walton Fan,Electronics,29958.06,2408.53,3,3.4,0,344,Cash
2024-03-21,Bashundhara Tissue,Household,2812.25,577.09,2,3.5,1,400,Rocket
2024-08-24,Navana Helmet,Automotive,182198.31,31152.54,13,2.8,0,157,Rocket
2024-10-18,Singer Rice Cooker,Electronics,13145.57,3523.99,1,4.4,0,446,Cash
2024-07-14,ACI Salt,Groceries,114985.55,36932.51,10,2.7,1,453,Rocket
2024-11-12,Akij Cement,Construction,217254.36,25081.4,17,3.1,0,327,Visa Card
2025-01-21,Vision TV,Electronics,4736.25,921.76,1,3.7,0,236,Cash
2025-04-01,Sunsilk Shampoo,Personal Care,26108.4,6360.09,13,2.9,0,165,Visa Card
2024-02-17,Olympic Biscuit,Snacks,124996.94,32551.3,11,4.8,0,31,Rocket
2024-12-21,Teer Atta,Groceries,9181.1,2690.96,1,4.5,1,418,Nagad
2024-08-15,Fresh Milk,Dairy,16892.69,4540.76,6,4.8,1,272,Cash
2024-05-16,Bombay Sweets Chanachur,Snacks,13704.42,3008.14,1,4.5,1,326,Visa Card
2025-02-25,Fresh Milk,Dairy,181465.7,38833.17,14,4.0,0,484,Nagad
2024-11-04,RFL Chair,Furniture,16105.94,4080.82,3,3.8,0,230,Rocket
2025-02-11,Bata School Shoe,Fashion,35555.5,5965.22,8,4.1,0,372,Cash
2025-04-16,Teer Atta,Groceries,164052.5,54742.7,14,4.2,0,131,bKash
2024-10-26,ACI Salt,Groceries,33852.87,9490.91,4,3.2,0,349,Mastercard
2024-03-25,Easy Fashion Shirt,Fashion,82149.36,8892.84,8,3.8,0,353,Rocket
2024-03-20,Aarong Panjabi,Fashion,11941.85,1795.65,3,2.6,0,102,Visa Card
2024-07-08,Kazi Farms Chicken,Frozen Food,309764.91,80643.12,19,3.8,0,395,Nagad
2025-04-11,Navana Helmet,Automotive,85803.16,20066.35,8,3.1,0,247,Visa Card
2024-03-05,RFL Chair,Furniture,114605.54,36435.82,19,4.1,0,318,bKash
2025-01-17,Fresh Milk,Dairy,204617.27,30418.07,17,4.9,1,39,Rocket
2024-09-06,Vision TV,Electronics,23586.82,5766.26,2,4.7,0,130,Cash
2024-09-20,Kazi Farms Chicken,Frozen Food,106021.56,25537.94,15,4.9,0,273,Rocket
2024-12-24,Aarong Panjabi,Fashion,214828.84,65383.62,20,3.4,1,449,bKash
2024-03-02,Pran Mango Juice,Beverages,182394.63,60687.64,15,4.1,1,448,Cash
2024-01-29,Kazi Farms Chicken,Frozen Food,31425.72,6908.02,7,3.5,1,45,bKash
2025-04-18,Akij Cement,Construction,115590.07,28502.76,10,4.2,0,263,Cash
2024-05-19,Kazi Farms Chicken,Frozen Food,3511.11,1140.9,1,4.5,0,176,Mastercard
2024-04-11,RFL Chair,Furniture,48644.18,9919.92,3,4.3,0,466,Cash
2024-11-27,Sunsilk Shampoo,Personal Care,189575.73,58160.19,18,2.6,0,291,Visa Card
2024-03-20,Aarong Panjabi,Fashion,22745.18,4803.63,3,4.7,0,276,Nagad
2024-05-14,Easy Fashion Shirt,Fashion,228770.33,79645.87,15,2.9,0,10,Visa Card
2024-11-10,Bata School Shoe,Fashion,10914.57,1614.74,2,4.5,0,127,Rocket
2024-02-13,Vision TV,Electronics,11726.28,2935.18,2,3.8,0,441,bKash
2025-05-05,Teer Atta,Groceries,19813.74,3812.39,3,3.6,0,252,Nagad
2025-03-26,Olympic Biscuit,Snacks,16209.42,3679.51,1,4.1,0,482,Cash
2024-03-13,Walton Fan,Electronics,97355.22,19436.22,7,4.6,0,247,Mastercard
2025-04-24,Bombay Sweets Chanachur,Snacks,7127.59,591.84,2,4.2,0,132,Cash
2024-04-29,Pran Mango Juice,Beverages,118608.68,13762.25,15,4.9,0,88,bKash
2024-08-03,Fresh Milk,Dairy,32566.79,8071.53,4,3.5,0,73,Nagad
2024-07-02,Olympic Biscuit,Snacks,33615.99,11180.76,20,4.1,1,279,Rocket
2024-09-26,RFL Chair,Furniture,7269.42,1316.33,5,3.2,0,283,Visa Card
2024-04-04,Fresh Soybean Oil,Groceries,170503.22,20177.72,14,4.3,0,129,Cash
2024-05-17,Aarong Panjabi,Fashion,43556.06,12730.6,7,3.9,0,116,Mastercard
2024-09-21,Aarong Panjabi,Fashion,239490.38,47939.55,19,5.0,0,429,bKash
2024-09-02,Fresh Milk,Dairy,111091.38,34621.06,16,2.7,0,96,Cash
2024-06-07,Lux Soap,Personal Care,130924.63,29910.57,14,2.7,0,388,Nagad
2024-06-22,Bata School Shoe,Fashion,86053.47,19791.05,14,2.7,0,221,Mastercard
2024-04-17,Kazi Farms Chicken,Frozen Food,28546.91,3934.22,2,4.5,1,281,Rocket
2025-03-21,Easy Fashion Shirt,Fashion,113955.14,31614.64,10,3.2,0,225,Mastercard
2024-09-19,Lux Soap,Personal Care,11030.05,2748.12,1,3.2,0,243,Mastercard
2025-02-07,Pran Mango Juice,Beverages,275954.65,43006.74,17,3.8,1,107,bKash
2025-01-23,Teer Atta,Groceries,220446.37,41522.44,18,3.7,0,335,Cash
2025-02-25,Pran Noodles,Groceries,110247.51,12218.19,12,3.5,0,346,Nagad
2025-03-31,Square Toiletries Lotion,Personal Care,97415.98,30864.94,6,2.6,1,278,Mastercard
2024-10-03,Teer Atta,Groceries,124254.96,43380.48,14,4.1,0,357,Rocket
2024-10-04,Walton Fan,Electronics,85254.41,6914.59,8,3.5,0,477,Cash
2024-03-14,RFL Chair,Furniture,8534.23,2670.11,12,3.4,1,303,Visa Card
2024-06-11,Olympic Biscuit,Snacks,107052.72,26391.52,13,4.3,0,46,Nagad
2024-01-07,Dettol Handwash,Personal Care,17603.84,5717.7,4,3.5,0,114,Rocket
2024-08-04,Pran Mango Juice,Beverages,76819.62,24741.09,6,2.6,0,402,Rocket
2024-10-11,Walton Fridge,Electronics,15443.35,5393.07,6,3.8,0,207,Visa Card
2024-12-17,Pran Noodles,Groceries,255869.1,33853.03,20,4.6,0,221,Cash
2024-04-28,Vision TV,Electronics,43512.76,14837.36,4,4.2,0,151,Cash
2024-10-28,Akij Cement,Construction,262036.16,65043.67,20,4.8,0,361,Visa Card
2024-09-08,Olympic Biscuit,Snacks,11743.53,2264.09,10,5.0,0,99,Nagad
2024-10-22,Bashundhara Tissue,Household,167219.34,54767.69,17,5.0,1,220,Nagad
2024-02-17,Teer Atta,Groceries,22125.8,6800.98,4,3.8,0,71,Visa Card
2025-03-30,Pran Mango Juice,Beverages,132460.79,20266.95,14,4.3,0,165,Cash
2024-10-03,Pran Noodles,Groceries,2067.27,689.0,1,3.1,1,401,Cash
2024-07-09,Bashundhara Tissue,Household,160555.83,36999.77,20,2.7,0,199,Nagad
2024-02-16,Bombay Sweets Chanachur,Snacks,70072.46,18090.85,5,2.7,0,192,Rocket
2025-02-14,Dettol Handwash,Personal Care,103600.69,16219.83,8,4.5,0,403,Visa Card
2024-11-18,Navana Helmet,Automotive,2995.74,560.63,4,4.9,0,484,Cash
2025-03-23,Vision TV,Electronics,8556.74,1455.1,1,4.1,0,192,Visa Card
2025-01-18,Easy Fashion Shirt,Fashion,115806.53,27088.47,18,2.7,0,131,Mastercard
2024-02-10,Bashundhara Tissue,Household,154136.07,39847.76,11,3.0,1,59,bKash
2024-09-03,Lux Soap,Personal Care,17092.71,5771.59,1,3.6,0,426,Nagad
2025-02-15,Bata School Shoe,Fashion,28765.64,3221.86,12,2.8,0,382,Cash
2024-01-19,Bata School Shoe,Fashion,165550.11,36739.79,12,4.1,0,186,Nagad
2025-04-17,Sunsilk Shampoo,Personal Care,70671.62,21616.38,9,4.2,0,358,Rocket
2024-09-24,Navana Helmet,Automotive,28825.54,9381.17,5,4.8,0,457,Mastercard
2024-04-19,Minister Blender,Electronics,74824.4,15902.45,8,3.6,0,416,Nagad
2024-08-04,Teer Atta,Groceries,135304.23,11093.73,10,3.3,0,477,Cash
2025-02-27,Easy Fashion Shirt,Fashion,2053.51,239.56,3,3.6,0,375,bKash
2024-10-16,Navana Helmet,Automotive,106809.82,26363.76,20,4.4,0,245,Mastercard
2025-04-02,Vision TV,Electronics,37599.9,6737.91,18,4.0,0,408,Rocket
2024-09-03,ACI Salt,Groceries,61139.43,19881.02,6,2.6,1,133,Nagad
2024-12-15,Kazi Farms Chicken,Frozen Food,45577.9,4447.09,3,4.0,0,17,Rocket
2024-01-21,Square Toiletries Lotion,Personal Care,18628.23,4491.17,2,3.4,0,418,Mastercard
2025-05-14,Aarong Panjabi,Fashion,42142.01,11473.58,19,3.3,1,120,Nagad
2024-03-29,RFL Chair,Furniture,28855.74,6409.8,9,5.0,0,134,Rocket
2024-10-13,Sunsilk Shampoo,Personal Care,125158.56,31860.67,12,4.8,0,339,bKash
2025-01-27,Square Toiletries Lotion,Personal Care,245790.8,24601.65,19,3.8,1,134,Mastercard
2024-01-19,Square Toiletries Lotion,Personal Care,166968.56,47435.39,11,3.1,1,127,Cash
2024-02-13,ACI Salt,Groceries,17721.61,2731.35,3,4.4,0,223,bKash
2024-12-27,Olympic Biscuit,Snacks,13725.25,1664.79,13,3.5,0,149,Visa Card
2025-03-30,Bata School Shoe,Fashion,86838.83,16198.38,13,3.2,1,288,Rocket
2024-04-14,Pran Noodles,Groceries,194008.82,18996.09,12,3.1,0,108,Visa Card
2025-03-01,Akij Cement,Construction,171613.26,35437.66,15,3.0,0,455,Cash
2024-04-01,Dettol Handwash,Personal Care,294536.98,74386.42,18,4.3,0,491,bKash
2024-12-06,Kazi Farms Chicken,Frozen Food,62943.41,8632.05,11,3.1,0,427,Rocket
2024-02-11,Aarong Panjabi,Fashion,237639.32,60332.18,19,2.6,1,472,Nagad
2024-08-05,Fresh Milk,Dairy,3359.95,713.32,12,3.6,0,471,Cash
2024-09-25,ACI Salt,Groceries,233.49,30.08,1,2.5,0,139,bKash
2025-01-05,Olympic Biscuit,Snacks,92140.82,12877.01,12,3.9,0,205,Rocket
2024-04-08,Teer Atta,Groceries,18037.88,3941.2,4,3.8,0,451,Visa Card
2024-01-19,Square Toiletries Lotion,Personal Care,113885.59,29000.67,10,2.7,0,452,Cash
2024-12-28,Bata School Shoe,Fashion,8285.58,2738.78,4,3.7,1,83,Cash
2025-03-19,Singer Rice Cooker,Electronics,228533.74,47683.59,20,4.3,0,297,Mastercard
2025-03-25,Minister Blender,Electronics,34408.06,9989.7,5,3.8,0,29,Nagad
2024-06-01,Navana Helmet,Automotive,9245.75,2383.08,1,3.5,0,315,Cash
2025-04-20,Olympic Biscuit,Snacks,151263.67,51775.76,20,2.8,0,161,Visa Card
2025-03-20,Walton Fridge,Electronics,286908.38,69608.3,20,4.1,0,35,Mastercard
2024-05-02,Kazi Farms Chicken,Frozen Food,34497.41,7636.76,20,2.8,0,127,Visa Card
2024-08-29,Pran Mango Juice,Beverages,81462.73,23621.11,20,2.9,0,233,Cash
2024-02-04,Walton Fan,Electronics,35426.9,10040.59,13,3.3,0,219,Cash
2024-10-23,Bata School Shoe,Fashion,117921.28,25310.6,10,2.9,0,80,Cash
2024-02-28,Lux Soap,Personal Care,47457.81,14420.16,5,5.0,1,44,Rocket
2024-05-06,Square Toiletries Lotion,Personal Care,129924.86,44260.52,16,3.3,0,300,Visa Card
2025-03-26,ACI Salt,Groceries,1823.67,268.92,20,3.8,1,375,Mastercard
2024-08-07,Fresh Soybean Oil,Groceries,26188.31,8047.85,7,4.6,0,339,Mastercard
2024-08-14,Square Toiletries Lotion,Personal Care,66676.03,22397.3,11,4.7,1,35,Visa Card
2024-05-21,Akij Cement,Construction,17866.77,4436.02,20,4.4,0,340,Nagad
2024-12-25,Easy Fashion Shirt,Fashion,105334.56,25965.73,8,2.6,0,179,Visa Card
2025-03-20,RFL Chair,Furniture,5388.64,1144.63,1,4.3,0,123,Mastercard
2024-11-14,RFL Chair,Furniture,181989.06,54218.76,20,3.7,0,319,bKash
2024-03-29,Fresh Milk,Dairy,45858.95,8444.77,9,3.2,0,71,Mastercard
2025-02-27,Fresh Soybean Oil,Groceries,16766.25,4100.76,10,5.0,0,421,Nagad
2025-03-15,Bashundhara Tissue,Household,169138.59,53556.92,20,4.0,1,95,Rocket
2024-02-26,Aarong Panjabi,Fashion,158412.32,45557.23,13,4.8,0,325,bKash
2025-01-09,Pran Mango Juice,Beverages,7390.69,1002.47,8,2.9,1,211,Visa Card
2025-02-22,Kazi Farms Chicken,Frozen Food,42715.01,8598.78,4,3.7,1,376,Nagad
2025-02-10,Walton Fridge,Electronics,221293.65,46802.1,16,4.6,0,313,Cash
2024-11-05,Olympic Biscuit,Snacks,25067.65,3660.59,2,3.4,0,472,Cash
2024-05-25,Square Toiletries Lotion,Personal Care,10347.27,1798.68,1,4.8,0,489,Nagad
2025-03-18,Bashundhara Tissue,Household,139398.97,35666.97,12,3.6,0,102,bKash
2024-06-03,RFL Chair,Furniture,83470.52,7337.52,17,3.5,0,248,bKash
2024-11-05,Kazi Farms Chicken,Frozen Food,20579.53,3071.43,8,4.7,1,45,Nagad
2024-02-04,Fresh Milk,Dairy,72309.17,9328.65,11,3.2,1,351,Rocket
2024-08-05,Walton Fan,Electronics,79915.32,18594.54,10,3.7,0,278,Mastercard
2025-05-02,Aarong Panjabi,Fashion,37592.52,6539.63,17,4.4,1,326,Rocket
2024-04-30,Fresh Soybean Oil,Groceries,208470.99,50012.84,15,3.4,0,258,Nagad
2024-06-28,Dettol Handwash,Personal Care,40764.23,3765.61,11,3.8,0,363,Rocket
2024-11-25,Bashundhara Tissue,Household,40029.71,9498.63,7,3.1,0,90,Rocket
2025-01-05,Lux Soap,Personal Care,41134.04,9265.39,3,3.3,0,227,Visa Card
2024-01-30,Akij Cement,Construction,96132.66,12725.75,13,3.8,1,19,Visa Card
2024-06-16,Akij Cement,Construction,91703.07,15844.54,8,2.7,0,161,Mastercard
2024-02-19,Bata School Shoe,Fashion,4445.56,725.13,10,4.8,0,500,Mastercard
2024-03-07,Pran Mango Juice,Beverages,142397.1,13598.6,14,2.8,0,309,Rocket
2024-03-18,Square Toiletries Lotion,Personal Care,69338.95,12514.73,8,4.6,0,255,Rocket
2025-03-15,ACI Salt,Groceries,155860.27,14714.61,20,3.8,0,284,Visa Card
2024-03-04,Navana Helmet,Automotive,186471.44,43224.14,20,4.4,0,389,Visa Card
2024-10-26,Pran Noodles,Groceries,70222.92,23845.26,9,2.7,1,203,Rocket
2024-12-31,Akij Cement,Construction,113134.24,15651.49,16,3.0,1,32,Visa Card
2025-02-21,Fresh Milk,Dairy,125939.1,36587.76,9,4.1,0,115,Visa Card
2024-09-24,Square Toiletries Lotion,Personal Care,8491.44,1950.4,2,4.7,0,357,Mastercard
2025-01-17,Dettol Handwash,Personal Care,122014.54,17319.05,13,4.2,0,372,Nagad
2024-09-19,ACI Salt,Groceries,50608.99,14285.85,18,4.0,0,191,Cash
2024-11-05,Akij Cement,Construction,10055.68,1483.33,3,3.7,1,89,bKash
2024-11-11,Teer Atta,Groceries,83469.76,21574.66,16,3.4,1,253,Visa Card
2025-01-03,Lux Soap,Personal Care,88682.26,10563.03,15,4.1,0,97,Nagad
2025-03-02,Lux Soap,Personal Care,155985.47,25146.41,11,4.0,0,425,Rocket
2024-08-01,Aarong Panjabi,Fashion,21789.22,4636.87,6,2.6,0,465,Rocket
2024-07-10,Dettol Handwash,Personal Care,9358.08,2657.37,15,3.4,0,497,Nagad
2024-05-23,RFL Chair,Furniture,108194.36,14140.56,14,4.8,0,400,Cash
2024-06-23,Kazi Farms Chicken,Frozen Food,6475.46,936.04,11,2.7,0,256,Mastercard
2025-02-23,Vision TV,Electronics,35622.77,3724.04,10,4.8,1,195,Nagad
2024-02-19,Fresh Milk,Dairy,59580.13,4970.75,9,4.9,0,113,Cash
2024-04-22,Bombay Sweets Chanachur,Snacks,248001.4,31460.41,17,4.1,0,358,Cash
2024-10-29,Olympic Biscuit,Snacks,185578.33,41855.84,18,2.9,1,79,Nagad
2025-03-03,Olympic Biscuit,Snacks,49336.26,14546.99,7,4.0,0,206,Rocket
2024-08-18,Kazi Farms Chicken,Frozen Food,87089.67,19078.31,6,3.0,0,443,Mastercard
2025-02-11,Singer Rice Cooker,Electronics,11734.18,3566.82,17,4.9,0,389,Cash
2025-03-25,Walton Fridge,Electronics,122799.57,21716.21,11,3.1,0,41,bKash
2024-01-22,Vision TV,Electronics,80983.83,12326.6,9,2.6,0,311,Nagad
2024-01-11,Aarong Panjabi,Fashion,22965.22,4034.56,11,3.6,1,277,Cash
2025-02-05,Sunsilk Shampoo,Personal Care,7432.52,1253.21,6,3.2,0,59,Mastercard
2024-01-22,Walton Fridge,Electronics,60472.27,20677.38,8,2.9,1,290,Mastercard
2024-12-17,Pran Mango Juice,Beverages,34520.07,10010.12,3,3.2,0,401,Rocket
2024-02-13,ACI Salt,Groceries,99873.97,12447.93,15,3.6,0,53,bKash
2024-06-06,ACI Salt,Groceries,39222.79,10419.11,11,4.7,1,266,Visa Card
2025-01-09,Fresh Soybean Oil,Groceries,251828.83,55750.57,20,3.7,0,133,Visa Card
2024-10-14,Bombay Sweets Chanachur,Snacks,80406.3,17360.59,8,2.6,0,416,Rocket
2024-08-06,Olympic Biscuit,Snacks,228911.69,77085.26,15,3.7,1,201,Nagad
2024-10-23,Fresh Milk,Dairy,265151.38,53860.92,20,4.1,0,14,bKash
2024-04-07,Walton Fridge,Electronics,26334.34,7748.49,4,2.8,1,129,Mastercard
2024-02-09,ACI Salt,Groceries,77044.52,13301.61,15,4.0,0,349,Cash
2024-08-04,Easy Fashion Shirt,Fashion,51373.07,7892.92,7,4.0,0,202,Rocket
2024-12-09,Bata School Shoe,Fashion,57421.21,5428.22,7,3.4,0,91,Rocket
2024-12-27,Easy Fashion Shirt,Fashion,81008.57,7191.09,12,3.1,1,33,bKash
2024-03-28,Walton Fridge,Electronics,9798.7,936.79,2,4.0,0,297,Visa Card
2024-05-10,Fresh Milk,Dairy,114340.3,39342.44,9,4.0,1,399,bKash
2025-05-04,Aarong Panjabi,Fashion,164803.5,44611.52,14,3.2,0,64,bKash
2024-03-02,Walton Fridge,Electronics,22648.71,6415.52,10,4.7,0,299,Cash
2024-12-23,Fresh Milk,Dairy,309298.29,72084.39,18,3.6,0,279,Visa Card
2024-06-05,Walton Fan,Electronics,128000.36,34568.77,8,3.2,0,357,Cash
2024-09-22,Navana Helmet,Automotive,150687.4,14236.62,17,3.9,0,276,Mastercard
2025-05-08,Fresh Milk,Dairy,45312.69,11444.28,11,2.9,0,278,Nagad
2024-02-01,Walton Fridge,Electronics,10273.35,1629.2,4,3.6,0,189,Visa Card
2024-11-12,Kazi Farms Chicken,Frozen Food,122132.19,21022.42,15,4.4,0,49,Visa Card
2024-12-01,Vision TV,Electronics,137364.27,36127.23,14,3.9,0,230,Cash
2025-02-16,Easy Fashion Shirt,Fashion,7091.66,1785.34,1,2.8,0,488,Rocket
2025-04-09,Sunsilk Shampoo,Personal Care,90104.82,28917.86,9,2.8,1,407,Visa Card
2024-06-26,Walton Fan,Electronics,17191.3,4185.14,4,4.6,0,41,Rocket
2024-04-08,Easy Fashion Shirt,Fashion,164847.53,50932.79,14,3.3,0,492,Rocket
2024-08-11,Fresh Soybean Oil,Groceries,10799.1,1350.23,2,2.6,1,152,Nagad
2024-06-15,Walton Fridge,Electronics,122607.24,37780.1,17,3.1,1,385,Rocket
2025-03-19,Easy Fashion Shirt,Fashion,7769.73,1435.75,16,3.5,1,302,Visa Card
2024-09-05,Teer Atta,Groceries,157985.24,49788.67,19,3.8,0,392,Mastercard
2024-02-26,Square Toiletries Lotion,Personal Care,175997.28,20168.65,19,4.3,0,285,Nagad
2024-12-22,Square Toiletries Lotion,Personal Care,232784.37,32784.0,19,2.8,0,204,bKash
2024-12-25,Minister Blender,Electronics,67540.09,19128.27,16,4.8,0,430,Rocket
2024-10-14,Dettol Handwash,Personal Care,35233.93,7592.64,3,5.0,1,274,bKash
2025-03-16,Bata School Shoe,Fashion,69018.69,12372.76,15,3.8,0,328,bKash
2024-09-06,Pran Mango Juice,Beverages,159209.65,52888.11,10,4.5,0,327,Mastercard
2024-08-31,Square Toiletries Lotion,Personal Care,72497.43,5896.98,12,3.9,0,410,Mastercard
2024-08-20,Walton Fridge,Electronics,55255.08,18145.53,4,3.9,1,137,Mastercard
2024-01-25,Fresh Milk,Dairy,10944.37,2986.77,4,2.8,0,196,Nagad
2024-07-23,Bombay Sweets Chanachur,Snacks,111473.78,25626.49,8,3.0,0,154,Cash
2024-04-06,Pran Noodles,Groceries,55455.42,17055.33,11,4.1,0,181,Cash
2024-09-23,Bashundhara Tissue,Household,88332.4,8021.07,15,4.3,0,85,Cash
2025-03-05,Akij Cement,Construction,168403.55,14601.95,13,3.9,0,470,bKash
2025-01-29,Aarong Panjabi,Fashion,93245.4,13405.59,8,3.0,0,13,Mastercard
2024-07-17,Olympic Biscuit,Snacks,42831.89,8614.15,9,4.1,0,35,Cash
2024-07-06,Bashundhara Tissue,Household,3946.08,633.17,4,3.2,1,460,Cash
2024-01-17,Lux Soap,Personal Care,195548.88,20967.0,17,3.7,0,236,bKash
2024-08-12,Easy Fashion Shirt,Fashion,242277.63,65680.44,16,4.5,0,475,Visa Card
2024-05-26,Lux Soap,Personal Care,90867.16,24810.88,12,3.2,0,371,Nagad
2024-06-28,Akij Cement,Construction,67186.39,14296.57,6,3.1,1,374,Nagad
2024-07-28,Bashundhara Tissue,Household,78306.01,9707.83,13,2.7,0,45,bKash
2025-03-03,RFL Chair,Furniture,12766.42,4106.46,4,3.1,0,282,Nagad
2025-04-22,ACI Salt,Groceries,134265.39,34994.73,20,4.3,0,101,Rocket
2024-05-30,Walton Fan,Electronics,32655.73,4756.01,5,3.5,0,247,Rocket
2024-04-20,Minister Blender,Electronics,46366.98,5510.78,14,3.4,0,352,bKash
2024-07-30,ACI Salt,Groceries,172280.27,32878.26,20,4.3,0,461,Nagad
2024-03-06,Aarong Panjabi,Fashion,55772.97,7316.08,14,4.1,1,368,Nagad
2024-03-28,Walton Fridge,Electronics,15307.26,2068.45,6,3.9,0,69,Cash
2024-08-29,Singer Rice Cooker,Electronics,110545.54,24272.87,11,4.3,1,349,Visa Card
2024-06-20,Lux Soap,Personal Care,16049.24,5070.98,5,4.9,0,273,bKash
2024-03-09,RFL Chair,Furniture,84308.45,16214.94,11,3.1,1,307,Rocket
2024-04-13,Kazi Farms Chicken,Frozen Food,65683.85,9154.08,12,2.8,1,114,Mastercard
2024-08-17,Teer Atta,Groceries,14081.2,2811.96,1,3.9,0,12,Nagad
2024-08-31,Walton Fridge,Electronics,247849.13,72441.36,20,2.8,0,368,Nagad
2024-03-15,Olympic Biscuit,Snacks,20714.01,7183.28,16,2.9,1,120,Rocket
2024-03-10,Teer Atta,Groceries,103925.88,13224.45,8,3.9,0,388,bKash
2025-01-07,Sunsilk Shampoo,Personal Care,155909.9,28094.87,11,4.3,0,347,Nagad
2025-04-04,Dettol Handwash,Personal Care,17177.4,2435.37,16,3.0,0,142,Visa Card
2024-06-19,Pran Noodles,Groceries,96981.29,27072.0,9,4.3,1,44,Cash
2025-01-29,Walton Fridge,Electronics,122553.31,24891.32,10,3.9,0,180,Rocket
2024-01-28,Kazi Farms Chicken,Frozen Food,3926.5,1256.91,2,4.8,0,259,Rocket
2024-04-26,Minister Blender,Electronics,41310.75,10748.29,13,3.9,0,382,Mastercard
2024-03-17,Aarong Panjabi,Fashion,6156.82,770.82,11,4.6,0,38,Cash
2024-09-25,Walton Fridge,Electronics,186013.11,17911.17,15,4.1,0,110,Visa Card
2024-06-12,Olympic Biscuit,Snacks,121353.36,36615.97,19,3.4,0,241,Cash
2025-02-15,Pran Noodles,Groceries,68852.43,10260.27,7,4.9,1,364,Visa Card
2024-04-12,Sunsilk Shampoo,Personal Care,98493.03,19524.05,17,4.3,0,322,Nagad
2025-04-04,Walton Fridge,Electronics,28869.21,5863.11,14,4.2,0,266,Nagad
2024-01-28,Aarong Panjabi,Fashion,15533.02,1965.45,2,4.1,0,83,Mastercard
2025-01-31,Pran Noodles,Groceries,290460.94,46376.21,19,3.7,0,352,Rocket
2025-04-01,Minister Blender,Electronics,96174.24,31752.04,14,4.9,0,269,Rocket
2024-05-15,Walton Fan,Electronics,59290.51,7195.11,15,4.7,0,437,Mastercard
2024-11-11,Walton Fan,Electronics,58488.27,13150.47,6,3.9,0,143,Rocket
2024-07-26,Walton Fridge,Electronics,65607.58,21524.97,12,3.6,0,13,Mastercard
2024-08-26,Bata School Shoe,Fashion,7513.32,1469.84,2,5.0,1,406,Rocket
2024-11-26,Walton Fan,Electronics,3314.22,865.38,1,3.0,0,432,bKash
2025-01-18,Sunsilk Shampoo,Personal Care,662.5,195.13,5,4.2,0,154,Cash
2024-02-14,Akij Cement,Construction,193530.9,61767.04,19,2.6,0,438,Visa Card
2025-01-13,Teer Atta,Groceries,36831.63,9932.11,14,4.6,0,301,bKash
2024-08-23,Kazi Farms Chicken,Frozen Food,17388.65,3139.79,2,4.8,1,358,Rocket
2024-08-29,Kazi Farms Chicken,Frozen Food,36625.27,7701.56,11,3.7,0,224,Nagad
2025-01-25,Dettol Handwash,Personal Care,75601.0,20446.1,6,3.7,0,73,Nagad
2025-02-08,Vision TV,Electronics,39875.67,8050.05,4,4.4,0,66,Rocket
2025-03-17,Singer Rice Cooker,Electronics,14755.66,3666.17,2,3.3,0,386,Mastercard
2024-07-17,Navana Helmet,Automotive,89972.91,15413.22,19,4.8,0,257,Nagad
2024-10-11,Fresh Soybean Oil,Groceries,71370.19,20006.78,9,4.5,0,114,bKash
2025-04-17,Singer Rice Cooker,Electronics,115130.67,20432.63,13,2.9,0,78,Visa Card
2025-01-05,Kazi Farms Chicken,Frozen Food,84355.04,10296.8,7,3.0,1,207,Visa Card
2025-02-13,Kazi Farms Chicken,Frozen Food,41901.5,10911.62,5,2.7,0,379,Cash
2025-01-17,Lux Soap,Personal Care,303165.14,39049.76,20,4.6,0,366,Mastercard
2024-09-11,Aarong Panjabi,Fashion,240272.7,65468.53,20,4.1,0,78,Visa Card
2025-03-26,Vision TV,Electronics,18416.47,4332.12,6,2.8,0,416,Rocket
2024-07-22,Square Toiletries Lotion,Personal Care,259208.36,22413.94,19,3.8,0,196,Rocket
2025-04-17,Square Toiletries Lotion,Personal Care,160444.9,40938.41,19,3.0,0,496,Rocket
2024-05-19,Walton Fridge,Electronics,65419.92,22007.18,20,4.1,0,494,Cash
2024-05-17,Walton Fridge,Electronics,7498.63,2174.28,1,4.9,0,402,bKash
2024-01-21,Olympic Biscuit,Snacks,35216.73,4109.11,7,3.3,0,31,Rocket
2024-01-15,RFL Chair,Furniture,55043.18,12352.08,16,3.8,1,225,Nagad
2025-02-12,Sunsilk Shampoo,Personal Care,34279.02,9660.79,13,3.5,1,199,Mastercard
2024-09-14,Pran Noodles,Groceries,172454.92,46641.12,11,2.6,0,176,Cash
2024-06-30,Lux Soap,Personal Care,103449.77,18690.43,18,4.3,0,375,Visa Card
2024-06-17,Bombay Sweets Chanachur,Snacks,22614.34,3181.24,3,2.6,0,400,Rocket
2024-08-02,Aarong Panjabi,Fashion,19044.35,4361.05,5,4.6,0,215,Nagad
2024-12-06,Lux Soap,Personal Care,9594.78,2463.76,3,4.7,1,154,Rocket
2024-03-10,ACI Salt,Groceries,14014.26,3351.43,1,2.9,0,49,Cash
2024-11-15,Fresh Milk,Dairy,102052.56,14380.02,11,3.2,0,353,Nagad
2024-03-19,Fresh Soybean Oil,Groceries,29202.42,3310.18,2,3.3,0,53,Visa Card
2025-04-20,Bombay Sweets Chanachur,Snacks,18982.37,3974.15,3,4.2,0,129,bKash
2025-02-07,Minister Blender,Electronics,151113.11,46980.09,9,2.8,0,267,Mastercard
2024-09-27,Fresh Soybean Oil,Groceries,9203.63,3051.04,12,4.7,1,86,bKash
2024-01-21,Square Toiletries Lotion,Personal Care,10371.56,2462.07,1,4.4,0,74,Cash
2025-04-30,Bashundhara Tissue,Household,18991.7,4246.33,8,4.6,0,387,Visa Card
2024-08-22,Bata School Shoe,Fashion,12117.06,1926.18,1,3.2,0,86,Rocket
2024-05-15,Kazi Farms Chicken,Frozen Food,143296.26,33568.17,18,2.6,0,319,Visa Card
2024-06-18,Minister Blender,Electronics,206438.99,32634.69,13,3.0,0,287,Cash
2025-01-04,Minister Blender,Electronics,10899.42,3787.88,18,4.7,0,462,Visa Card
2024-03-19,Fresh Milk,Dairy,51012.74,13622.7,12,3.0,0,473,Visa Card
2024-10-31,Square Toiletries Lotion,Personal Care,37058.92,12332.92,9,3.9,0,369,Nagad
2024-08-18,Bombay Sweets Chanachur,Snacks,105950.06,33712.86,15,4.9,0,481,bKash
2025-01-20,Olympic Biscuit,Snacks,143626.07,11565.05,11,4.7,1,331,Nagad
2024-05-25,Pran Noodles,Groceries,23575.71,7745.26,3,2.7,0,411,Rocket
2024-12-09,Walton Fan,Electronics,2530.59,558.15,7,4.9,1,297,Cash
2025-01-22,Square Toiletries Lotion,Personal Care,175666.91,57496.55,18,4.1,1,167,Cash
2024-07-12,Bashundhara Tissue,Household,88047.15,15456.51,12,3.4,0,251,bKash
2024-03-09,RFL Chair,Furniture,102113.58,35401.12,19,3.6,0,76,Mastercard
2025-04-27,Bashundhara Tissue,Household,244171.51,35625.68,19,3.9,0,132,Rocket
2024-05-15,Bata School Shoe,Fashion,3698.05,1030.34,5,4.9,0,100,Mastercard
2024-07-07,Akij Cement,Construction,11120.28,3798.99,11,3.0,0,355,Nagad
2025-01-29,Fresh Milk,Dairy,61474.6,16870.92,7,3.3,0,99,Rocket
2025-01-08,Fresh Soybean Oil,Groceries,144304.37,22576.99,16,2.9,0,220,Mastercard
2024-04-14,Fresh Soybean Oil,Groceries,4692.31,1072.83,3,2.8,0,347,Nagad
2024-01-10,Bashundhara Tissue,Household,72691.84,21092.49,15,2.7,0,170,Mastercard
2024-07-02,Navana Helmet,Automotive,116663.73,16631.98,14,2.9,0,269,Visa Card
2024-03-22,Easy Fashion Shirt,Fashion,22779.89,7719.04,9,3.7,0,47,Rocket
2024-02-27,Bata School Shoe,Fashion,34819.13,10351.43,3,4.7,0,412,Mastercard
2024-05-25,Bashundhara Tissue,Household,10615.98,3618.26,1,4.5,0,434,Nagad
2024-07-26,Kazi Farms Chicken,Frozen Food,21050.51,5794.83,8,3.5,0,105,Visa Card
2024-11-04,Lux Soap,Personal Care,95432.24,28771.79,17,3.4,0,350,Visa Card
2024-09-30,RFL Chair,Furniture,46487.08,13213.06,7,4.9,0,260,Nagad
2024-07-17,Walton Fridge,Electronics,82263.19,27283.94,9,4.8,0,299,Cash
2024-06-16,Olympic Biscuit,Snacks,285930.75,63993.48,20,4.4,0,493,Rocket
2024-04-11,ACI Salt,Groceries,51094.27,17190.42,12,3.1,0,258,Mastercard
2024-11-20,Fresh Milk,Dairy,31090.89,6376.93,10,4.2,0,162,Nagad
2024-04-07,Square Toiletries Lotion,Personal Care,199929.17,56396.45,14,4.3,0,176,Rocket
2024-02-16,Pran Noodles,Groceries,23682.95,6582.74,13,3.8,0,18,Rocket
2025-03-07,Bombay Sweets Chanachur,Snacks,138468.04,41287.82,10,3.5,0,121,Visa Card
2024-11-24,Fresh Soybean Oil,Groceries,144578.07,33476.81,14,3.0,1,232,bKash
2025-04-11,RFL Chair,Furniture,102358.64,9555.55,10,4.4,0,208,bKash
2024-04-28,Akij Cement,Construction,99854.92,30942.16,11,4.0,0,497,bKash
2025-05-02,Bashundhara Tissue,Household,43149.32,13082.35,3,3.9,0,41,bKash
2025-03-12,Square Toiletries Lotion,Personal Care,43230.28,10139.98,12,4.2,0,138,Visa Card
2024-06-23,Easy Fashion Shirt,Fashion,202709.16,25833.05,20,3.0,0,440,bKash
2024-08-03,Square Toiletries Lotion,Personal Care,282961.12,95940.07,20,3.2,0,338,Mastercard
2024-12-26,ACI Salt,Groceries,78798.9,23501.72,16,2.8,0,59,bKash
2025-01-27,Walton Fridge,Electronics,2913.56,389.71,2,2.6,0,450,bKash
2025-01-07,Lux Soap,Personal Care,86027.2,7171.11,6,4.9,0,434,Mastercard
2025-01-29,Pran Noodles,Groceries,91095.29,16592.93,7,4.6,0,296,bKash
2024-04-26,Pran Noodles,Groceries,166605.21,43796.44,19,4.4,0,333,Mastercard
2024-11-24,Bashundhara Tissue,Household,41169.03,11229.6,6,3.1,0,396,Rocket
2024-09-04,Akij Cement,Construction,302373.37,105076.51,19,4.8,1,265,Mastercard
2025-03-06,Singer Rice Cooker,Electronics,30580.22,6980.88,9,4.2,0,129,Nagad
2024-08-17,Vision TV,Electronics,109795.11,15424.5,11,4.4,0,160,Cash
2025-05-06,Kazi Farms Chicken,Frozen Food,142977.55,44223.22,12,4.5,0,308,Nagad
2025-02-19,Bashundhara Tissue,Household,48053.44,6307.28,14,4.0,0,18,Cash
2024-04-04,Teer Atta,Groceries,82621.8,23847.22,13,4.2,0,237,Mastercard
2024-02-06,Pran Mango Juice,Beverages,186156.0,16578.53,14,4.7,0,59,Visa Card
2024-02-14,Square Toiletries Lotion,Personal Care,174852.65,20468.94,19,4.8,0,220,Nagad
2024-06-25,RFL Chair,Furniture,78069.69,9008.45,7,4.5,0,363,Cash
2025-04-12,Walton Fridge,Electronics,57108.52,5657.8,7,3.6,0,331,Mastercard
2024-03-13,Vision TV,Electronics,18848.22,2547.06,2,4.8,0,410,Rocket
2024-01-23,Pran Mango Juice,Beverages,30971.33,8498.03,11,4.9,1,31,bKash
2025-04-06,Fresh Milk,Dairy,80989.69,15876.13,18,3.1,1,349,Mastercard
2024-11-07,RFL Chair,Furniture,59765.58,19726.32,19,4.8,0,340,Rocket
2024-06-09,Akij Cement,Construction,26382.8,7219.93,5,4.6,0,384,Cash
2024-04-13,Minister Blender,Electronics,53371.33,11172.53,4,4.8,0,204,Cash
2024-04-08,Dettol Handwash,Personal Care,75975.97,11363.45,5,3.0,1,59,Nagad
2025-02-10,Bombay Sweets Chanachur,Snacks,134208.64,12309.42,18,3.0,0,346,Rocket
2025-02-28,Sunsilk Shampoo,Personal Care,15513.38,4988.21,10,4.4,1,333,Rocket
2024-09-09,RFL Chair,Furniture,100882.34,9637.49,7,5.0,0,196,Cash
2024-10-05,Pran Noodles,Groceries,48489.26,16415.06,19,4.2,1,273,Visa Card
2024-08-01,Walton Fridge,Electronics,129626.14,23345.0,19,4.1,0,465,Rocket
2024-05-30,Fresh Soybean Oil,Groceries,9956.77,2786.42,2,2.9,0,112,Cash
2025-02-08,Aarong Panjabi,Fashion,254961.15,83433.32,17,3.3,0,423,Rocket
2025-01-05,Easy Fashion Shirt,Fashion,241301.22,59571.22,16,4.9,0,366,Cash
2024-07-06,Teer Atta,Groceries,16008.68,5443.8,14,4.0,0,269,Visa Card
2024-04-10,Olympic Biscuit,Snacks,18395.92,6014.7,3,2.8,0,11,Cash
2024-12-16,Lux Soap,Personal Care,2318.24,483.58,6,3.3,0,176,Nagad
2024-01-26,Teer Atta,Groceries,81056.14,27593.03,5,3.1,1,241,Visa Card
2024-12-13,Fresh Milk,Dairy,39506.54,9557.21,6,3.7,0,487,bKash
2024-06-12,Aarong Panjabi,Fashion,122270.8,11696.04,10,2.9,0,300,Cash
2024-06-27,Bashundhara Tissue,Household,194387.78,58474.41,16,3.0,0,88,Nagad
2025-03-24,Akij Cement,Construction,77202.45,23454.9,8,2.6,0,484,Visa Card
2025-01-01,Pran Mango Juice,Beverages,26818.55,6278.71,9,4.0,1,177,Cash
2025-01-13,Pran Mango Juice,Beverages,188757.4,30989.89,13,4.9,0,427,bKash
2024-09-19,Lux Soap,Personal Care,14178.16,3265.65,5,4.4,0,32,Rocket
2024-02-08,Kazi Farms Chicken,Frozen Food,18732.68,4380.15,3,4.2,0,471,Nagad
2024-01-18,Kazi Farms Chicken,Frozen Food,297625.27,71896.51,17,3.8,0,245,Nagad
2024-01-26,Minister Blender,Electronics,13353.26,1675.36,4,2.9,1,427,Mastercard
2025-01-28,Walton Fan,Electronics,16274.49,3621.58,17,4.9,0,177,Cash
2024-11-27,Bombay Sweets Chanachur,Snacks,107054.5,29464.67,13,4.3,0,317,Rocket
2024-03-17,Navana Helmet,Automotive,11363.35,3627.5,7,2.8,0,282,bKash
2024-07-02,Teer Atta,Groceries,11736.96,1937.82,1,4.2,1,266,bKash
2024-02-14,Singer Rice Cooker,Electronics,37792.62,3478.72,6,4.6,0,13,Nagad
2024-11-06,Singer Rice Cooker,Electronics,233561.88,78659.61,16,4.7,1,467,Nagad
2024-04-01,Aarong Panjabi,Fashion,37358.89,4504.6,4,2.6,0,239,bKash
2025-01-27,Teer Atta,Groceries,79627.21,13031.97,6,3.8,0,23,bKash
2024-06-23,Akij Cement,Construction,68086.94,12691.42,10,3.7,0,153,Mastercard
2024-09-24,Lux Soap,Personal Care,82041.27,11942.46,19,2.9,0,495,Visa Card
2024-05-24,Walton Fan,Electronics,69396.57,15894.84,5,4.4,0,458,bKash
2024-05-17,Bata School Shoe,Fashion,30237.02,8134.49,6,4.0,0,177,Cash
2024-12-16,Olympic Biscuit,Snacks,49574.91,4851.13,5,3.8,0,298,Nagad
2024-03-27,Bata School Shoe,Fashion,62949.01,18074.97,10,3.5,0,19,Rocket
2025-04-01,Minister Blender,Electronics,9871.24,1447.77,16,4.4,1,333,Visa Card
2025-04-17,Bashundhara Tissue,Household,88110.84,11399.93,10,4.4,0,235,Mastercard
2024-05-18,Teer Atta,Groceries,109956.79,34673.07,9,4.7,0,475,Cash
2024-06-02,ACI Salt,Groceries,32081.81,8854.68,5,4.9,0,183,Visa Card
2024-08-21,Navana Helmet,Automotive,82955.05,8293.02,11,3.7,0,13,Nagad
2025-02-20,Pran Mango Juice,Beverages,41477.8,3583.78,3,3.4,0,154,Visa Card
2024-01-31,ACI Salt,Groceries,85751.93,15235.26,16,4.3,0,75,bKash
2024-07-16,RFL Chair,Furniture,10682.9,2023.61,9,3.3,1,125,Rocket
2024-10-26,Bombay Sweets Chanachur,Snacks,112647.4,24091.19,14,4.3,0,176,Visa Card
2024-06-10,Easy Fashion Shirt,Fashion,9240.57,2512.87,2,4.3,0,251,Cash
2024-05-31,Square Toiletries Lotion,Personal Care,64553.0,19162.91,20,2.9,0,300,Visa Card
2024-04-04,Fresh Soybean Oil,Groceries,137085.38,47214.07,17,4.5,0,307,Nagad
2024-06-11,Teer Atta,Groceries,100996.09,30001.99,10,3.4,0,170,Nagad
2024-03-05,Vision TV,Electronics,5262.17,1106.14,11,4.4,0,382,bKash
2025-01-07,Aarong Panjabi,Fashion,164944.12,18912.01,18,3.4,1,368,bKash
2024-04-18,Minister Blender,Electronics,215080.94,51556.29,17,2.9,0,39,Cash
2024-06-23,Pran Noodles,Groceries,519.26,44.61,3,3.6,0,340,Rocket
2024-12-29,ACI Salt,Groceries,169703.32,20791.84,19,4.8,1,61,Visa Card
2024-12-11,RFL Chair,Furniture,88744.48,15603.94,12,3.8,0,217,Rocket
2024-07-20,Walton Fridge,Electronics,91184.44,11836.24,13,3.1,0,115,bKash
2024-01-13,Square Toiletries Lotion,Personal Care,112611.03,25557.44,13,4.7,0,11,Mastercard
2024-12-03,Olympic Biscuit,Snacks,55191.27,13373.88,8,4.5,0,47,Visa Card
2025-03-10,Sunsilk Shampoo,Personal Care,7672.27,2288.49,2,4.3,0,463,Nagad
2024-09-11,Akij Cement,Construction,36726.47,12268.17,8,3.7,1,445,Nagad
2024-06-19,Vision TV,Electronics,170489.92,41242.43,11,3.1,0,340,Rocket
2024-07-12,Dettol Handwash,Personal Care,9660.58,1656.75,2,3.4,0,30,Cash
2024-05-17,Vision TV,Electronics,178349.63,29143.5,18,3.3,1,179,Mastercard
2024-03-10,Navana Helmet,Automotive,20062.51,3182.53,2,4.4,0,428,Visa Card
2025-04-28,Pran Mango Juice,Beverages,25118.41,6103.36,3,4.9,0,178,Visa Card
2025-02-25,ACI Salt,Groceries,40790.53,11830.92,14,2.6,1,417,Cash
2024-06-25,Dettol Handwash,Personal Care,147726.71,14786.28,18,4.5,0,181,Rocket
2024-12-17,ACI Salt,Groceries,138086.96,14738.7,19,2.5,1,103,Cash
2025-01-22,Fresh Milk,Dairy,244425.2,64568.87,18,4.2,1,170,Cash
2025-01-20,Singer Rice Cooker,Electronics,162914.48,50773.53,19,4.7,1,196,Nagad
2024-06-14,Walton Fan,Electronics,314460.35,98611.96,19,4.2,0,115,Nagad
2024-06-22,Easy Fashion Shirt,Fashion,10459.15,2815.55,1,3.5,1,400,Visa Card
2024-04-02,Singer Rice Cooker,Electronics,268623.99,91091.02,16,5.0,0,391,Rocket
2024-06-18,Pran Noodles,Groceries,155640.24,39459.04,17,3.0,0,435,Cash
2024-08-23,Bombay Sweets Chanachur,Snacks,76418.4,17789.39,9,4.4,0,242,Cash
2024-07-08,Lux Soap,Personal Care,101950.76,32166.17,14,3.4,0,303,Visa Card
2025-03-20,Pran Noodles,Groceries,4812.11,635.3,3,3.8,1,288,bKash
2024-10-08,Kazi Farms Chicken,Frozen Food,141300.37,44436.78,11,3.0,1,103,Rocket
2024-06-28,Fresh Soybean Oil,Groceries,18854.08,1945.06,7,4.4,0,419,Cash
2024-07-22,Walton Fridge,Electronics,45471.89,4555.31,5,2.9,1,233,Mastercard
2025-01-29,Sunsilk Shampoo,Personal Care,39693.52,5669.42,7,4.9,1,336,Visa Card
2024-10-12,Fresh Milk,Dairy,89935.97,19403.14,9,4.1,0,201,Nagad
2024-11-09,RFL Chair,Furniture,39888.02,9683.59,11,2.5,1,244,Mastercard
2024-01-11,Bashundhara Tissue,Household,3660.55,344.15,8,4.8,1,467,bKash
2024-11-19,Bata School Shoe,Fashion,67900.56,18439.06,13,3.6,0,96,Visa Card
2024-03-13,Square Toiletries Lotion,Personal Care,36035.57,8904.46,7,4.8,0,268,Mastercard
2024-03-08,Olympic Biscuit,Snacks,12374.29,2576.36,7,2.9,0,420,Rocket
2025-01-11,ACI Salt,Groceries,99788.18,23767.94,18,3.1,0,130,Rocket
2024-09-29,Akij Cement,Construction,88234.65,23213.24,6,4.4,1,448,Visa Card
2024-06-24,Square Toiletries Lotion,Personal Care,247552.54,53426.31,18,2.9,0,317,Visa Card
2024-07-19,Dettol Handwash,Personal Care,49927.92,12841.43,16,2.6,0,252,bKash
2024-11-23,Walton Fan,Electronics,310299.32,30772.17,20,3.0,0,56,bKash
2024-05-26,Walton Fridge,Electronics,138348.49,43153.61,12,3.6,0,446,Visa Card
2024-01-02,Bata School Shoe,Fashion,123914.77,15116.07,16,4.2,1,224,Visa Card
2024-12-16,Pran Noodles,Groceries,119409.92,28975.61,15,3.3,0,433,Cash
2024-05-29,Pran Noodles,Groceries,55676.37,17030.79,7,4.6,0,490,Rocket
2025-01-26,Walton Fridge,Electronics,244900.47,60445.88,19,4.6,0,179,Rocket
2024-05-02,Walton Fan,Electronics,32629.45,10682.74,10,3.8,1,203,Cash
2025-04-18,Lux Soap,Personal Care,90574.29,23554.7,15,3.5,0,79,Rocket
2025-04-28,ACI Salt,Groceries,2126.57,480.82,2,4.4,1,271,Nagad
2024-01-18,Fresh Soybean Oil,Groceries,26446.31,7616.54,14,5.0,0,353,Visa Card
2024-02-29,Olympic Biscuit,Snacks,26633.75,7483.86,2,3.2,0,169,Mastercard
2024-10-12,Singer Rice Cooker,Electronics,64658.8,6792.82,4,4.3,1,460,bKash
2024-04-06,Pran Noodles,Groceries,4362.08,1320.21,8,4.5,0,291,bKash
2024-05-18,Walton Fan,Electronics,10217.92,2980.78,5,4.4,0,33,Cash
2024-05-20,Singer Rice Cooker,Electronics,48889.44,4349.44,7,4.0,0,327,Mastercard
2025-04-14,Bashundhara Tissue,Household,131164.54,17971.4,10,2.8,1,448,Cash
2025-05-10,Navana Helmet,Automotive,122736.4,13640.09,9,2.5,0,180,Visa Card
2024-10-07,Olympic Biscuit,Snacks,22265.87,3478.61,11,3.7,0,322,Visa Card
2024-07-31,Teer Atta,Groceries,48183.43,8862.64,5,3.9,0,213,Rocket
2025-04-25,Kazi Farms Chicken,Frozen Food,41038.07,5697.53,3,3.2,0,95,bKash
2024-07-14,Akij Cement,Construction,34055.32,10786.58,3,3.7,0,249,Rocket
2024-03-18,Bata School Shoe,Fashion,51319.2,7054.71,5,4.4,0,374,Visa Card
2025-02-15,Walton Fridge,Electronics,7806.1,2670.94,2,2.7,0,313,Cash
2024-03-10,Fresh Soybean Oil,Groceries,22903.33,1878.68,12,3.4,1,68,Nagad
2025-02-09,Walton Fridge,Electronics,28663.01,8642.46,14,4.2,0,192,Visa Card
2025-02-18,Sunsilk Shampoo,Personal Care,44464.24,9030.13,20,3.3,0,279,Rocket
2024-07-25,Kazi Farms Chicken,Frozen Food,229972.3,21069.09,17,4.6,0,376,Rocket
2024-04-15,Sunsilk Shampoo,Personal Care,77375.21,26873.51,6,4.5,0,64,Nagad
2024-10-13,Kazi Farms Chicken,Frozen Food,14129.07,4503.66,2,4.1,0,491,Visa Card
2024-08-09,Pran Mango Juice,Beverages,201533.17,43376.29,13,4.1,0,168,bKash
2024-08-12,Vision TV,Electronics,4990.15,1543.74,18,2.7,0,262,bKash
2024-06-13,Sunsilk Shampoo,Personal Care,49216.75,11738.28,7,4.3,0,449,Visa Card
2024-01-16,Bashundhara Tissue,Household,233648.75,47538.73,20,4.6,0,486,Visa Card
2024-03-25,Aarong Panjabi,Fashion,13046.95,1460.63,7,3.1,0,356,bKash
2024-08-04,Bashundhara Tissue,Household,54118.63,14293.89,9,2.6,1,69,Cash
2024-09-20,Minister Blender,Electronics,98453.08,17868.34,18,2.9,0,165,Rocket
2024-01-12,Singer Rice Cooker,Electronics,219955.34,67749.24,17,4.6,1,436,Nagad
2025-01-18,Olympic Biscuit,Snacks,27356.9,9224.87,10,4.8,1,186,Mastercard
2024-02-07,Bombay Sweets Chanachur,Snacks,179858.24,39905.15,14,2.7,0,48,Mastercard
2024-09-12,Kazi Farms Chicken,Frozen Food,241412.82,78954.38,19,3.5,0,390,Cash
2025-05-11,Aarong Panjabi,Fashion,5378.4,1272.13,10,2.5,0,73,Nagad
2024-02-22,Navana Helmet,Automotive,79156.02,13426.04,11,4.9,0,229,Nagad
2025-02-03,Bombay Sweets Chanachur,Snacks,252330.59,40170.44,20,4.3,0,319,Cash
2025-04-02,Olympic Biscuit,Snacks,6407.03,826.67,2,2.9,0,221,Mastercard
2025-05-03,Pran Noodles,Groceries,13734.91,3298.84,2,2.9,0,391,Nagad
2024-12-23,Fresh Soybean Oil,Groceries,88095.02,10775.85,6,3.2,0,439,Visa Card
2024-01-26,Bashundhara Tissue,Household,141346.29,15636.9,16,4.9,1,162,Cash
2024-06-07,Teer Atta,Groceries,222658.24,61451.42,18,4.6,0,147,Cash
2024-10-21,Aarong Panjabi,Fashion,94889.3,30684.85,8,4.0,0,275,Rocket
2024-09-07,Vision TV,Electronics,136138.63,29603.46,10,4.7,1,492,Rocket
2024-11-03,Kazi Farms Chicken,Frozen Food,133429.93,41599.57,10,2.5,0,101,Mastercard
2024-10-30,Bombay Sweets Chanachur,Snacks,113130.93,17231.88,12,3.0,0,453,Rocket
2024-03-13,Square Toiletries Lotion,Personal Care,165368.52,31232.82,11,2.6,0,334,Rocket
2024-12-15,Kazi Farms Chicken,Frozen Food,1862.47,554.71,1,2.8,0,169,Nagad
2024-02-01,Walton Fridge,Electronics,122730.84,38136.16,13,2.8,0,444,Mastercard
2024-03-28,Bombay Sweets Chanachur,Snacks,21529.28,2085.03,4,4.2,0,424,Visa Card
2024-08-20,Fresh Milk,Dairy,10737.97,2745.29,1,3.7,0,336,Rocket
2025-02-16,Pran Mango Juice,Beverages,75288.17,13108.24,10,4.4,1,236,Nagad
2024-05-06,Bata School Shoe,Fashion,58470.29,11981.85,7,3.6,1,49,Mastercard
2024-12-04,Kazi Farms Chicken,Frozen Food,92669.14,13436.12,11,3.2,0,469,Mastercard
2024-04-06,Walton Fan,Electronics,243151.84,70587.24,15,3.5,0,491,Rocket
2024-06-12,Easy Fashion Shirt,Fashion,285481.56,24456.42,18,4.1,0,166,Visa Card
2024-10-02,Sunsilk Shampoo,Personal Care,150940.19,39762.85,20,2.7,1,118,Nagad
2025-01-19,Pran Noodles,Groceries,18593.8,2957.41,5,4.1,0,370,bKash
2024-04-18,Pran Noodles,Groceries,42228.56,14367.78,8,4.4,0,498,Visa Card
2024-12-03,Minister Blender,Electronics,59786.4,14226.62,9,2.5,0,41,Cash
2024-10-01,Akij Cement,Construction,50244.62,11851.13,17,3.7,0,134,Rocket
2024-08-24,Kazi Farms Chicken,Frozen Food,14591.33,4035.46,15,3.5,0,348,Visa Card
2024-11-30,Walton Fan,Electronics,82507.83,27793.58,10,4.5,0,289,bKash
2024-10-31,Bombay Sweets Chanachur,Snacks,40540.5,8961.23,3,3.2,0,233,Rocket
2024-01-17,Singer Rice Cooker,Electronics,8398.49,2507.37,5,3.1,0,424,Mastercard
2024-11-19,Bata School Shoe,Fashion,76348.87,10389.58,12,3.6,1,265,Nagad
2024-07-13,Olympic Biscuit,Snacks,180858.96,49231.7,15,4.8,0,328,Mastercard
2025-01-11,Walton Fridge,Electronics,80306.32,7259.85,10,4.2,0,288,Nagad
2024-08-25,RFL Chair,Furniture,89741.34,22180.97,10,4.0,0,471,Mastercard
2024-08-07,Lux Soap,Personal Care,47953.14,13683.64,6,3.8,1,369,Mastercard
2025-03-28,Bata School Shoe,Fashion,50505.85,10850.33,12,3.2,0,116,bKash
2024-12-06,Walton Fridge,Electronics,34015.8,3160.22,4,2.9,0,91,Nagad
2024-06-25,Bata School Shoe,Fashion,84994.26,26130.13,12,4.1,0,236,Rocket
2024-05-02,Vision TV,Electronics,219058.58,63883.31,15,4.2,1,73,Mastercard
2025-04-05,Navana Helmet,Automotive,225310.07,44274.18,19,2.7,0,300,Visa Card
2024-09-25,Akij Cement,Construction,115233.89,14034.17,10,4.0,0,118,Cash
2024-09-28,Bombay Sweets Chanachur,Snacks,125260.87,27898.13,10,3.1,1,445,Nagad
2025-05-03,Square Toiletries Lotion,Personal Care,81502.41,14649.22,8,2.5,0,34,Visa Card
2024-03-17,Fresh Milk,Dairy,97435.55,20924.79,14,3.9,0,424,Mastercard
2025-01-20,Aarong Panjabi,Fashion,16373.24,1999.62,4,3.6,0,18,bKash
2024-05-16,Bombay Sweets Chanachur,Snacks,76509.91,23069.02,9,2.5,0,127,Rocket
2024-03-14,Easy Fashion Shirt,Fashion,41905.18,12858.89,14,3.4,1,237,Mastercard
2024-08-25,Fresh Soybean Oil,Groceries,132110.36,24822.04,14,3.3,0,272,Mastercard
2024-01-10,ACI Salt,Groceries,130841.38,29578.65,11,4.7,0,147,Visa Card
2025-03-24,Olympic Biscuit,Snacks,164573.14,24853.66,14,4.1,0,332,bKash
2024-01-20,Teer Atta,Groceries,17922.73,6024.49,18,4.8,0,149,Mastercard
2024-05-09,Kazi Farms Chicken,Frozen Food,174872.31,46366.64,18,2.7,0,28,Rocket
2024-02-24,RFL Chair,Furniture,56487.06,9003.74,17,2.9,0,480,Visa Card
2024-01-14,Singer Rice Cooker,Electronics,40395.43,6249.44,8,4.8,1,416,Visa Card
2024-12-07,Bata School Shoe,Fashion,102402.64,32115.69,8,4.7,0,171,Nagad
2024-04-10,Lux Soap,Personal Care,177799.0,28102.89,12,3.8,0,491,bKash
2024-03-27,Teer Atta,Groceries,3988.87,1055.11,1,2.9,1,108,Visa Card
2024-07-13,Navana Helmet,Automotive,40211.29,3783.78,18,3.7,0,203,Cash
2024-09-10,Sunsilk Shampoo,Personal Care,94192.76,22507.39,19,4.9,0,193,bKash
2025-01-24,Aarong Panjabi,Fashion,220128.29,27326.1,16,4.0,0,341,Mastercard
2025-02-19,Dettol Handwash,Personal Care,54934.91,12303.17,7,3.1,1,62,Mastercard
2024-08-07,Minister Blender,Electronics,249872.91,20417.42,20,3.9,0,395,Visa Card
2024-12-23,Navana Helmet,Automotive,30009.3,9072.49,8,4.6,1,377,bKash
2024-03-14,Easy Fashion Shirt,Fashion,198804.7,49447.42,14,2.7,1,460,bKash
2025-03-20,RFL Chair,Furniture,43745.73,14569.05,17,3.2,1,212,Mastercard
2024-11-25,ACI Salt,Groceries,228196.63,69189.11,16,3.1,0,395,Cash
2024-07-24,Navana Helmet,Automotive,89925.0,10060.72,8,4.4,0,355,Rocket
2025-02-07,Minister Blender,Electronics,49499.52,6637.94,17,4.4,0,193,Mastercard
2024-09-07,Vision TV,Electronics,19266.15,4771.41,15,4.8,0,53,Rocket
2024-07-15,Square Toiletries Lotion,Personal Care,74843.77,17755.11,12,4.8,1,379,Visa Card
2024-06-23,Walton Fridge,Electronics,48858.1,7940.0,4,4.4,0,154,Cash
2024-03-20,Dettol Handwash,Personal Care,70887.16,18413.01,16,4.1,0,356,bKash
2025-01-09,Fresh Milk,Dairy,136007.49,23522.3,10,3.9,0,399,bKash
2025-02-13,Teer Atta,Groceries,107813.8,28723.37,7,4.6,0,431,Nagad
2025-01-30,Singer Rice Cooker,Electronics,30531.67,5630.72,2,3.4,0,324,Rocket
2024-09-26,Navana Helmet,Automotive,35846.75,10699.31,6,3.6,0,336,Mastercard
2024-09-21,Aarong Panjabi,Fashion,28416.02,6433.3,2,3.3,0,352,bKash
2024-12-18,Bata School Shoe,Fashion,139212.46,45255.44,16,3.5,0,186,Nagad
2025-02-01,Akij Cement,Construction,2298.98,698.08,8,4.1,0,470,Nagad
2024-07-15,Bombay Sweets Chanachur,Snacks,39478.0,3747.12,9,3.7,1,44,Visa Card
2024-06-04,Navana Helmet,Automotive,123270.17,16861.93,8,2.5,0,291,bKash
2024-10-11,Bata School Shoe,Fashion,6192.14,1397.63,2,4.8,1,188,Cash
2025-03-04,Lux Soap,Personal Care,184093.61,62372.38,19,3.0,0,364,Visa Card
2024-01-18,Easy Fashion Shirt,Fashion,19244.11,4448.96,2,3.4,0,229,Rocket
2025-01-04,Bombay Sweets Chanachur,Snacks,7782.55,623.72,1,3.9,1,255,bKash
2024-03-09,Pran Mango Juice,Beverages,112670.22,18045.54,7,4.9,0,315,bKash
2024-07-03,Teer Atta,Groceries,144275.74,29137.9,15,4.5,1,170,Visa Card
2025-01-29,Kazi Farms Chicken,Frozen Food,30693.48,5419.22,8,3.7,0,60,Visa Card
2024-11-01,Olympic Biscuit,Snacks,156317.16,22568.66,14,3.7,0,211,Cash
2025-02-12,Navana Helmet,Automotive,253361.03,25674.48,15,3.8,0,311,Mastercard
2024-01-12,Pran Mango Juice,Beverages,140687.23,48177.94,16,3.7,1,500,Visa Card
2025-02-20,Teer Atta,Groceries,65690.78,12445.62,19,4.9,0,224,Cash
2024-01-27,Walton Fridge,Electronics,23177.71,3060.77,4,2.8,0,491,Cash
2024-04-17,Lux Soap,Personal Care,218937.96,64679.89,17,2.5,0,94,Cash
2024-02-02,Dettol Handwash,Personal Care,34902.55,3013.66,9,2.8,0,436,Cash
2025-03-26,Aarong Panjabi,Fashion,110662.98,34939.68,14,4.9,0,99,bKash
2025-01-13,Bata School Shoe,Fashion,132781.74,27915.94,17,3.6,0,220,Cash
2025-05-14,Sunsilk Shampoo,Personal Care,26196.1,2719.12,4,3.0,0,479,Nagad
2024-03-20,Square Toiletries Lotion,Personal Care,29735.92,6571.91,3,4.3,1,338,Nagad
2025-01-22,Navana Helmet,Automotive,52352.49,15563.77,7,4.5,0,374,Nagad
2024-11-10,ACI Salt,Groceries,186476.37,58718.77,18,3.8,1,156,Visa Card
2025-01-23,Kazi Farms Chicken,Frozen Food,10125.63,2855.21,3,3.7,0,174,Rocket
2024-09-30,Olympic Biscuit,Snacks,156098.54,15207.77,16,4.9,0,494,bKash
2024-02-18,Minister Blender,Electronics,60357.24,4923.06,11,4.2,0,127,bKash
2024-10-18,Easy Fashion Shirt,Fashion,11419.13,3406.33,1,4.5,0,471,Visa Card
2024-09-03,Vision TV,Electronics,58145.07,7161.29,7,2.7,0,166,Cash
2024-04-20,Navana Helmet,Automotive,25592.75,7932.9,7,2.6,0,131,Cash
2024-07-21,Olympic Biscuit,Snacks,183088.2,53368.07,17,4.2,0,95,Cash
2024-02-22,Fresh Milk,Dairy,210566.9,49082.34,20,3.5,0,488,Nagad
2024-06-17,Square Toiletries Lotion,Personal Care,164734.24,50454.09,13,4.1,0,135,Mastercard
2024-06-02,ACI Salt,Groceries,202588.56,19978.51,15,2.6,0,90,bKash
2024-08-12,Akij Cement,Construction,5276.49,1650.54,1,3.3,0,359,bKash
2024-10-22,Akij Cement,Construction,19219.74,6593.43,2,3.9,0,237,Nagad
2024-08-12,Square Toiletries Lotion,Personal Care,58266.79,12899.85,9,4.8,1,300,Rocket
2024-06-03,Navana Helmet,Automotive,59349.95,11575.09,15,4.5,1,367,bKash
2024-04-06,Kazi Farms Chicken,Frozen Food,12555.45,4006.93,2,3.4,0,435,Rocket
2024-03-31,Sunsilk Shampoo,Personal Care,40047.61,7285.58,8,3.6,0,98,bKash
2024-05-21,Pran Noodles,Groceries,84943.77,28061.02,19,4.9,1,194,Rocket
2024-11-29,Pran Mango Juice,Beverages,157310.68,23239.82,10,4.3,1,320,Rocket
2024-02-14,Sunsilk Shampoo,Personal Care,186744.57,50815.01,13,5.0,1,361,Rocket
2024-12-13,Easy Fashion Shirt,Fashion,29419.13,6254.12,6,3.6,0,275,Cash
2024-11-03,Lux Soap,Personal Care,44803.5,13900.56,3,4.0,0,131,Nagad
2024-06-16,Bata School Shoe,Fashion,177160.67,58407.7,16,4.3,0,277,Nagad
2024-06-25,Bombay Sweets Chanachur,Snacks,67762.14,22993.76,6,3.1,1,177,bKash
2024-07-10,Teer Atta,Groceries,60513.41,7483.69,4,2.7,0,328,bKash
2024-03-31,Vision TV,Electronics,268578.14,50643.8,20,4.2,0,459,Cash
2025-01-24,Olympic Biscuit,Snacks,161491.48,51133.6,11,4.4,0,420,bKash
2024-08-16,Olympic Biscuit,Snacks,30351.47,7905.22,8,3.6,0,321,bKash
2025-03-27,ACI Salt,Groceries,10534.47,3683.06,10,3.7,0,462,Mastercard
2025-04-18,Pran Noodles,Groceries,127781.3,15832.15,14,4.1,0,40,Cash
2024-12-19,Lux Soap,Personal Care,233069.87,40479.84,20,4.1,1,43,bKash
2024-11-25,Vision TV,Electronics,189474.82,19416.45,18,2.9,0,358,bKash
2024-01-16,Easy Fashion Shirt,Fashion,8708.2,1004.03,2,4.1,0,466,Visa Card
2025-03-15,Easy Fashion Shirt,Fashion,36765.13,11628.19,4,4.2,0,421,Visa Card
2024-08-27,Akij Cement,Construction,59429.83,13615.15,8,3.2,0,297,Cash
2024-08-09,Bashundhara Tissue,Household,171444.54,20014.4,19,4.4,1,147,Rocket
2024-03-31,Walton Fan,Electronics,42564.21,12120.65,5,4.5,0,159,Visa Card
2024-08-18,Olympic Biscuit,Snacks,43604.34,14203.71,3,2.7,0,275,Cash
2024-02-14,Teer Atta,Groceries,26655.13,2794.62,5,4.0,0,285,Mastercard
2024-08-30,Bashundhara Tissue,Household,33074.97,5069.31,5,3.0,1,439,Cash
2024-12-23,Lux Soap,Personal Care,110735.07,27530.91,12,4.5,0,182,Nagad
2024-09-11,Kazi Farms Chicken,Frozen Food,87087.27,23277.78,7,3.6,0,141,Cash
2024-03-22,Fresh Milk,Dairy,3711.58,1246.32,10,4.7,1,178,Visa Card
2024-03-25,Navana Helmet,Automotive,150443.52,17009.6,13,2.8,0,261,Rocket
2024-02-11,Pran Noodles,Groceries,100861.64,20650.17,12,2.9,0,208,Mastercard
2024-10-13,Dettol Handwash,Personal Care,93419.57,17247.0,19,3.0,1,158,Mastercard
2025-05-07,Singer Rice Cooker,Electronics,89709.68,11095.71,18,4.6,1,260,Mastercard
2024-06-22,Olympic Biscuit,Snacks,221904.38,46830.83,14,2.7,0,213,bKash
2025-02-24,Square Toiletries Lotion,Personal Care,47773.34,10488.38,6,4.4,0,48,bKash
2024-08-01,Sunsilk Shampoo,Personal Care,193628.57,18490.04,18,2.8,0,311,Rocket
2025-01-27,Sunsilk Shampoo,Personal Care,150537.24,40237.42,11,4.3,0,355,Visa Card
2024-05-24,Kazi Farms Chicken,Frozen Food,1844.73,168.39,15,3.8,0,119,Visa Card
2024-04-24,Bombay Sweets Chanachur,Snacks,79651.31,19633.04,12,2.8,0,184,Visa Card
2025-03-04,Teer Atta,Groceries,96500.68,23616.73,12,3.7,0,210,Visa Card
2024-12-21,Kazi Farms Chicken,Frozen Food,13466.59,2626.28,5,3.4,0,115,Mastercard
2024-10-19,Aarong Panjabi,Fashion,189016.9,57188.59,19,4.2,0,168,Rocket
2024-03-08,Navana Helmet,Automotive,21420.73,5563.59,4,3.2,0,210,Mastercard
2024-01-27,ACI Salt,Groceries,133148.43,20125.89,8,4.1,0,288,Visa Card
2025-03-15,Olympic Biscuit,Snacks,27828.74,3684.45,10,2.8,0,433,Mastercard
2024-12-28,Square Toiletries Lotion,Personal Care,57489.06,18774.13,4,2.6,0,472,Rocket
2024-03-18,Kazi Farms Chicken,Frozen Food,212498.97,21226.92,18,4.6,0,459,Visa Card
2024-01-11,ACI Salt,Groceries,66503.24,17934.35,18,4.9,1,385,Visa Card
2024-05-06,Pran Mango Juice,Beverages,47907.98,9414.41,7,3.1,0,368,Mastercard
2024-06-30,Bombay Sweets Chanachur,Snacks,8565.9,1024.43,12,4.8,0,155,Mastercard
2024-06-19,Sunsilk Shampoo,Personal Care,17144.41,3562.02,5,4.8,1,158,Visa Card
2024-11-02,Pran Mango Juice,Beverages,8994.0,2797.74,5,4.6,1,82,Visa Card
2024-12-22,Aarong Panjabi,Fashion,97231.39,25860.06,7,3.8,0,20,Rocket
2024-06-26,Olympic Biscuit,Snacks,133313.13,28768.01,9,4.1,0,399,bKash
2025-03-28,Sunsilk Shampoo,Personal Care,3930.52,626.79,6,3.3,0,336,Nagad
2024-08-29,Minister Blender,Electronics,14854.92,4381.16,1,3.9,1,34,bKash
2025-01-15,Square Toiletries Lotion,Personal Care,115807.1,37301.67,10,2.8,0,224,bKash
2024-07-28,Akij Cement,Construction,20996.81,4322.15,8,4.2,0,220,Visa Card
2024-07-08,Walton Fan,Electronics,243331.16,24328.9,18,3.9,0,475,Nagad
2024-09-10,Walton Fridge,Electronics,78427.08,8925.26,5,4.1,0,238,Cash
2024-03-30,Bombay Sweets Chanachur,Snacks,86276.07,16239.93,5,4.9,0,280,bKash
2024-06-09,Bata School Shoe,Fashion,3340.45,847.1,20,2.7,0,306,Nagad
2024-01-18,Vision TV,Electronics,44270.86,12936.12,3,3.8,1,13,Rocket
2024-09-18,RFL Chair,Furniture,119967.3,13730.12,11,2.7,0,30,Rocket
2024-07-13,Bashundhara Tissue,Household,125585.89,21922.83,20,4.2,0,276,Rocket
2024-11-01,Pran Mango Juice,Beverages,25111.03,3837.01,16,3.5,0,10,Mastercard
2025-04-25,Dettol Handwash,Personal Care,17799.68,2818.9,3,3.7,0,116,Nagad
2025-04-25,Lux Soap,Personal Care,120688.07,12772.72,8,4.7,1,80,Nagad
2024-11-22,Walton Fan,Electronics,89672.99,7417.06,18,3.6,0,441,Visa Card
2024-11-04,Fresh Soybean Oil,Groceries,94551.96,15186.54,18,4.1,0,144,bKash
2025-01-26,Aarong Panjabi,Fashion,3874.56,1051.76,1,4.9,0,461,Nagad
2024-06-15,Fresh Soybean Oil,Groceries,4988.71,429.95,2,2.7,1,255,Rocket
2024-02-11,Lux Soap,Personal Care,24693.37,7221.84,2,3.7,1,139,bKash
2025-03-21,Bata School Shoe,Fashion,81133.49,10297.27,10,2.5,0,334,Cash
2024-06-02,Bashundhara Tissue,Household,131566.02,24820.3,11,3.2,0,408,Rocket
2024-04-16,Square Toiletries Lotion,Personal Care,85270.16,14620.46,7,4.5,1,460,Nagad
2025-01-29,ACI Salt,Groceries,145756.44,23434.88,18,3.1,0,80,Nagad
2025-01-26,Akij Cement,Construction,36811.0,3368.44,19,4.3,0,63,Rocket
2024-01-10,Easy Fashion Shirt,Fashion,58769.77,5738.23,8,2.7,0,377,Nagad
2024-08-17,RFL Chair,Furniture,44230.95,14103.83,14,4.5,0,388,Nagad
2024-04-16,Teer Atta,Groceries,67292.29,6202.58,7,3.5,0,252,Visa Card
2024-10-21,Lux Soap,Personal Care,753.89,124.61,1,2.8,0,211,bKash
2025-03-20,Bombay Sweets Chanachur,Snacks,141435.57,14192.05,9,2.9,0,83,bKash
2024-10-19,Walton Fan,Electronics,83526.26,10692.87,11,4.5,1,481,Rocket
2024-10-02,RFL Chair,Furniture,18199.61,2864.39,4,4.7,0,53,Rocket
2024-05-17,Singer Rice Cooker,Electronics,235228.9,80334.33,18,3.2,1,33,Visa Card
2024-04-30,Square Toiletries Lotion,Personal Care,253844.6,63259.58,18,4.7,0,479,bKash
2024-01-25,Square Toiletries Lotion,Personal Care,64568.92,13173.69,13,3.8,0,130,bKash
2025-05-11,Pran Mango Juice,Beverages,32594.35,9414.65,2,3.2,0,481,Cash
2025-01-24,Navana Helmet,Automotive,19031.59,2509.88,5,3.7,0,411,Visa Card
2024-04-22,Akij Cement,Construction,188216.78,40478.41,15,3.2,0,387,bKash
2024-02-29,Lux Soap,Personal Care,93431.12,30640.29,13,4.3,1,115,bKash
2025-04-21,Walton Fridge,Electronics,93972.19,17732.52,19,4.5,1,184,Nagad
2024-10-05,Fresh Milk,Dairy,7253.53,1578.96,1,3.6,0,219,Cash
2024-07-08,Dettol Handwash,Personal Care,127591.62,20146.59,9,2.5,0,77,bKash
2024-01-29,Fresh Soybean Oil,Groceries,59774.49,18681.03,17,3.8,0,177,Rocket
2024-10-29,Olympic Biscuit,Snacks,141180.54,14466.12,14,4.1,1,263,Cash
2025-01-08,Singer Rice Cooker,Electronics,43815.41,6730.85,4,4.8,1,393,bKash
2024-10-01,Walton Fridge,Electronics,46604.34,8506.8,6,3.9,0,135,Nagad
2025-04-04,Singer Rice Cooker,Electronics,111679.55,38149.64,10,4.1,0,188,Nagad
2024-02-26,Teer Atta,Groceries,17644.65,5885.89,3,3.5,0,36,Mastercard
2025-05-07,Fresh Soybean Oil,Groceries,101154.36,20509.51,8,3.1,0,415,Visa Card
2025-05-14,Bashundhara Tissue,Household,34485.37,6218.79,8,2.6,0,106,Nagad
2024-08-19,RFL Chair,Furniture,138996.49,23095.97,17,4.3,1,189,Mastercard
2024-01-23,Fresh Soybean Oil,Groceries,32142.26,5593.45,6,3.0,0,470,Nagad
2024-03-05,Fresh Soybean Oil,Groceries,255800.79,70877.04,17,4.0,0,186,Visa Card
2024-07-13,Square Toiletries Lotion,Personal Care,27723.42,4398.52,8,3.9,0,74,Mastercard
2024-02-14,Pran Mango Juice,Beverages,84012.48,22510.8,8,2.6,0,467,Visa Card
2024-06-14,ACI Salt,Groceries,135531.01,23536.26,14,2.7,0,158,Mastercard
2024-11-21,ACI Salt,Groceries,21119.88,5323.45,4,4.5,1,466,bKash
2025-02-06,RFL Chair,Furniture,118301.33,24806.4,14,2.8,1,261,Mastercard
2024-01-10,Vision TV,Electronics,51513.42,9855.48,20,3.6,0,137,Visa Card
2024-04-24,Navana Helmet,Automotive,166432.24,32656.56,19,3.8,0,271,Cash
2025-03-18,Walton Fridge,Electronics,36385.17,12067.03,4,4.8,0,74,Cash
2024-04-28,Aarong Panjabi,Fashion,74713.44,17723.66,11,3.1,0,196,Cash
2024-02-17,Kazi Farms Chicken,Frozen Food,100847.92,11740.75,8,3.0,0,69,bKash
2024-01-11,ACI Salt,Groceries,6568.96,1950.3,5,3.0,0,427,bKash
2024-07-27,Singer Rice Cooker,Electronics,22175.24,6743.36,7,2.7,0,67,Visa Card
2024-03-27,Akij Cement,Construction,67417.44,20510.03,7,2.5,1,163,bKash
2024-02-07,Bashundhara Tissue,Household,235062.73,46638.02,18,4.3,0,377,bKash
2024-11-13,Lux Soap,Personal Care,28717.99,7644.43,13,3.1,0,346,Visa Card
2024-06-25,Bata School Shoe,Fashion,20289.02,6140.94,8,2.6,0,31,Visa Card
2024-05-11,Navana Helmet,Automotive,56023.34,10659.9,12,4.6,0,494,Rocket
2024-07-13,Bata School Shoe,Fashion,115759.18,21683.4,9,4.6,1,392,bKash
2024-03-24,Square Toiletries Lotion,Personal Care,9326.05,1422.47,8,3.9,0,471,Rocket
2025-03-12,ACI Salt,Groceries,26203.62,3149.7,10,3.9,0,396,Visa Card
2025-05-08,Walton Fan,Electronics,39333.01,13232.25,3,2.9,0,119,Mastercard
2024-02-20,Minister Blender,Electronics,120438.0,16826.08,9,3.1,0,28,Cash
2024-05-03,Minister Blender,Electronics,148047.79,24334.3,19,3.0,0,248,Rocket
2025-04-04,Navana Helmet,Automotive,119717.1,26580.85,9,3.3,1,239,Visa Card
2025-03-31,Lux Soap,Personal Care,22648.65,5610.52,16,2.6,0,242,Nagad
2024-09-21,Navana Helmet,Automotive,17616.52,3407.34,3,3.0,0,319,bKash
2025-02-11,Bashundhara Tissue,Household,70847.33,11867.48,6,3.9,1,398,Nagad
2024-09-13,Akij Cement,Construction,43924.64,7677.1,5,4.6,0,19,Cash
2024-04-07,Easy Fashion Shirt,Fashion,120989.43,11420.57,10,3.7,0,33,Visa Card
2024-08-28,Vision TV,Electronics,228323.74,27182.11,20,4.8,0,460,Nagad
2024-12-30,Minister Blender,Electronics,86979.97,30073.37,13,4.4,0,262,bKash
2025-01-05,Pran Noodles,Groceries,124013.92,40354.37,9,2.7,0,246,Rocket
2024-11-12,ACI Salt,Groceries,58814.92,11985.55,6,3.2,0,220,Mastercard
2024-11-01,Pran Mango Juice,Beverages,39664.91,5798.68,3,2.9,1,149,Nagad
2024-09-17,Minister Blender,Electronics,42090.85,14040.13,5,3.5,0,165,Cash
2024-01-15,Dettol Handwash,Personal Care,67154.73,5561.28,8,2.7,0,399,bKash
2024-09-25,Walton Fan,Electronics,15476.31,1890.21,1,4.1,0,84,bKash
2024-01-30,Bata School Shoe,Fashion,129436.64,29165.79,8,3.5,0,434,Rocket
2024-11-06,Pran Mango Juice,Beverages,134395.99,39540.03,18,3.9,0,147,Mastercard
2024-10-25,Square Toiletries Lotion,Personal Care,76333.48,20587.45,6,4.2,0,127,bKash
2024-06-24,Square Toiletries Lotion,Personal Care,20801.29,6046.56,3,3.7,0,133,Mastercard
2024-12-05,Pran Mango Juice,Beverages,84186.03,21351.73,15,2.5,0,200,Visa Card
2024-05-27,Aarong Panjabi,Fashion,203253.24,68893.42,19,3.3,1,329,Cash
2024-03-22,Bata School Shoe,Fashion,112360.97,12561.43,9,4.6,0,199,Nagad
2025-03-16,Fresh Soybean Oil,Groceries,6407.38,2043.16,1,4.1,0,198,Rocket
2024-04-13,Pran Noodles,Groceries,9941.17,1814.65,3,3.1,0,162,Cash
2024-12-05,Fresh Milk,Dairy,217056.68,21365.54,17,2.6,1,395,Rocket
2024-03-06,Walton Fridge,Electronics,50940.49,13796.37,19,4.0,0,242,Visa Card
2025-03-27,Aarong Panjabi,Fashion,29821.5,7531.92,20,2.5,0,300,bKash
2024-10-12,Kazi Farms Chicken,Frozen Food,43900.06,13564.33,17,3.8,0,494,Rocket
2024-05-01,Square Toiletries Lotion,Personal Care,9380.56,1925.4,1,3.1,0,376,Visa Card
2024-05-27,Kazi Farms Chicken,Frozen Food,25904.23,2691.51,5,4.3,0,132,Rocket
2024-04-12,Vision TV,Electronics,163803.56,35183.28,18,3.3,1,331,Rocket
2024-09-18,Lux Soap,Personal Care,19134.36,2975.77,13,3.9,0,122,Nagad
2024-02-25,Singer Rice Cooker,Electronics,57866.45,15714.66,9,3.6,1,350,Nagad
2024-03-24,Bata School Shoe,Fashion,52355.45,10778.61,8,4.8,0,56,Cash
2025-04-11,Walton Fridge,Electronics,23690.33,7494.84,9,5.0,0,111,bKash
2024-03-30,Akij Cement,Construction,78957.84,9532.49,18,4.6,0,106,Cash
2024-05-06,Navana Helmet,Automotive,203759.58,47944.68,19,3.6,0,67,Mastercard
2024-10-28,Teer Atta,Groceries,92973.52,31557.44,8,4.4,0,356,Visa Card
2025-01-27,Olympic Biscuit,Snacks,15131.4,3947.29,15,3.7,0,308,Nagad
2024-03-05,Fresh Soybean Oil,Groceries,9527.63,2652.94,10,4.9,1,252,bKash
2024-03-03,Walton Fridge,Electronics,13012.53,2730.39,13,4.3,0,62,Nagad
2024-04-10,Pran Mango Juice,Beverages,41590.23,7811.91,15,4.7,0,118,bKash
2024-05-19,Vision TV,Electronics,45760.96,12646.95,4,3.6,0,132,Mastercard
2025-01-21,Walton Fridge,Electronics,109850.11,21382.18,12,3.1,0,127,Rocket
2024-06-20,Bata School Shoe,Fashion,2278.95,723.05,1,3.2,0,461,Nagad
2025-05-13,Bombay Sweets Chanachur,Snacks,208082.38,44638.2,16,4.4,0,390,Visa Card
2024-06-22,Lux Soap,Personal Care,44402.19,4546.01,19,2.9,0,67,Mastercard
2024-09-19,Bata School Shoe,Fashion,37093.51,5170.48,6,4.3,0,423,Visa Card
2025-03-05,RFL Chair,Furniture,4070.8,856.42,3,2.9,0,438,bKash
2024-04-10,Bata School Shoe,Fashion,137620.82,27907.65,9,4.1,1,220,Visa Card
2024-11-06,Vision TV,Electronics,139085.04,41714.95,10,5.0,0,414,bKash
2025-01-03,Easy Fashion Shirt,Fashion,157907.31,35458.61,13,5.0,0,452,Visa Card
2024-11-26,Bombay Sweets Chanachur,Snacks,17331.93,1707.56,9,4.9,0,367,Cash
2024-11-09,Vision TV,Electronics,167921.35,56345.06,17,2.9,0,75,Nagad
2024-03-05,Aarong Panjabi,Fashion,155557.25,24545.96,15,4.9,0,271,bKash
2024-02-15,Minister Blender,Electronics,250724.55,28317.5,16,4.7,1,446,Mastercard
2024-08-25,Teer Atta,Groceries,79386.99,25209.83,14,3.7,0,366,Mastercard
2025-03-28,Square Toiletries Lotion,Personal Care,72168.67,5899.44,5,4.3,0,362,bKash
2025-04-24,Easy Fashion Shirt,Fashion,27378.65,7131.02,4,3.2,0,162,Cash
2024-12-12,Bata School Shoe,Fashion,31747.73,9939.55,4,2.6,0,334,Mastercard
2025-01-31,Pran Noodles,Groceries,18269.36,3664.44,4,3.0,0,95,Cash
2024-11-05,Aarong Panjabi,Fashion,42258.47,7387.88,4,4.0,1,283,Cash
2024-12-19,Walton Fridge,Electronics,69974.64,15818.84,9,2.6,0,218,bKash
2025-02-04,Dettol Handwash,Personal Care,201201.13,19630.92,15,3.5,0,50,Mastercard
2024-06-04,Square Toiletries Lotion,Personal Care,140503.64,40841.78,10,2.9,0,491,Visa Card
2024-09-10,Minister Blender,Electronics,36711.83,8423.92,3,3.5,0,470,Nagad
2024-01-31,Navana Helmet,Automotive,112209.41,35370.46,8,4.6,0,215,Mastercard
2025-01-05,Bashundhara Tissue,Household,10330.9,2567.05,1,4.9,1,184,Visa Card
2025-02-22,ACI Salt,Groceries,172013.91,29274.39,16,2.7,0,171,bKash
2024-04-29,Fresh Soybean Oil,Groceries,131969.33,42948.53,13,3.3,0,128,Cash
2024-02-15,Kazi Farms Chicken,Frozen Food,13430.83,1496.28,2,3.0,0,438,Cash
2024-09-22,Pran Noodles,Groceries,18752.93,4297.56,2,3.1,0,209,Rocket
2025-03-29,Olympic Biscuit,Snacks,16108.32,1898.24,3,3.8,1,144,Nagad
2024-06-08,Dettol Handwash,Personal Care,49926.94,7226.34,8,2.8,1,100,Mastercard
2025-01-05,Walton Fridge,Electronics,62267.7,20984.46,12,2.9,0,421,Cash
2024-12-15,Lux Soap,Personal Care,72170.84,13211.79,12,3.0,1,439,bKash
2025-01-07,Olympic Biscuit,Snacks,147358.1,26579.38,16,3.3,0,51,Mastercard
2025-04-07,Sunsilk Shampoo,Personal Care,252574.98,84559.45,20,4.1,0,213,Cash
2024-10-02,ACI Salt,Groceries,65165.24,14642.57,5,4.4,0,401,Rocket
2024-05-29,ACI Salt,Groceries,15269.77,3900.91,5,4.3,0,321,Rocket
2024-03-25,Dettol Handwash,Personal Care,138397.55,31675.96,10,4.6,1,346,Nagad
2024-09-30,Dettol Handwash,Personal Care,217363.58,51711.01,13,3.3,0,337,bKash
2024-08-17,Pran Mango Juice,Beverages,11236.66,3336.55,6,2.6,0,471,Visa Card
2024-09-23,Navana Helmet,Automotive,60428.32,5838.54,14,4.2,1,465,Cash
2024-06-28,Lux Soap,Personal Care,6521.91,2217.95,4,2.8,1,80,Nagad
2024-02-09,Lux Soap,Personal Care,238437.38,81548.33,20,2.6,0,326,Cash
2025-01-10,Walton Fridge,Electronics,157461.16,38843.21,14,4.5,1,103,Visa Card
2024-10-15,Dettol Handwash,Personal Care,38437.38,4442.66,8,3.4,0,283,Visa Card
2025-05-03,Navana Helmet,Automotive,120517.18,19858.2,17,4.4,0,318,Cash
2024-03-23,Dettol Handwash,Personal Care,97310.13,27843.44,14,3.0,0,110,Visa Card
2025-04-07,RFL Chair,Furniture,46131.53,11959.42,4,3.6,0,45,Visa Card
2024-10-11,Akij Cement,Construction,155775.23,16400.23,17,3.8,1,292,bKash
2024-06-10,Pran Mango Juice,Beverages,85069.41,7892.34,9,4.6,0,384,Nagad
2025-03-19,Pran Mango Juice,Beverages,6452.79,1334.04,7,4.4,0,229,Nagad
2025-02-07,Sunsilk Shampoo,Personal Care,15629.05,2195.06,1,3.3,0,236,Mastercard
2024-07-18,Akij Cement,Construction,72425.44,23518.78,5,4.5,0,265,Nagad
2025-02-18,Sunsilk Shampoo,Personal Care,121168.93,22165.54,19,3.5,0,391,Nagad
2025-03-11,Easy Fashion Shirt,Fashion,223969.3,39760.43,20,4.7,0,171,Cash
2024-07-24,ACI Salt,Groceries,219141.16,51453.18,16,4.4,0,112,Cash
2024-06-01,Walton Fridge,Electronics,241853.71,65816.47,15,3.0,0,466,Rocket
2024-10-21,Dettol Handwash,Personal Care,50959.49,17253.06,10,4.5,0,144,Cash
2024-06-05,Sunsilk Shampoo,Personal Care,80896.66,23699.9,13,2.8,1,475,Rocket
2024-03-29,Aarong Panjabi,Fashion,188570.26,46904.33,17,3.6,0,399,Cash
2024-06-03,Bashundhara Tissue,Household,94298.59,30912.39,12,2.7,0,33,Mastercard
2024-09-17,Easy Fashion Shirt,Fashion,3652.38,821.0,13,3.5,0,203,Rocket
2024-10-27,Walton Fan,Electronics,43207.58,4713.06,6,3.1,0,94,Cash
2024-02-02,RFL Chair,Furniture,19317.4,3267.08,15,4.2,0,422,Visa Card
2025-01-04,Pran Mango Juice,Beverages,25163.1,6581.67,2,2.5,0,196,Cash
2024-03-14,Walton Fan,Electronics,28736.22,7525.34,3,3.4,0,18,Cash
2024-06-06,ACI Salt,Groceries,31351.94,6397.27,14,3.8,1,293,Mastercard
2024-03-29,Bata School Shoe,Fashion,54975.61,8427.35,13,4.3,1,46,bKash
2025-03-03,Kazi Farms Chicken,Frozen Food,128164.64,12288.24,9,4.2,0,459,bKash
2024-08-26,Pran Noodles,Groceries,91721.64,16527.85,7,4.4,0,161,Nagad
2024-12-13,Navana Helmet,Automotive,4874.02,1632.54,14,3.5,0,318,bKash
2024-02-24,Sunsilk Shampoo,Personal Care,5457.62,972.89,1,2.9,0,309,Rocket
2024-06-25,Sunsilk Shampoo,Personal Care,78382.18,19515.87,9,2.5,1,420,Visa Card
2024-02-25,Navana Helmet,Automotive,24742.1,5884.29,7,4.2,0,306,Rocket
2025-03-23,Bombay Sweets Chanachur,Snacks,123928.67,12363.79,15,3.5,0,163,Nagad
2024-04-05,Singer Rice Cooker,Electronics,93523.96,15125.54,9,3.7,0,189,Mastercard
2024-05-25,Minister Blender,Electronics,143734.52,25488.85,16,3.9,0,104,bKash
2025-01-17,Square Toiletries Lotion,Personal Care,163102.77,19457.59,20,3.0,0,439,Nagad
2025-01-19,Fresh Soybean Oil,Groceries,249187.38,34554.29,20,2.6,0,37,Cash
2024-05-14,Akij Cement,Construction,82444.85,11528.69,18,2.9,0,206,Nagad
2024-09-23,Bata School Shoe,Fashion,174529.15,47489.58,19,3.9,0,247,bKash
2024-02-24,Walton Fridge,Electronics,14318.85,2213.16,5,3.5,0,253,Cash
2024-06-09,Aarong Panjabi,Fashion,23325.1,7929.97,12,4.7,0,374,Visa Card
2024-07-23,Akij Cement,Construction,1110.92,292.97,5,2.6,0,38,Nagad
2024-09-29,Walton Fan,Electronics,13264.96,3403.55,5,4.9,0,229,Mastercard
2025-03-26,Kazi Farms Chicken,Frozen Food,5752.72,1300.77,4,3.8,0,391,Nagad
2024-12-19,Singer Rice Cooker,Electronics,12123.52,3323.15,1,3.8,0,289,Visa Card
2025-03-21,Bashundhara Tissue,Household,40028.17,7295.12,11,2.7,0,60,Rocket
2024-03-06,Walton Fan,Electronics,159961.9,30480.73,14,2.8,0,47,Rocket
2024-03-31,Walton Fan,Electronics,84228.8,12156.57,19,3.8,1,330,Cash
2024-01-17,Vision TV,Electronics,111545.9,37147.3,11,2.9,0,197,Nagad
2024-05-19,Easy Fashion Shirt,Fashion,92364.46,17256.55,9,4.1,0,456,Nagad
2025-02-25,Teer Atta,Groceries,268338.44,39168.36,19,4.0,0,479,bKash
2024-05-31,Bombay Sweets Chanachur,Snacks,169744.64,40062.84,18,3.8,0,384,Nagad
2024-01-29,Walton Fridge,Electronics,8897.83,981.63,1,3.8,1,276,Visa Card
2024-08-11,Lux Soap,Personal Care,30600.61,9908.42,4,4.5,0,148,Nagad
2024-05-25,Fresh Milk,Dairy,41520.23,13856.39,3,2.8,1,242,Nagad
2024-04-14,Pran Mango Juice,Beverages,66498.5,22337.72,16,3.8,0,144,Mastercard
2024-07-24,Teer Atta,Groceries,18677.66,3193.14,3,2.6,0,455,Visa Card
2024-03-03,RFL Chair,Furniture,66375.21,8348.37,10,2.7,1,219,Visa Card
2024-02-02,Kazi Farms Chicken,Frozen Food,225029.17,58775.64,13,4.2,1,260,Rocket
2024-02-27,RFL Chair,Furniture,45691.66,6913.09,3,2.9,1,56,Cash
2025-03-31,Kazi Farms Chicken,Frozen Food,17905.06,3612.43,6,4.7,1,347,Mastercard
2024-10-21,Dettol Handwash,Personal Care,48189.82,13008.05,5,3.3,1,282,Visa Card
2024-04-03,Fresh Milk,Dairy,144392.92,18680.82,16,2.7,1,298,Rocket
2024-04-10,Teer Atta,Groceries,89068.36,20788.22,6,4.9,1,292,Visa Card
2024-08-05,Minister Blender,Electronics,6895.03,1039.34,1,4.9,0,282,Rocket
2024-05-07,Bata School Shoe,Fashion,114297.18,19775.71,14,3.2,0,310,Nagad
2024-03-18,Sunsilk Shampoo,Personal Care,152337.99,26774.67,13,4.6,1,242,Nagad
2024-10-11,Navana Helmet,Automotive,155107.3,39192.27,17,4.2,1,342,bKash
2025-01-25,Pran Mango Juice,Beverages,46167.27,15151.37,7,3.8,0,70,Mastercard
2024-12-06,Kazi Farms Chicken,Frozen Food,39318.81,4662.81,19,4.0,0,417,Visa Card
2024-05-02,Fresh Soybean Oil,Groceries,160001.11,13281.44,17,3.7,1,212,Mastercard
2024-09-11,Minister Blender,Electronics,213977.54,42540.3,17,2.9,1,232,Rocket
2024-01-19,Bombay Sweets Chanachur,Snacks,72167.14,22180.52,5,4.9,0,264,Visa Card
2024-09-06,Pran Mango Juice,Beverages,13643.83,3930.0,2,4.0,0,400,Mastercard
2025-02-24,Fresh Soybean Oil,Groceries,51196.08,17049.14,6,2.8,0,221,bKash
2024-10-19,Vision TV,Electronics,32706.38,8957.04,6,3.0,0,233,Nagad
2024-08-30,RFL Chair,Furniture,99022.17,24822.03,14,2.9,1,483,bKash
2025-02-10,Kazi Farms Chicken,Frozen Food,90829.47,25932.71,15,3.4,0,416,Visa Card
2024-01-29,Minister Blender,Electronics,207101.95,24832.9,15,4.7,1,215,Cash
2024-05-01,Kazi Farms Chicken,Frozen Food,75642.34,20482.32,6,4.2,0,206,Nagad
2025-01-27,Fresh Milk,Dairy,42199.24,8998.95,8,3.5,1,74,Mastercard
2025-01-06,Easy Fashion Shirt,Fashion,75643.93,9623.37,8,2.7,0,214,bKash
2025-03-21,Fresh Soybean Oil,Groceries,106105.62,26843.96,8,2.9,0,287,Cash
2024-12-08,Kazi Farms Chicken,Frozen Food,792.54,154.32,4,4.7,1,286,Cash
2024-05-10,Walton Fan,Electronics,13429.98,2415.32,9,4.1,0,93,Rocket
2024-07-27,Kazi Farms Chicken,Frozen Food,48137.16,11240.14,5,4.9,0,279,bKash
2024-04-30,Walton Fridge,Electronics,20063.87,2786.04,4,2.8,1,113,Nagad
2024-07-26,Fresh Soybean Oil,Groceries,151234.81,47985.0,10,4.4,1,48,Rocket
2025-03-05,Walton Fan,Electronics,282475.32,50683.45,20,3.9,1,103,Visa Card
2024-09-26,Olympic Biscuit,Snacks,36982.49,7168.94,20,3.6,0,498,Rocket
2024-06-24,Square Toiletries Lotion,Personal Care,23597.81,2110.61,4,3.3,0,209,Rocket
2024-04-15,Walton Fridge,Electronics,38911.39,3694.11,10,2.9,0,407,Cash
2024-12-16,Square Toiletries Lotion,Personal Care,93954.24,31333.31,9,3.4,0,307,Visa Card
2025-01-08,Singer Rice Cooker,Electronics,228140.05,34227.59,15,2.9,0,165,bKash
2024-02-12,Sunsilk Shampoo,Personal Care,224363.94,45148.3,18,2.6,0,176,Cash
2024-09-14,Pran Noodles,Groceries,101186.45,32774.53,12,4.4,0,461,Cash
2025-02-26,ACI Salt,Groceries,69432.06,23651.36,5,4.0,0,61,bKash
2024-12-07,Easy Fashion Shirt,Fashion,31623.32,6721.4,3,4.9,1,220,Mastercard
2025-03-14,Easy Fashion Shirt,Fashion,92475.28,9398.54,10,4.9,0,324,Cash
2024-06-05,Walton Fridge,Electronics,6287.17,1154.65,1,3.0,1,456,Visa Card
2024-09-21,Pran Noodles,Groceries,6760.84,708.46,5,3.4,1,426,Visa Card
2024-11-13,Dettol Handwash,Personal Care,205093.83,47563.24,13,3.4,1,38,Mastercard
2024-10-03,Walton Fridge,Electronics,36265.71,3625.13,3,3.9,0,374,Nagad
2024-02-22,Akij Cement,Construction,93867.23,17039.67,8,3.2,0,323,Cash
2024-02-04,Fresh Soybean Oil,Groceries,2760.5,467.45,3,4.8,0,217,Nagad
2024-03-03,Teer Atta,Groceries,130486.31,20952.02,11,2.6,1,480,Cash
2024-11-26,Fresh Milk,Dairy,66887.3,7560.82,15,4.9,0,485,Visa Card
2024-01-26,Easy Fashion Shirt,Fashion,8245.24,2428.47,14,2.8,0,222,Visa Card
2024-04-04,Easy Fashion Shirt,Fashion,33727.47,8358.58,2,4.2,0,103,Mastercard
2024-06-04,Singer Rice Cooker,Electronics,239846.46,50217.31,17,2.8,0,151,Cash
2024-01-10,RFL Chair,Furniture,101377.88,19876.91,6,3.7,0,443,bKash
2025-05-06,Minister Blender,Electronics,64840.82,5921.42,7,3.1,0,491,Nagad
2025-03-02,Bata School Shoe,Fashion,273028.34,65208.07,20,2.8,1,383,Visa Card
2025-04-19,Kazi Farms Chicken,Frozen Food,2348.68,281.94,4,4.7,0,147,Mastercard
2024-08-28,Pran Noodles,Groceries,9948.62,3165.55,14,2.6,1,369,Nagad
2024-07-31,Lux Soap,Personal Care,8621.69,1258.31,14,2.9,0,57,bKash
2024-09-23,Pran Noodles,Groceries,327413.83,90651.38,20,3.6,0,228,bKash
2024-03-13,Fresh Soybean Oil,Groceries,219260.97,23923.32,19,4.5,1,379,Nagad
2025-02-17,Akij Cement,Construction,39198.19,9173.76,4,3.4,0,356,Nagad
2025-04-02,Vision TV,Electronics,42936.1,14891.56,15,4.7,1,145,Mastercard
2024-04-22,Fresh Soybean Oil,Groceries,102549.14,9383.0,8,2.7,0,126,Mastercard
2024-05-30,Fresh Milk,Dairy,82430.71,15746.82,8,3.0,0,496,Visa Card
2024-05-14,Vision TV,Electronics,165219.7,47913.34,17,4.8,0,138,Visa Card
2024-05-14,Vision TV,Electronics,28055.09,9482.71,10,3.2,1,465,Mastercard
2024-05-19,Vision TV,Electronics,233707.9,23789.98,16,4.8,1,441,Rocket
2024-11-03,Teer Atta,Groceries,39786.89,13760.8,10,4.3,0,338,Nagad
2025-02-25,Square Toiletries Lotion,Personal Care,180517.42,19031.5,14,3.3,0,39,Nagad
2024-08-15,Lux Soap,Personal Care,129934.82,35453.18,17,3.7,0,480,Visa Card
2025-04-01,Aarong Panjabi,Fashion,3964.95,697.26,1,3.6,0,327,Mastercard
2024-01-21,Olympic Biscuit,Snacks,87652.76,14993.24,7,3.2,0,382,Rocket
2024-11-30,Vision TV,Electronics,132909.81,39550.66,11,4.1,0,266,Nagad
2024-03-17,Aarong Panjabi,Fashion,71296.4,14504.38,12,3.7,0,76,Rocket
2025-03-31,Lux Soap,Personal Care,62457.0,11895.69,4,3.4,1,20,Nagad
2024-05-17,Bashundhara Tissue,Household,58740.82,11271.18,20,3.5,0,168,Mastercard
2024-10-11,Teer Atta,Groceries,177159.7,15641.07,14,4.8,0,262,Cash
2025-04-11,Minister Blender,Electronics,4743.46,636.33,3,4.1,0,84,Visa Card
2024-12-16,Walton Fan,Electronics,20031.15,5752.98,7,4.8,0,262,Rocket
2024-07-12,Square Toiletries Lotion,Personal Care,10308.12,1247.02,1,2.6,0,180,Mastercard
2024-11-04,Minister Blender,Electronics,23070.81,7938.1,18,4.0,0,224,Rocket
2024-08-02,Akij Cement,Construction,70598.09,10493.34,12,3.0,0,127,bKash
2025-04-09,Sunsilk Shampoo,Personal Care,13463.52,3328.55,1,2.9,1,112,Cash
2024-09-03,Easy Fashion Shirt,Fashion,29992.43,5399.42,5,4.0,0,219,Visa Card
2024-06-08,Square Toiletries Lotion,Personal Care,96001.38,23753.97,13,4.2,0,158,Nagad
2025-03-10,Pran Mango Juice,Beverages,93368.35,14297.49,14,3.5,0,334,Cash
2024-10-03,Pran Noodles,Groceries,10898.51,1348.08,10,2.8,0,405,Rocket
2025-02-24,RFL Chair,Furniture,15701.87,1935.86,16,2.8,0,206,Rocket
2024-07-20,Fresh Milk,Dairy,157760.96,20870.82,12,2.9,0,332,Nagad
2024-06-20,Bashundhara Tissue,Household,5453.02,1649.22,3,2.9,0,307,Nagad
2024-07-25,Fresh Milk,Dairy,15468.4,4159.17,4,3.2,0,19,bKash
2024-11-26,Square Toiletries Lotion,Personal Care,138118.94,11104.38,15,4.5,0,472,Visa Card
2024-12-06,Fresh Soybean Oil,Groceries,16938.96,4761.95,6,3.6,0,208,Nagad
2024-01-06,ACI Salt,Groceries,42762.74,11185.0,6,4.4,0,80,bKash
2025-03-13,Walton Fan,Electronics,219907.27,34450.45,15,3.6,1,110,Rocket
2024-04-11,ACI Salt,Groceries,211099.33,36568.69,20,2.9,0,460,Cash
2024-07-10,Fresh Soybean Oil,Groceries,100179.12,15964.88,10,4.8,0,204,Visa Card
2024-05-02,Minister Blender,Electronics,297058.51,92665.24,20,3.7,0,210,bKash
2024-03-05,Lux Soap,Personal Care,201268.35,26502.6,14,4.0,0,38,Nagad
2025-01-23,Olympic Biscuit,Snacks,150251.94,22334.89,20,4.9,0,444,Nagad
2024-05-26,Navana Helmet,Automotive,307604.22,75447.07,20,3.0,1,424,Mastercard
2024-05-12,Aarong Panjabi,Fashion,48583.26,8045.51,8,4.0,0,118,bKash
2025-01-04,Vision TV,Electronics,100962.17,32132.26,18,3.1,1,74,bKash
2025-01-21,Olympic Biscuit,Snacks,46457.57,4138.41,7,4.3,0,74,Rocket
2025-05-09,Walton Fridge,Electronics,25629.19,6231.35,7,2.7,0,18,Mastercard
2024-12-05,Sunsilk Shampoo,Personal Care,133863.9,39925.73,16,3.9,0,61,bKash
2024-10-23,Easy Fashion Shirt,Fashion,133181.42,21966.6,20,4.9,0,179,Rocket
2024-01-17,Teer Atta,Groceries,48731.87,16415.11,14,4.9,0,364,Nagad
2024-09-24,Bombay Sweets Chanachur,Snacks,19618.12,2697.21,9,3.9,0,99,Mastercard
2024-03-08,Fresh Milk,Dairy,40764.63,13296.14,4,3.8,0,268,Nagad
2024-11-10,Fresh Soybean Oil,Groceries,5229.07,1645.74,19,4.1,1,461,Cash
2024-02-03,Sunsilk Shampoo,Personal Care,10392.12,2452.28,5,3.3,1,260,Visa Card
2025-04-05,Akij Cement,Construction,9589.87,1664.71,1,3.8,1,375,bKash
2024-08-16,Fresh Milk,Dairy,94629.64,28324.18,9,3.7,1,317,Mastercard
2024-09-26,Dettol Handwash,Personal Care,40464.39,7489.67,15,3.7,0,86,Cash
2024-11-07,Vision TV,Electronics,1984.68,183.67,12,4.1,1,240,Mastercard
2025-01-30,Teer Atta,Groceries,95988.52,27994.8,14,3.1,0,352,Nagad
2025-04-06,Square Toiletries Lotion,Personal Care,176765.6,48844.93,11,4.4,0,172,Nagad
2024-02-10,ACI Salt,Groceries,143281.7,38829.76,13,4.3,1,209,Nagad
2024-01-06,Sunsilk Shampoo,Personal Care,5694.25,871.39,8,3.2,0,477,Mastercard
2024-11-26,Olympic Biscuit,Snacks,75486.15,20141.95,16,4.8,0,224,Cash
2024-09-12,Teer Atta,Groceries,12396.04,3219.77,2,4.3,0,495,Rocket
2024-03-07,Fresh Soybean Oil,Groceries,15612.49,4516.57,2,4.8,0,218,Nagad
2024-01-22,Bashundhara Tissue,Household,27011.55,6217.62,17,3.5,0,30,Mastercard
2024-05-12,Fresh Soybean Oil,Groceries,93962.57,7607.98,9,3.7,0,92,Visa Card
2024-11-24,Pran Mango Juice,Beverages,6089.52,2046.01,11,4.1,0,172,Nagad
2025-04-15,Bata School Shoe,Fashion,146435.91,42913.59,14,3.6,0,159,Cash
2024-11-05,Square Toiletries Lotion,Personal Care,81816.58,16731.92,8,4.1,0,121,Mastercard
2024-01-02,Lux Soap,Personal Care,40716.84,3705.65,14,4.0,0,46,Mastercard
2024-05-21,ACI Salt,Groceries,22137.9,7318.36,2,3.7,1,433,Visa Card
2024-01-06,Navana Helmet,Automotive,126331.92,38775.91,9,2.8,0,411,bKash
2024-05-14,Pran Mango Juice,Beverages,11191.84,2407.31,9,4.1,0,224,Mastercard
2024-04-05,Pran Noodles,Groceries,11237.65,3599.93,4,4.8,0,290,bKash
2025-01-13,Square Toiletries Lotion,Personal Care,258485.2,73931.44,20,4.0,1,150,Visa Card
2025-03-25,Vision TV,Electronics,85576.66,15125.91,8,4.1,0,270,Nagad
2025-03-01,Minister Blender,Electronics,69075.55,20632.67,5,4.6,1,347,Visa Card
2025-01-13,Easy Fashion Shirt,Fashion,72601.01,24347.46,11,3.9,1,319,Nagad
2024-11-26,Olympic Biscuit,Snacks,188392.2,65273.18,20,3.9,1,75,Rocket
2024-10-16,Sunsilk Shampoo,Personal Care,244447.59,58251.65,20,3.4,0,41,Rocket
2024-07-01,Bashundhara Tissue,Household,65680.54,14856.86,15,3.2,0,66,Mastercard
2024-10-16,Pran Noodles,Groceries,15795.11,4725.38,20,4.3,0,181,Rocket
2025-04-25,Bata School Shoe,Fashion,287986.51,92817.26,20,3.7,0,46,Mastercard
2025-04-01,Dettol Handwash,Personal Care,273968.53,71541.83,18,4.6,1,488,Nagad
2024-02-19,Teer Atta,Groceries,4266.84,1435.86,1,3.8,0,272,Visa Card
2024-11-19,Dettol Handwash,Personal Care,11524.6,2518.44,7,4.3,0,117,bKash
2024-08-09,Dettol Handwash,Personal Care,233736.52,63442.86,17,3.9,1,277,Rocket
2025-03-24,Walton Fan,Electronics,331080.39,85741.08,19,2.7,1,73,bKash
2024-03-12,Square Toiletries Lotion,Personal Care,36266.9,4337.12,4,4.6,0,290,bKash
2024-06-12,Lux Soap,Personal Care,81952.59,17818.45,10,4.7,0,456,Rocket
2024-07-23,Olympic Biscuit,Snacks,1917.23,567.99,6,3.4,0,260,bKash
2025-01-16,Minister Blender,Electronics,50776.03,10115.38,6,3.4,0,383,Visa Card
2025-01-29,Square Toiletries Lotion,Personal Care,173986.24,58472.53,14,2.8,1,68,Cash
2024-10-10,Singer Rice Cooker,Electronics,137933.86,44998.61,17,4.4,1,19,Rocket
2024-11-24,Pran Mango Juice,Beverages,105050.91,31104.32,7,4.3,0,443,Visa Card
2024-10-26,RFL Chair,Furniture,137079.47,15984.68,9,3.3,0,448,Nagad
2024-07-27,Vision TV,Electronics,291782.03,101375.09,19,2.7,0,125,Visa Card
2025-02-20,Lux Soap,Personal Care,199304.49,27123.31,18,4.3,0,450,Rocket
2024-06-18,Easy Fashion Shirt,Fashion,92257.15,10343.01,17,4.9,1,148,Mastercard
2024-05-11,RFL Chair,Furniture,27503.34,5339.98,11,4.6,0,297,Rocket
2024-06-22,Lux Soap,Personal Care,85210.83,17396.73,11,3.0,0,332,Nagad
2024-05-16,Vision TV,Electronics,76699.05,9352.0,12,4.4,0,324,Visa Card
2024-10-07,Bombay Sweets Chanachur,Snacks,39616.92,12745.63,7,2.6,0,58,bKash
2024-10-09,Singer Rice Cooker,Electronics,20317.27,6319.19,3,4.8,0,224,Nagad
2024-12-13,Lux Soap,Personal Care,161975.65,31323.13,12,2.9,0,350,Rocket
2024-06-13,Square Toiletries Lotion,Personal Care,5239.39,1783.02,1,3.1,1,52,Visa Card
2024-01-23,Navana Helmet,Automotive,52673.55,12135.46,7,3.2,0,153,Mastercard
2024-12-25,Walton Fridge,Electronics,218101.35,67591.69,15,3.0,1,363,Nagad
2024-11-08,Aarong Panjabi,Fashion,101620.58,23473.38,7,3.1,1,192,Nagad
2024-02-17,Fresh Milk,Dairy,28764.01,3793.63,12,4.1,0,39,Visa Card
2024-09-15,Aarong Panjabi,Fashion,141312.81,14623.64,19,3.0,0,436,Mastercard
2024-03-30,Teer Atta,Groceries,197372.01,45696.13,14,3.5,0,443,Nagad
2025-04-29,Fresh Milk,Dairy,93695.1,9797.33,6,2.6,0,444,Mastercard
2024-02-27,Pran Noodles,Groceries,141633.51,42282.69,9,2.5,0,150,Nagad
2025-03-30,Vision TV,Electronics,58794.5,7729.52,4,4.3,1,130,Nagad
2025-05-03,Bashundhara Tissue,Household,260623.93,88951.2,19,3.0,0,244,Mastercard
2024-05-23,Sunsilk Shampoo,Personal Care,42395.7,7728.03,3,2.8,0,455,Nagad
2024-06-11,Fresh Soybean Oil,Groceries,143514.06,30809.45,13,4.7,0,159,Nagad
2025-02-24,Walton Fridge,Electronics,54084.84,11860.51,13,3.1,0,369,Rocket
2024-08-29,Kazi Farms Chicken,Frozen Food,127789.5,33129.21,13,4.1,1,72,Mastercard
2024-09-15,Pran Mango Juice,Beverages,47728.43,16301.32,10,3.5,1,157,bKash
2025-02-09,Walton Fridge,Electronics,137863.36,42115.35,20,4.6,0,91,Nagad
2024-02-27,Teer Atta,Groceries,154179.11,40583.52,14,4.5,0,386,bKash
2024-11-19,Akij Cement,Construction,14558.38,1642.36,8,2.8,0,429,Mastercard
2024-02-21,Teer Atta,Groceries,76442.13,24455.29,17,3.4,0,351,bKash
2024-04-23,Lux Soap,Personal Care,14951.78,1843.13,3,3.3,0,282,bKash
2025-01-15,Pran Noodles,Groceries,66912.78,17370.97,9,2.9,1,300,Mastercard
2024-01-06,Aarong Panjabi,Fashion,88490.26,19073.6,19,4.8,0,21,Visa Card
2024-02-24,Fresh Soybean Oil,Groceries,107654.65,15145.34,9,2.8,1,348,Rocket
2024-11-06,Bashundhara Tissue,Household,93206.24,10900.57,8,3.6,0,371,Rocket
2024-08-01,Fresh Soybean Oil,Groceries,45369.58,13891.97,12,4.4,0,274,Nagad
2024-06-05,ACI Salt,Groceries,6248.58,1364.08,3,4.3,1,255,Cash
2025-01-10,Olympic Biscuit,Snacks,142203.56,26709.86,16,2.6,0,229,Mastercard
2024-11-15,Square Toiletries Lotion,Personal Care,7615.28,2256.24,1,4.6,0,480,Nagad
2024-06-01,Sunsilk Shampoo,Personal Care,100700.1,27967.06,8,4.7,0,408,Rocket
2024-04-13,Square Toiletries Lotion,Personal Care,88999.92,29989.86,6,4.2,0,178,Mastercard
2024-08-27,Walton Fan,Electronics,7110.36,2074.9,6,4.1,0,454,Rocket
2025-05-15,Walton Fan,Electronics,31077.52,4307.88,2,4.4,0,221,Mastercard
2024-03-10,Pran Noodles,Groceries,65613.57,12561.74,7,5.0,0,62,bKash
2025-01-27,Walton Fridge,Electronics,7162.72,930.05,3,2.7,0,200,Visa Card
2024-08-14,Olympic Biscuit,Snacks,41279.04,10641.94,5,4.6,1,246,Cash
2025-04-28,Lux Soap,Personal Care,19421.24,4217.29,8,4.3,1,382,Cash
2024-06-27,Dettol Handwash,Personal Care,34741.22,3757.88,6,3.6,0,143,Nagad
2024-07-02,ACI Salt,Groceries,25021.9,5487.64,3,4.4,0,333,Rocket
2024-09-16,Kazi Farms Chicken,Frozen Food,52214.23,17394.87,8,4.4,0,28,Cash
2025-02-10,Sunsilk Shampoo,Personal Care,21037.25,2716.58,13,4.3,0,489,Rocket
2024-03-17,Singer Rice Cooker,Electronics,22369.45,3232.07,18,3.0,0,236,Visa Card
2024-10-28,Walton Fan,Electronics,69025.87,16073.62,6,2.9,0,321,Nagad
2024-06-07,Pran Mango Juice,Beverages,76949.05,22548.58,6,4.3,0,305,Rocket
2024-12-04,Bata School Shoe,Fashion,133588.19,34713.3,12,2.7,0,213,Rocket
2024-07-31,Navana Helmet,Automotive,23509.72,2903.9,2,4.2,1,343,Mastercard
2025-02-01,Aarong Panjabi,Fashion,52209.23,9238.52,9,4.5,1,453,Nagad
2024-10-13,Easy Fashion Shirt,Fashion,33984.13,4194.52,18,3.5,0,450,Cash
2024-11-29,Navana Helmet,Automotive,6009.42,1043.52,1,3.0,0,90,Visa Card
2024-06-20,Walton Fridge,Electronics,135568.56,17593.69,11,4.9,0,84,Cash
2024-04-02,Minister Blender,Electronics,99308.62,19466.18,14,2.8,0,443,Nagad
2024-06-11,Kazi Farms Chicken,Frozen Food,22231.64,4228.82,3,2.8,1,176,Mastercard
2024-01-10,Easy Fashion Shirt,Fashion,201989.09,35686.98,13,4.2,0,276,Nagad
2025-02-17,Easy Fashion Shirt,Fashion,107858.63,32626.19,10,2.5,0,11,Visa Card
2025-03-12,Easy Fashion Shirt,Fashion,79984.03,10989.27,15,4.5,0,446,Mastercard
2024-04-28,Lux Soap,Personal Care,17800.41,4288.02,3,3.1,0,179,Mastercard
2024-04-01,ACI Salt,Groceries,5952.65,1199.78,2,2.8,0,430,Cash
2024-10-20,Vision TV,Electronics,73572.89,25457.7,20,4.5,0,29,Rocket
2024-01-07,Easy Fashion Shirt,Fashion,20458.4,3979.66,6,2.5,1,23,Visa Card
2025-03-09,Bombay Sweets Chanachur,Snacks,179439.63,47010.43,16,2.6,0,40,Cash
2025-03-20,Navana Helmet,Automotive,121409.29,35754.83,9,4.5,0,56,Mastercard
2024-05-18,Pran Noodles,Groceries,162523.64,48729.32,13,3.8,0,145,Visa Card
2024-08-24,Pran Mango Juice,Beverages,134604.6,22093.86,15,4.7,0,58,Nagad
2024-07-06,Kazi Farms Chicken,Frozen Food,124345.08,23362.85,8,4.2,0,343,Cash
2024-09-17,Sunsilk Shampoo,Personal Care,154887.66,50584.33,14,2.7,1,287,Mastercard
2024-09-14,Pran Noodles,Groceries,4544.75,834.35,2,3.2,0,341,Mastercard
2024-10-28,Pran Mango Juice,Beverages,8309.24,2471.2,12,3.0,0,154,Mastercard
2024-12-06,Fresh Soybean Oil,Groceries,107574.09,20339.48,14,2.9,0,386,bKash
2024-07-28,Singer Rice Cooker,Electronics,67184.75,12590.35,8,4.9,0,132,Rocket
2024-07-29,Walton Fridge,Electronics,63315.25,13550.39,5,2.7,0,432,Nagad
2024-01-25,RFL Chair,Furniture,117607.32,22963.65,8,4.4,0,134,Nagad
2024-11-20,Teer Atta,Groceries,129167.03,13269.53,13,3.1,0,449,Nagad
2024-04-02,Bata School Shoe,Fashion,15337.76,3730.48,8,4.6,0,433,Nagad
2024-07-29,Lux Soap,Personal Care,7871.91,2384.7,10,2.5,1,419,Mastercard
2024-05-10,Lux Soap,Personal Care,119532.44,40114.74,10,3.5,0,369,Nagad
2025-05-03,RFL Chair,Furniture,29759.0,8538.53,2,4.8,1,137,Rocket
2024-03-30,Lux Soap,Personal Care,55031.3,19136.53,6,4.6,0,90,bKash
2024-03-01,ACI Salt,Groceries,192725.5,42645.8,15,2.9,0,274,Mastercard
2024-04-21,Walton Fan,Electronics,87670.58,15906.39,19,3.3,0,177,bKash
2024-04-20,Singer Rice Cooker,Electronics,210563.01,65410.64,19,4.5,0,129,Nagad
2025-04-28,Easy Fashion Shirt,Fashion,26232.64,6098.21,2,4.5,0,488,Rocket
2025-03-16,RFL Chair,Furniture,2970.39,478.84,1,4.2,1,73,Nagad
2024-04-01,Minister Blender,Electronics,135059.85,21554.22,8,4.6,0,237,Cash
2025-01-03,Vision TV,Electronics,60611.94,7330.14,7,4.6,1,36,Mastercard
2024-01-07,Lux Soap,Personal Care,214656.82,32741.44,18,3.1,0,60,Cash
2025-03-06,Lux Soap,Personal Care,59860.46,15310.77,18,2.8,1,234,Rocket
2025-04-27,Minister Blender,Electronics,101343.6,23639.21,10,2.7,0,40,Visa Card
2024-12-25,Teer Atta,Groceries,172448.89,36451.71,19,4.1,0,410,Visa Card
2024-12-22,Bashundhara Tissue,Household,26067.1,6412.5,6,3.9,0,29,bKash
2024-09-09,Vision TV,Electronics,82519.48,11586.19,9,3.1,1,116,Nagad
2024-05-05,Dettol Handwash,Personal Care,138862.42,35497.26,14,4.4,1,403,bKash
2024-11-24,RFL Chair,Furniture,293314.17,23654.46,18,3.2,0,232,Visa Card
2024-01-30,Akij Cement,Construction,46679.95,8107.91,14,2.6,0,376,Visa Card
2025-01-14,Singer Rice Cooker,Electronics,36855.47,4265.95,11,3.7,1,106,Cash
2024-02-18,Singer Rice Cooker,Electronics,2771.27,750.86,11,2.5,0,155,Nagad
2024-07-26,Dettol Handwash,Personal Care,132654.4,12699.03,10,3.5,1,358,Mastercard
2025-04-18,Walton Fan,Electronics,124347.99,20766.86,9,2.7,0,162,Nagad
2024-04-09,Dettol Handwash,Personal Care,50422.72,11947.81,10,4.9,0,345,bKash
2024-05-31,RFL Chair,Furniture,36089.65,7998.39,4,3.9,0,218,Rocket
2024-12-15,Walton Fan,Electronics,16070.18,5353.98,8,2.9,0,38,Visa Card
2024-12-15,Akij Cement,Construction,46246.43,9642.63,4,3.0,0,410,Nagad
2024-03-31,Walton Fridge,Electronics,21696.93,7203.55,11,3.7,1,184,Rocket
2024-04-25,Easy Fashion Shirt,Fashion,226911.09,26538.23,17,3.3,0,487,Cash
2025-04-01,Vision TV,Electronics,51937.53,8481.71,5,3.4,0,314,Rocket
2025-03-06,Lux Soap,Personal Care,32629.58,7488.05,9,3.0,0,263,bKash
2025-01-19,Akij Cement,Construction,12939.26,3064.99,5,3.9,1,140,Visa Card
2024-06-06,Bata School Shoe,Fashion,78952.75,22838.18,19,3.7,0,42,Visa Card
2024-08-29,RFL Chair,Furniture,46088.6,11973.77,4,4.8,0,52,Rocket
2024-12-19,Olympic Biscuit,Snacks,199690.12,52598.38,17,4.2,0,371,Rocket
2025-04-01,Minister Blender,Electronics,51720.1,4826.53,5,3.7,0,135,Nagad
2025-02-12,Olympic Biscuit,Snacks,251010.42,47661.22,16,4.5,0,415,Visa Card
2024-10-31,Singer Rice Cooker,Electronics,13799.82,3236.11,1,2.7,1,327,bKash
2025-02-01,Sunsilk Shampoo,Personal Care,17275.44,1499.51,4,4.8,1,135,Mastercard
2024-12-30,ACI Salt,Groceries,204459.22,24809.09,19,3.3,0,93,bKash
2024-12-04,Navana Helmet,Automotive,117187.41,9775.78,10,3.0,0,198,Visa Card
2025-04-21,Fresh Soybean Oil,Groceries,113343.19,36153.24,16,3.6,1,439,Rocket
2025-01-10,Sunsilk Shampoo,Personal Care,5832.98,683.78,2,3.2,0,151,Cash
2024-07-02,Fresh Soybean Oil,Groceries,6704.19,707.5,2,4.4,1,378,Nagad
2025-01-10,Kazi Farms Chicken,Frozen Food,161608.71,28198.34,13,4.7,0,460,Rocket
2024-12-17,Lux Soap,Personal Care,163840.99,15371.6,14,3.0,0,67,Mastercard
2025-04-10,Bashundhara Tissue,Household,21203.58,6386.63,2,5.0,0,388,Nagad
2024-03-16,Dettol Handwash,Personal Care,42728.09,14843.71,6,2.5,0,235,Mastercard
2024-05-30,Navana Helmet,Automotive,11138.22,3345.43,1,5.0,1,322,Cash
2025-02-06,ACI Salt,Groceries,59835.1,16948.27,5,3.4,0,242,Cash
2024-07-18,Singer Rice Cooker,Electronics,151186.84,31883.52,18,3.0,0,266,Mastercard
2024-05-03,Akij Cement,Construction,32225.0,5363.09,2,3.0,0,290,Mastercard
2024-09-11,Bata School Shoe,Fashion,8014.32,2591.19,5,4.3,0,238,bKash
2025-02-07,Walton Fan,Electronics,188814.87,47675.19,14,4.4,0,430,Visa Card
2024-01-24,Walton Fridge,Electronics,206308.61,20323.77,18,3.4,0,77,Mastercard
2024-12-18,Square Toiletries Lotion,Personal Care,148826.18,20155.78,14,4.7,0,150,Cash
2025-03-05,Walton Fan,Electronics,161317.84,32581.99,14,4.2,0,324,Visa Card
2024-02-08,Walton Fan,Electronics,53783.73,4741.79,14,4.8,1,478,Mastercard
2024-05-25,Fresh Milk,Dairy,62565.65,19394.57,8,3.5,0,246,bKash
2024-07-11,ACI Salt,Groceries,162360.01,55392.25,10,4.9,1,369,Cash
2024-07-20,Fresh Milk,Dairy,238000.17,68617.35,17,2.6,1,103,Nagad
2024-05-19,Fresh Milk,Dairy,119278.92,12357.32,13,3.0,0,110,Nagad
2024-04-08,RFL Chair,Furniture,82296.3,26821.75,8,3.5,0,380,bKash
2024-11-01,Lux Soap,Personal Care,146219.46,45725.34,19,3.0,0,27,Visa Card
2024-02-25,Minister Blender,Electronics,69399.97,15331.22,6,3.3,0,152,Visa Card
2024-04-03,Aarong Panjabi,Fashion,47240.5,11027.3,9,3.4,0,384,Visa Card
2024-01-17,Square Toiletries Lotion,Personal Care,133023.93,28789.32,20,3.5,0,361,Cash
2024-05-16,Bombay Sweets Chanachur,Snacks,73617.9,22649.6,20,4.1,0,389,bKash
2025-02-22,Dettol Handwash,Personal Care,40420.56,6123.11,17,3.0,1,124,Cash
2024-09-11,Square Toiletries Lotion,Personal Care,939.13,281.99,1,3.0,0,448,Nagad
2024-10-21,Walton Fridge,Electronics,50492.27,9466.19,7,3.3,0,130,Mastercard
2024-09-30,Kazi Farms Chicken,Frozen Food,217630.63,25919.87,14,3.1,0,488,Mastercard
2024-06-12,Navana Helmet,Automotive,87109.97,23744.17,8,3.8,0,306,Visa Card
2025-01-24,Bata School Shoe,Fashion,164565.01,20762.83,13,4.9,1,399,Cash
2024-05-07,Akij Cement,Construction,7868.45,700.41,13,3.8,1,409,Cash
2024-02-28,Pran Mango Juice,Beverages,105506.61,21027.69,13,4.7,0,472,bKash
2024-05-21,Olympic Biscuit,Snacks,96129.82,14337.6,10,4.8,1,405,Nagad
2024-10-20,Navana Helmet,Automotive,193067.49,48720.76,18,3.9,0,104,Rocket
2024-02-07,Pran Noodles,Groceries,149673.12,40513.03,11,4.0,1,412,Nagad
2024-09-23,Walton Fridge,Electronics,90531.23,22329.53,13,3.9,1,28,Cash
2024-11-02,Navana Helmet,Automotive,113823.9,15157.64,8,4.1,1,490,Visa Card
2024-02-29,Kazi Farms Chicken,Frozen Food,200155.49,67808.07,18,4.1,0,426,bKash
2025-03-05,Bombay Sweets Chanachur,Snacks,167077.05,16388.89,20,5.0,0,424,Rocket
2024-01-14,Kazi Farms Chicken,Frozen Food,9111.61,2873.74,6,2.8,0,43,Cash
2024-02-22,RFL Chair,Furniture,221064.69,31236.56,20,4.7,0,70,Mastercard
2024-07-20,Bata School Shoe,Fashion,33655.5,5012.58,4,2.9,0,24,Mastercard
2024-05-03,Fresh Milk,Dairy,14600.53,2156.86,9,4.7,0,255,Cash
2024-01-10,Akij Cement,Construction,2805.88,622.24,7,3.4,1,442,bKash
2024-05-01,Walton Fan,Electronics,18870.58,4223.16,7,4.3,0,168,Visa Card
2024-02-03,Square Toiletries Lotion,Personal Care,85328.72,18055.59,9,3.9,0,483,Visa Card
2024-03-22,Teer Atta,Groceries,11472.85,3953.02,4,3.7,1,95,Mastercard
2024-04-28,Bashundhara Tissue,Household,237769.5,63176.98,17,4.8,0,326,Mastercard
2024-10-21,Bashundhara Tissue,Household,24903.16,4428.23,5,4.0,0,302,Nagad
2024-12-02,Pran Noodles,Groceries,12207.11,3710.97,2,4.1,0,362,Visa Card
2024-10-06,Bombay Sweets Chanachur,Snacks,177509.7,48191.93,16,3.1,0,385,Visa Card
2024-05-15,Bombay Sweets Chanachur,Snacks,61006.75,5434.66,14,3.4,0,305,Visa Card
2024-12-26,Fresh Soybean Oil,Groceries,89126.55,29438.63,8,3.2,1,65,Mastercard
2025-02-03,Olympic Biscuit,Snacks,258253.45,67142.7,19,3.9,0,289,bKash
2025-02-16,Dettol Handwash,Personal Care,29666.06,5371.16,18,2.6,0,177,Cash
2024-02-28,Akij Cement,Construction,141517.21,19279.95,11,3.9,0,85,Nagad
2024-07-19,Aarong Panjabi,Fashion,57413.76,8304.0,12,5.0,0,316,bKash
2024-06-13,Dettol Handwash,Personal Care,21415.31,3301.46,16,3.6,1,299,Visa Card
2024-01-04,Pran Mango Juice,Beverages,312306.95,55846.92,20,4.6,0,108,Visa Card
2024-11-13,Pran Noodles,Groceries,73426.32,22538.69,18,3.3,0,76,Rocket
2024-01-04,Navana Helmet,Automotive,11259.41,2507.07,1,4.2,0,374,Rocket
2025-01-17,Square Toiletries Lotion,Personal Care,47507.88,14229.8,17,2.9,1,146,Mastercard
2024-02-08,Teer Atta,Groceries,80363.88,20756.29,8,3.1,0,495,Rocket
2024-06-22,Walton Fridge,Electronics,177139.15,31692.69,17,2.7,0,232,Nagad
2024-07-23,Dettol Handwash,Personal Care,53873.67,16363.88,6,2.7,1,208,Rocket
2024-08-15,Bombay Sweets Chanachur,Snacks,138040.67,33844.38,9,3.7,0,335,Visa Card
2024-07-31,Dettol Handwash,Personal Care,32605.82,10591.89,9,2.7,0,321,Nagad
2025-01-23,Fresh Soybean Oil,Groceries,40260.06,11765.08,7,4.5,0,19,Nagad
2024-07-06,Pran Noodles,Groceries,103815.58,30587.39,13,3.7,0,217,Mastercard
2025-05-05,Walton Fan,Electronics,27314.24,3027.86,3,4.1,0,356,Cash
2024-08-31,Fresh Soybean Oil,Groceries,110869.73,22592.89,7,3.6,0,484,Mastercard
2025-03-17,Fresh Soybean Oil,Groceries,35136.35,7374.39,12,3.0,0,118,Rocket
2024-01-29,Navana Helmet,Automotive,97999.28,16773.82,10,3.3,0,452,Mastercard
2024-01-18,Lux Soap,Personal Care,7217.0,1644.7,1,4.5,0,278,Visa Card
2025-03-30,Bombay Sweets Chanachur,Snacks,20775.9,2103.38,7,4.6,1,49,Rocket
2024-10-22,Minister Blender,Electronics,98348.17,23325.79,9,3.4,0,435,bKash
2025-02-08,Walton Fan,Electronics,152765.29,39097.28,15,4.4,0,282,bKash
2024-07-31,Teer Atta,Groceries,113813.26,33111.57,10,4.8,0,119,Cash
2024-02-15,Bashundhara Tissue,Household,56043.35,19198.08,4,2.7,0,90,Visa Card
2024-05-19,Dettol Handwash,Personal Care,53094.67,8677.4,17,4.3,0,433,Nagad
2025-02-11,Dettol Handwash,Personal Care,23050.77,4283.63,4,4.0,0,24,Nagad
2025-05-15,Walton Fan,Electronics,6317.46,1397.9,8,4.3,0,130,Rocket
2024-10-03,Bombay Sweets Chanachur,Snacks,24868.66,5280.01,6,3.4,0,213,bKash
2024-02-24,Olympic Biscuit,Snacks,24783.35,7318.0,5,2.5,0,377,Rocket
2025-04-14,Bombay Sweets Chanachur,Snacks,112993.11,27855.84,17,3.7,0,282,Rocket
2024-03-11,Sunsilk Shampoo,Personal Care,112866.31,17248.36,15,4.1,0,309,Rocket
2024-10-15,Minister Blender,Electronics,94433.27,29168.41,13,2.6,0,365,Visa Card
2024-12-05,Kazi Farms Chicken,Frozen Food,94684.39,7792.19,7,3.5,1,71,Visa Card
2024-01-01,Pran Noodles,Groceries,117428.56,24524.38,8,4.0,0,157,Nagad
2024-07-01,Dettol Handwash,Personal Care,92904.87,27777.24,6,2.9,0,460,Visa Card
2024-03-22,Walton Fridge,Electronics,39595.04,8146.1,17,4.4,1,96,Mastercard
2025-04-16,Bashundhara Tissue,Household,78608.98,8908.29,6,4.8,0,131,Cash
2024-02-01,Minister Blender,Electronics,112034.3,12705.98,11,3.0,0,363,Cash
2025-02-03,Singer Rice Cooker,Electronics,102975.45,22926.92,12,4.1,0,347,Visa Card
2024-03-08,Fresh Milk,Dairy,115128.17,26753.81,13,4.6,0,237,bKash
2024-04-25,Easy Fashion Shirt,Fashion,69036.45,13175.21,5,3.5,0,94,Rocket
2024-08-20,Walton Fridge,Electronics,161198.72,42093.65,13,3.1,1,134,Nagad
2024-07-05,Fresh Soybean Oil,Groceries,98415.81,11075.71,8,4.0,0,291,Visa Card
2024-05-08,Easy Fashion Shirt,Fashion,185920.39,47033.64,15,4.9,1,336,Rocket
2024-02-09,Aarong Panjabi,Fashion,7215.02,1653.84,15,2.8,0,207,Rocket
2024-01-14,Singer Rice Cooker,Electronics,79383.56,11447.92,14,4.2,1,440,Mastercard
2024-02-09,Fresh Milk,Dairy,98219.06,15046.6,13,4.1,0,206,Mastercard
2024-06-26,Walton Fan,Electronics,122904.42,30015.71,12,4.1,0,396,Cash
2024-05-12,Fresh Soybean Oil,Groceries,64103.28,10461.16,8,3.0,0,325,bKash
2024-12-24,RFL Chair,Furniture,140125.4,12185.04,15,3.0,0,279,Nagad
2025-03-03,Dettol Handwash,Personal Care,71127.35,13720.99,17,4.1,1,119,Nagad
2024-07-19,Vision TV,Electronics,51971.07,14295.81,9,3.8,1,247,bKash
2024-10-30,Walton Fan,Electronics,107965.31,12496.69,12,3.1,0,258,Rocket
2024-12-29,Kazi Farms Chicken,Frozen Food,80317.19,23606.24,10,2.7,1,210,bKash
2024-03-13,Lux Soap,Personal Care,100886.4,25903.69,11,3.7,0,296,Rocket
2024-06-22,Bombay Sweets Chanachur,Snacks,20007.34,2585.3,3,4.6,0,293,Cash
2025-03-09,Easy Fashion Shirt,Fashion,96398.84,20944.93,17,3.9,1,489,Nagad
2024-06-11,Teer Atta,Groceries,13025.71,2386.38,1,3.8,0,441,bKash
2024-02-10,Bata School Shoe,Fashion,69259.53,8220.71,9,4.6,0,80,Nagad
2024-10-02,Vision TV,Electronics,208276.27,43663.18,17,5.0,0,301,Visa Card
2024-11-01,Akij Cement,Construction,81089.59,15113.22,10,4.8,0,287,Visa Card
2025-03-07,Teer Atta,Groceries,36492.06,3702.05,8,4.4,0,135,bKash
2024-06-19,Bata School Shoe,Fashion,4619.98,597.04,2,3.1,0,443,Cash
2025-05-01,Bata School Shoe,Fashion,30562.62,3974.53,6,2.7,0,59,bKash
2024-10-31,ACI Salt,Groceries,72938.78,9113.75,7,4.4,0,163,bKash
2024-07-19,Pran Mango Juice,Beverages,57073.2,17982.03,4,3.9,1,41,Rocket
2024-01-19,Teer Atta,Groceries,77873.75,21632.57,10,3.1,0,488,Visa Card
2025-04-23,Aarong Panjabi,Fashion,117687.12,32595.57,18,4.5,0,62,Visa Card
2024-11-16,Teer Atta,Groceries,8310.85,2463.97,2,4.7,1,103,Rocket
2024-06-15,Akij Cement,Construction,132751.94,32994.02,10,4.1,0,306,Cash
2024-11-22,Walton Fan,Electronics,169216.52,15762.12,19,5.0,0,381,Mastercard
2024-04-12,Sunsilk Shampoo,Personal Care,9130.14,2803.08,4,2.8,1,125,bKash
2024-04-23,ACI Salt,Groceries,154841.5,30942.17,16,2.9,0,452,bKash
2024-11-10,Pran Mango Juice,Beverages,41137.32,14056.42,3,2.6,0,391,Visa Card
2025-04-13,Walton Fridge,Electronics,162349.32,20241.01,16,2.7,1,216,Visa Card
2025-05-01,Teer Atta,Groceries,99956.95,32868.77,20,4.1,1,143,Mastercard
2025-04-13,Singer Rice Cooker,Electronics,101897.28,21974.77,14,3.6,1,327,Mastercard
2025-04-01,Easy Fashion Shirt,Fashion,25422.58,4528.0,3,3.8,1,329,Cash
2024-01-29,Bashundhara Tissue,Household,37161.69,12075.58,11,3.2,1,307,Mastercard
2025-01-02,Walton Fan,Electronics,19559.88,5739.51,3,3.8,0,149,Mastercard
2024-07-23,Singer Rice Cooker,Electronics,73128.62,14571.22,18,4.6,0,215,Mastercard
2024-05-17,Teer Atta,Groceries,14803.28,4077.14,1,3.4,0,37,bKash
2024-03-13,Square Toiletries Lotion,Personal Care,64120.63,14567.49,17,3.8,1,295,Rocket
2025-03-27,Sunsilk Shampoo,Personal Care,129225.62,26167.31,17,3.6,0,22,Cash
2024-10-13,Dettol Handwash,Personal Care,23825.9,7022.74,11,4.8,0,446,Mastercard
2024-11-21,Walton Fridge,Electronics,92952.85,24099.24,20,2.6,0,179,bKash
2024-07-13,Minister Blender,Electronics,284237.19,73664.2,18,4.4,0,433,bKash
2024-12-21,Bombay Sweets Chanachur,Snacks,3913.18,520.13,15,4.7,0,272,bKash
2024-09-30,Bashundhara Tissue,Household,131079.57,13550.75,8,3.6,0,253,Mastercard
2024-01-07,Teer Atta,Groceries,54194.37,9820.58,11,3.5,0,164,bKash
2024-09-27,RFL Chair,Furniture,24975.33,6364.74,2,4.7,1,202,Visa Card
2024-03-07,Lux Soap,Personal Care,29716.81,2715.55,9,4.8,0,430,Visa Card
2024-06-27,Walton Fan,Electronics,82290.39,8957.86,9,4.2,1,29,bKash
2025-03-09,Sunsilk Shampoo,Personal Care,56286.85,12014.24,7,2.5,1,417,Visa Card
2024-08-29,Lux Soap,Personal Care,275699.76,24738.42,20,3.3,1,150,Mastercard
2024-03-04,Sunsilk Shampoo,Personal Care,18588.89,5217.64,2,3.1,1,176,Mastercard
2024-07-15,ACI Salt,Groceries,4940.76,512.8,2,2.6,1,38,Rocket
2024-10-01,Aarong Panjabi,Fashion,73010.16,23295.68,19,3.5,0,18,bKash
2024-11-21,Minister Blender,Electronics,39143.22,8313.57,20,4.0,0,34,bKash
2025-02-28,Vision TV,Electronics,132867.31,16848.19,19,4.8,0,123,Rocket
2024-12-13,Fresh Soybean Oil,Groceries,3912.42,728.14,1,3.9,0,79,Visa Card
2025-02-03,Olympic Biscuit,Snacks,5931.34,1436.38,1,4.3,0,71,Nagad
2024-06-27,Olympic Biscuit,Snacks,14396.54,1297.68,2,3.2,1,373,bKash
2025-02-02,Vision TV,Electronics,111702.25,21082.18,10,4.6,0,322,Rocket
2024-03-13,Fresh Milk,Dairy,106611.43,23604.65,12,2.8,0,474,Mastercard
2024-06-21,ACI Salt,Groceries,114196.26,9201.77,8,3.1,1,458,Nagad
2024-03-24,Walton Fan,Electronics,222897.57,28425.25,19,2.6,0,155,bKash
2024-01-25,Vision TV,Electronics,24680.8,6087.39,2,2.9,1,21,Visa Card
2025-01-16,Square Toiletries Lotion,Personal Care,93692.63,30227.06,7,4.5,1,166,Mastercard
2024-02-27,Vision TV,Electronics,29236.82,5887.57,6,2.6,0,92,bKash
2024-02-27,Olympic Biscuit,Snacks,25727.65,3026.93,8,3.4,0,286,bKash
2024-08-03,Pran Mango Juice,Beverages,75010.73,19334.14,7,3.5,0,199,Nagad
2025-01-12,Sunsilk Shampoo,Personal Care,91281.97,8894.56,12,3.7,0,162,Rocket
2024-05-01,Lux Soap,Personal Care,98765.83,29944.02,10,4.6,1,456,Mastercard
2025-01-09,Pran Mango Juice,Beverages,20663.79,3687.92,20,3.7,0,432,Rocket
2024-10-28,Teer Atta,Groceries,91425.75,19577.15,19,4.8,0,87,bKash
2025-03-16,Vision TV,Electronics,32465.09,4917.57,5,2.8,0,183,bKash
2024-03-20,Bata School Shoe,Fashion,85622.91,25391.76,17,3.8,0,383,bKash
2025-05-09,Bata School Shoe,Fashion,205113.53,20674.22,20,2.8,0,96,Mastercard
2025-03-08,Dettol Handwash,Personal Care,95588.88,31058.01,9,3.9,0,172,Cash
2024-03-27,Walton Fridge,Electronics,95430.87,13998.04,11,4.4,0,221,Mastercard
2024-10-10,Olympic Biscuit,Snacks,122878.47,30762.73,9,4.6,0,486,bKash
2024-08-08,Minister Blender,Electronics,262120.4,74500.66,18,4.8,0,10,Cash
2024-10-23,Kazi Farms Chicken,Frozen Food,102839.7,14774.39,9,3.5,0,296,bKash
2024-07-21,Kazi Farms Chicken,Frozen Food,68498.71,15455.82,8,3.3,1,132,Cash
2024-08-22,Aarong Panjabi,Fashion,33912.55,7513.79,7,4.5,0,62,bKash
2025-01-12,Dettol Handwash,Personal Care,11189.82,2325.9,7,4.1,0,458,Mastercard
2024-11-06,Walton Fan,Electronics,111208.45,27449.93,14,3.5,0,470,Nagad
2024-02-21,Lux Soap,Personal Care,9764.24,857.6,2,3.2,0,466,bKash
2024-05-03,Kazi Farms Chicken,Frozen Food,97599.71,20801.29,9,2.7,0,120,Nagad
2024-09-15,Pran Mango Juice,Beverages,19861.71,3306.88,13,4.2,0,192,bKash
2025-02-05,Bashundhara Tissue,Household,40248.64,4025.15,3,4.1,0,312,Rocket
2024-01-17,Fresh Milk,Dairy,127893.47,32178.08,11,4.8,0,34,Nagad
2024-04-30,Walton Fridge,Electronics,13271.68,3343.32,5,2.9,0,372,Nagad
2025-03-26,Kazi Farms Chicken,Frozen Food,106329.3,32657.53,15,4.3,0,180,Mastercard
2024-01-28,Fresh Milk,Dairy,241784.77,32915.01,18,3.4,0,384,Cash
2025-03-10,Lux Soap,Personal Care,34114.5,7288.21,5,3.6,0,488,bKash
2024-03-22,Kazi Farms Chicken,Frozen Food,45850.02,11798.21,4,4.1,0,11,Nagad
2024-01-31,Pran Noodles,Groceries,26888.47,3049.31,14,3.2,0,16,Mastercard
2024-07-17,Pran Noodles,Groceries,85617.62,12901.24,17,4.3,0,353,Mastercard
2025-04-07,Akij Cement,Construction,123193.69,37779.37,10,3.8,1,496,Mastercard
2024-10-20,Akij Cement,Construction,47515.91,12304.21,4,4.1,1,12,Mastercard
2025-03-14,Minister Blender,Electronics,174102.42,31926.03,20,3.5,1,191,Nagad
2024-06-21,Walton Fan,Electronics,215.03,54.51,1,4.3,0,121,Nagad
2024-01-26,Olympic Biscuit,Snacks,6317.47,1149.7,2,3.7,0,58,bKash
2024-04-28,Walton Fan,Electronics,81158.05,27330.28,15,4.0,0,395,Cash
2025-05-10,Akij Cement,Construction,58478.5,19868.7,5,2.5,1,13,Mastercard
2024-05-24,Easy Fashion Shirt,Fashion,162360.26,41336.88,12,3.6,0,88,bKash
2025-03-06,Dettol Handwash,Personal Care,31898.13,4883.07,9,3.0,1,187,Rocket
2025-03-28,Fresh Soybean Oil,Groceries,288020.67,71791.61,19,3.2,1,79,Mastercard
2024-09-18,Dettol Handwash,Personal Care,207389.55,24783.31,18,3.4,0,57,Visa Card
2024-05-21,Sunsilk Shampoo,Personal Care,19302.27,4647.83,5,3.7,0,333,Mastercard
2024-12-25,Pran Noodles,Groceries,123964.31,27564.05,14,4.3,0,361,Nagad
2025-02-06,RFL Chair,Furniture,14410.21,3902.96,6,2.9,0,384,Nagad
2025-04-17,Square Toiletries Lotion,Personal Care,71859.55,16776.91,5,3.0,0,347,bKash
2024-12-25,Dettol Handwash,Personal Care,58624.24,15443.85,12,4.7,0,269,Rocket
2024-03-07,RFL Chair,Furniture,23703.81,2872.55,9,4.5,1,444,Nagad
2024-06-11,Fresh Soybean Oil,Groceries,227067.49,45155.4,19,3.6,1,237,Mastercard
2025-01-14,Easy Fashion Shirt,Fashion,3054.27,374.21,18,3.9,0,89,Rocket
2024-10-28,ACI Salt,Groceries,29818.18,9772.69,11,4.1,0,223,Nagad
2024-07-20,Walton Fan,Electronics,229447.25,45684.94,16,3.4,0,326,Visa Card
2024-07-16,Lux Soap,Personal Care,121200.5,16016.12,10,3.4,1,214,Cash
2024-12-13,Lux Soap,Personal Care,109878.56,15670.98,13,2.6,0,207,Visa Card
2024-01-14,Akij Cement,Construction,6923.93,2283.31,2,4.7,1,379,Visa Card
2024-04-13,Minister Blender,Electronics,239295.98,23111.3,16,3.4,0,303,Visa Card
2025-03-15,Walton Fan,Electronics,44484.77,9369.3,13,3.1,1,253,Cash
2024-06-20,Fresh Milk,Dairy,158084.93,42541.89,13,4.7,1,213,Cash
2024-12-06,Bata School Shoe,Fashion,11134.22,2200.11,4,3.4,1,209,Rocket
2024-05-20,Dettol Handwash,Personal Care,18784.45,3341.01,2,4.5,0,310,Visa Card
2024-08-27,Pran Noodles,Groceries,61439.62,7263.12,14,2.8,0,105,bKash
2024-09-01,Easy Fashion Shirt,Fashion,28582.65,6044.03,14,3.0,0,211,Rocket
2024-11-16,Square Toiletries Lotion,Personal Care,37269.01,9144.87,6,3.9,1,254,bKash
2024-12-05,Easy Fashion Shirt,Fashion,45014.16,11672.88,13,3.2,1,375,Mastercard
2024-09-27,Aarong Panjabi,Fashion,217127.06,57216.49,19,4.3,0,157,Mastercard
2024-09-30,Fresh Soybean Oil,Groceries,232201.04,80245.44,18,4.7,1,73,Cash
2025-02-08,Bashundhara Tissue,Household,187569.82,64775.46,20,4.3,0,314,Visa Card
2025-04-14,RFL Chair,Furniture,1603.28,326.76,1,4.4,0,159,Mastercard
2024-01-02,Pran Noodles,Groceries,175152.75,35716.38,12,4.5,0,473,Cash
2025-02-22,Singer Rice Cooker,Electronics,271272.1,86804.21,20,3.1,1,199,Mastercard
2025-04-14,Bata School Shoe,Fashion,40152.06,6703.7,8,3.1,0,231,Rocket
2024-05-13,Navana Helmet,Automotive,41850.45,11136.69,8,4.8,0,52,Mastercard
2024-11-16,Walton Fridge,Electronics,167266.25,47276.72,20,4.9,1,206,Mastercard
2025-03-03,Dettol Handwash,Personal Care,15367.05,1743.88,6,3.2,0,176,Mastercard
2025-04-13,Vision TV,Electronics,36576.01,12551.62,3,3.8,1,284,Visa Card
2025-02-07,Fresh Soybean Oil,Groceries,24817.1,8088.64,11,3.1,0,269,Mastercard
2025-04-10,Navana Helmet,Automotive,89516.84,27627.44,9,4.3,0,12,Visa Card
2025-04-05,Sunsilk Shampoo,Personal Care,3265.14,875.07,4,3.0,0,363,bKash
2024-05-23,Vision TV,Electronics,33299.85,5648.51,2,3.3,1,37,Rocket
2025-03-20,Sunsilk Shampoo,Personal Care,69536.52,15650.79,13,2.6,1,294,Cash
2024-08-01,Akij Cement,Construction,97776.16,33962.34,13,2.8,0,244,bKash
2024-04-18,Dettol Handwash,Personal Care,33926.28,6958.76,12,3.8,1,149,Visa Card
2024-12-21,Teer Atta,Groceries,47983.88,13837.72,16,4.7,0,433,Mastercard
2025-03-01,Akij Cement,Construction,133759.78,28088.68,11,3.5,0,299,Visa Card
2024-03-05,Walton Fridge,Electronics,112476.36,22832.26,14,3.0,0,491,Cash
2024-04-06,Lux Soap,Personal Care,138187.37,36605.54,16,3.1,0,321,Nagad
2024-01-16,Bata School Shoe,Fashion,85384.59,10060.9,15,3.1,0,435,Rocket
2024-08-09,Akij Cement,Construction,183235.12,42462.97,13,4.3,0,397,Rocket
2024-07-23,Navana Helmet,Automotive,56409.41,12948.75,18,4.0,1,471,Cash
2024-08-29,Square Toiletries Lotion,Personal Care,71789.13,17060.24,6,4.9,1,196,Mastercard
2025-02-08,Walton Fan,Electronics,3031.84,828.69,11,2.9,0,371,bKash
2024-06-23,Singer Rice Cooker,Electronics,211892.27,33361.76,14,3.9,0,438,Mastercard
2024-11-25,Singer Rice Cooker,Electronics,82958.61,24118.04,12,2.9,0,358,bKash
2024-04-22,Singer Rice Cooker,Electronics,181348.0,17179.22,18,3.1,0,337,Visa Card
2024-04-12,Navana Helmet,Automotive,32470.22,7506.82,3,2.8,0,437,bKash
2025-03-19,Vision TV,Electronics,111513.1,35632.35,18,4.6,0,163,Mastercard
2024-11-18,Walton Fan,Electronics,208478.24,27800.25,16,3.2,0,73,bKash
2024-12-05,Lux Soap,Personal Care,88854.43,11646.51,16,3.2,1,438,Rocket
2025-02-07,Singer Rice Cooker,Electronics,41117.33,10185.95,5,3.6,0,325,Cash
2024-02-28,Square Toiletries Lotion,Personal Care,28344.98,5432.6,4,4.0,1,358,Mastercard
2025-04-19,Bashundhara Tissue,Household,91135.34,24949.08,11,5.0,0,140,Mastercard
2024-01-05,Fresh Soybean Oil,Groceries,32914.6,6254.05,19,3.0,0,442,Cash
2024-06-25,Akij Cement,Construction,3331.89,330.79,8,4.2,0,104,bKash
2024-08-11,Walton Fan,Electronics,19314.35,2020.64,5,2.6,1,153,Cash
2024-05-31,Square Toiletries Lotion,Personal Care,93669.21,21680.21,8,3.3,1,375,bKash
2024-09-13,Navana Helmet,Automotive,121180.26,27162.56,16,4.9,0,321,Mastercard
2024-05-18,Walton Fridge,Electronics,25891.81,4449.18,5,3.2,1,400,Cash
2024-07-01,Pran Mango Juice,Beverages,87780.46,16792.85,9,4.2,1,379,Cash
2024-01-25,Dettol Handwash,Personal Care,78539.25,18425.56,6,3.7,0,225,Visa Card
2024-05-18,Kazi Farms Chicken,Frozen Food,52163.92,11957.33,20,3.2,0,204,Rocket
2024-09-12,Walton Fan,Electronics,14832.6,2527.16,1,4.0,0,371,bKash
2025-04-15,Fresh Soybean Oil,Groceries,48058.52,6948.1,11,3.5,0,30,Nagad
2024-10-19,Pran Mango Juice,Beverages,82443.41,13934.83,13,4.0,0,290,Rocket
2024-08-16,Bashundhara Tissue,Household,124892.59,43100.39,10,3.7,1,298,Cash
2024-01-18,Navana Helmet,Automotive,235053.94,39660.57,16,4.3,1,429,bKash
2025-03-13,Singer Rice Cooker,Electronics,12976.73,2276.67,1,3.6,1,347,Cash
2025-01-07,Fresh Soybean Oil,Groceries,65106.5,17960.06,17,4.8,0,378,Mastercard
2025-01-05,ACI Salt,Groceries,24322.37,3518.11,3,3.0,1,224,Visa Card
2024-05-14,Bashundhara Tissue,Household,21472.41,2043.4,9,3.2,0,192,Mastercard
2024-09-10,Pran Mango Juice,Beverages,104121.53,29544.24,11,2.6,0,264,Mastercard
2024-10-05,Square Toiletries Lotion,Personal Care,117263.72,23862.78,16,3.9,1,227,Cash
2024-12-16,Easy Fashion Shirt,Fashion,95586.98,10523.3,18,4.6,0,185,Cash
2025-01-11,Easy Fashion Shirt,Fashion,32947.4,5967.65,20,4.8,0,406,Mastercard
2024-01-02,Olympic Biscuit,Snacks,106425.76,22619.47,20,4.7,0,326,Rocket
2025-03-16,ACI Salt,Groceries,184723.54,20720.14,14,4.3,1,94,Rocket
2024-12-27,Pran Mango Juice,Beverages,25542.65,8009.55,3,3.7,0,343,Visa Card
2024-05-03,Aarong Panjabi,Fashion,107978.97,22109.89,17,2.5,0,36,Rocket
2024-12-24,Walton Fan,Electronics,100784.59,12074.55,17,3.3,1,89,Visa Card
2024-07-12,Sunsilk Shampoo,Personal Care,260460.78,44035.41,20,2.7,0,336,Cash
2025-01-19,Vision TV,Electronics,65766.25,22325.75,12,2.6,1,351,bKash
2024-09-23,Aarong Panjabi,Fashion,42248.79,9622.81,16,4.8,0,45,Visa Card
2024-07-24,Vision TV,Electronics,7755.39,942.61,4,4.8,0,236,bKash
2024-12-28,Vision TV,Electronics,17511.59,2656.41,7,3.7,0,485,Visa Card
2024-01-12,Olympic Biscuit,Snacks,89494.92,18662.49,14,3.0,0,196,Mastercard
2024-01-27,Kazi Farms Chicken,Frozen Food,121846.57,36904.36,19,3.6,0,305,Cash
2024-11-04,Aarong Panjabi,Fashion,181089.16,27016.67,18,4.4,0,213,Cash
2024-07-28,Walton Fridge,Electronics,54950.1,15053.0,4,2.8,0,262,Rocket
2024-04-27,Pran Noodles,Groceries,152025.41,48843.75,10,3.6,0,251,Nagad
2024-03-09,Walton Fridge,Electronics,61642.75,7454.44,8,4.3,0,241,Visa Card
2024-06-30,Bata School Shoe,Fashion,2546.1,700.68,2,3.5,0,218,bKash
2024-07-18,Vision TV,Electronics,130856.97,32175.57,16,2.8,0,62,Visa Card
2024-09-30,Pran Mango Juice,Beverages,23679.39,3274.37,3,4.0,0,437,Nagad
2024-04-04,Dettol Handwash,Personal Care,123439.28,14637.36,11,4.3,0,138,Rocket
2025-03-17,Walton Fridge,Electronics,98596.39,22723.91,9,3.2,0,317,Nagad
2024-04-06,Pran Noodles,Groceries,64992.02,5846.85,9,3.8,0,112,Nagad
2024-09-13,Pran Noodles,Groceries,72347.5,18548.48,5,4.5,0,404,bKash
2024-07-24,RFL Chair,Furniture,32610.05,2615.23,18,3.0,0,168,Cash
2024-04-02,Bombay Sweets Chanachur,Snacks,174002.04,60433.8,13,2.6,0,53,bKash
2024-02-25,Singer Rice Cooker,Electronics,41504.81,6488.94,4,4.0,0,109,Cash
2024-11-16,RFL Chair,Furniture,79364.01,16018.66,6,2.6,0,416,bKash
2025-01-18,Akij Cement,Construction,78936.18,14154.15,20,4.6,0,168,Visa Card
2024-06-15,Kazi Farms Chicken,Frozen Food,221358.28,18149.51,16,3.3,0,45,bKash
2024-09-07,Square Toiletries Lotion,Personal Care,40207.69,6892.25,20,3.5,0,32,Visa Card
2024-06-28,Walton Fan,Electronics,159844.47,35886.81,11,4.8,1,312,Rocket
2024-11-03,Pran Noodles,Groceries,85460.08,7614.38,15,3.3,0,454,Nagad
2025-01-22,Walton Fridge,Electronics,89706.4,10841.85,13,3.3,0,462,Rocket
2024-04-27,Bombay Sweets Chanachur,Snacks,82045.79,8744.38,18,4.3,1,207,Visa Card
2024-10-21,Singer Rice Cooker,Electronics,17751.4,5593.25,5,3.8,0,409,Mastercard
2024-12-21,Vision TV,Electronics,82770.36,23398.09,19,3.3,0,310,bKash
2024-09-22,Pran Noodles,Groceries,590.52,168.02,3,2.6,0,158,Nagad
2024-10-08,Pran Noodles,Groceries,10834.11,2558.17,7,3.4,0,418,Rocket
2024-03-13,Vision TV,Electronics,4863.05,900.76,1,4.8,0,16,Nagad
2024-04-06,Fresh Soybean Oil,Groceries,35226.85,5043.3,5,2.9,1,222,Cash
2024-12-21,Fresh Soybean Oil,Groceries,63652.78,16711.12,6,3.8,0,481,Nagad
2024-08-13,Bashundhara Tissue,Household,6056.58,905.16,1,4.0,0,69,Rocket
2024-02-29,RFL Chair,Furniture,176382.46,43171.47,18,4.9,1,442,Visa Card
2025-04-13,Singer Rice Cooker,Electronics,3933.93,834.9,3,4.3,0,206,Cash
2024-12-14,Pran Mango Juice,Beverages,104477.81,34656.37,7,3.1,1,313,Mastercard
2024-12-10,Minister Blender,Electronics,125332.65,35302.7,9,3.4,0,260,bKash
2024-02-07,Walton Fan,Electronics,140462.75,38099.17,17,4.6,0,237,Cash
2025-04-16,Vision TV,Electronics,27658.02,5360.55,9,4.3,0,497,Rocket
2024-07-11,Singer Rice Cooker,Electronics,55880.17,14432.09,16,4.1,0,114,Visa Card
2024-12-07,Akij Cement,Construction,65404.93,17836.02,12,4.5,0,201,Rocket
2025-04-25,Dettol Handwash,Personal Care,21597.41,5059.97,14,3.2,0,114,Nagad
2024-02-17,Olympic Biscuit,Snacks,219140.87,64476.25,14,4.8,1,172,Visa Card
2024-09-04,RFL Chair,Furniture,15328.97,5160.68,1,3.4,0,431,Cash
2025-05-06,Easy Fashion Shirt,Fashion,127411.07,41884.41,10,4.1,1,265,Rocket
2024-06-28,Sunsilk Shampoo,Personal Care,162607.7,41443.02,11,4.7,0,73,bKash
2024-03-25,Aarong Panjabi,Fashion,20182.2,2906.68,15,2.8,1,291,Cash
2024-03-03,RFL Chair,Furniture,5353.94,1379.48,2,3.6,0,172,Cash
2024-07-19,Sunsilk Shampoo,Personal Care,253401.64,71426.32,15,4.8,0,234,Mastercard
2024-12-28,Walton Fan,Electronics,89511.15,12120.57,15,3.6,0,271,Cash
2025-05-07,Bombay Sweets Chanachur,Snacks,77912.09,24609.89,20,3.3,0,445,Cash
2024-02-14,Kazi Farms Chicken,Frozen Food,39767.44,3499.07,11,3.4,1,316,bKash
2025-05-11,Teer Atta,Groceries,10494.59,3608.93,1,4.0,0,326,Mastercard
2024-02-26,Sunsilk Shampoo,Personal Care,81043.8,25924.45,14,4.1,0,225,Nagad
2025-01-09,Bata School Shoe,Fashion,110544.06,23157.09,10,4.5,1,167,Visa Card
2024-05-16,Walton Fan,Electronics,135084.86,15190.09,19,3.6,0,56,Cash
2024-08-18,Easy Fashion Shirt,Fashion,112125.58,35149.02,9,2.9,1,279,Rocket
2024-03-20,Bata School Shoe,Fashion,57693.94,8036.93,7,4.3,0,64,Mastercard
2024-09-28,Bata School Shoe,Fashion,8220.39,2578.91,10,4.9,0,435,Visa Card
2024-07-09,Bombay Sweets Chanachur,Snacks,28185.52,3017.67,2,3.3,1,468,Visa Card
2025-02-12,Walton Fan,Electronics,37074.6,10838.01,6,2.7,0,129,Mastercard
2025-03-29,Bombay Sweets Chanachur,Snacks,172111.18,59862.02,20,4.6,0,492,bKash
2024-10-16,RFL Chair,Furniture,54564.41,6621.04,16,4.8,0,146,Mastercard
2024-04-26,Bashundhara Tissue,Household,44359.94,5545.64,15,3.3,0,372,bKash
2025-03-06,Aarong Panjabi,Fashion,177805.83,19068.04,19,2.5,1,101,Visa Card
2024-12-24,Bombay Sweets Chanachur,Snacks,198645.32,39296.51,14,3.8,0,213,Visa Card
2025-04-20,Navana Helmet,Automotive,88008.63,17450.91,16,3.9,0,469,Mastercard
2025-01-21,Walton Fan,Electronics,143562.28,23539.84,10,2.5,0,100,bKash
2024-12-20,Vision TV,Electronics,15137.97,3617.19,1,4.2,0,272,bKash
2024-05-28,Bombay Sweets Chanachur,Snacks,18567.64,2722.8,2,3.2,0,310,Rocket
2024-11-30,Akij Cement,Construction,61916.2,17735.51,12,3.4,0,452,Mastercard
2024-04-04,Olympic Biscuit,Snacks,78252.25,22154.61,9,4.8,0,381,Visa Card
2024-07-31,Kazi Farms Chicken,Frozen Food,13079.92,3844.01,3,3.9,0,17,Nagad
2024-07-19,Singer Rice Cooker,Electronics,32701.12,10327.06,4,2.9,0,354,bKash
2024-10-30,Teer Atta,Groceries,11744.62,1387.87,5,3.6,0,175,Mastercard
2025-04-07,ACI Salt,Groceries,12016.33,988.89,17,2.9,0,358,Rocket
2024-09-03,Singer Rice Cooker,Electronics,46224.47,13716.08,10,4.0,1,316,Mastercard
2025-04-11,Bashundhara Tissue,Household,17785.75,4962.82,2,3.8,1,137,bKash
2024-04-16,Dettol Handwash,Personal Care,11451.14,2598.96,13,5.0,1,461,Mastercard
2024-03-30,Bata School Shoe,Fashion,38883.56,7854.3,4,4.8,1,345,Nagad
2024-11-17,ACI Salt,Groceries,76268.92,15618.88,6,3.1,0,333,Rocket
2024-11-07,Navana Helmet,Automotive,709.36,71.2,1,4.2,0,141,Rocket
2025-04-17,Fresh Milk,Dairy,22032.85,4010.59,12,3.3,0,281,Nagad
2024-11-06,Pran Mango Juice,Beverages,118735.22,13859.0,9,3.8,1,134,Mastercard
2025-01-06,Square Toiletries Lotion,Personal Care,132716.22,43798.87,9,4.4,1,154,Rocket
2025-04-13,Walton Fan,Electronics,3280.95,337.46,8,3.9,1,470,Visa Card
2025-05-08,Vision TV,Electronics,28632.57,4833.4,5,3.6,0,358,Rocket
2024-09-28,Walton Fridge,Electronics,177108.09,43148.58,13,3.5,1,497,Mastercard
2025-03-17,Dettol Handwash,Personal Care,128064.17,14617.1,16,4.9,0,86,Rocket
2024-02-27,Singer Rice Cooker,Electronics,13504.95,3675.29,1,4.5,0,375,Cash
2025-05-12,Teer Atta,Groceries,118347.5,24435.83,18,3.6,0,309,Nagad
2025-05-10,Teer Atta,Groceries,6159.27,1212.11,4,4.8,0,363,Mastercard
2025-04-01,Pran Mango Juice,Beverages,90282.5,23971.23,9,4.4,1,52,Nagad
2025-04-09,Fresh Soybean Oil,Groceries,69741.74,6515.14,12,2.5,0,318,Rocket
2025-04-19,Singer Rice Cooker,Electronics,84520.54,15664.31,9,4.3,1,121,Visa Card
2024-06-01,Fresh Soybean Oil,Groceries,67894.88,18633.38,13,4.9,0,283,Cash
2024-09-20,RFL Chair,Furniture,6333.77,1110.14,11,2.9,1,268,bKash
2024-04-23,Teer Atta,Groceries,10660.17,1816.1,1,4.3,0,344,Rocket
2024-08-26,Bata School Shoe,Fashion,35037.11,7489.04,3,3.4,0,389,bKash
2024-03-24,RFL Chair,Furniture,11650.38,1010.33,5,5.0,0,28,bKash
2024-06-03,Easy Fashion Shirt,Fashion,280706.13,59376.96,20,2.7,1,91,bKash
2025-02-17,Navana Helmet,Automotive,185188.87,26273.36,13,4.6,1,69,Cash
2024-02-08,Singer Rice Cooker,Electronics,91820.88,26023.63,9,2.7,0,354,bKash
2024-12-24,RFL Chair,Furniture,34627.58,5980.53,6,5.0,0,92,Nagad
2024-05-10,Walton Fan,Electronics,210019.22,22817.4,18,4.6,0,251,Visa Card
2024-04-14,Aarong Panjabi,Fashion,270194.77,77368.87,20,3.6,0,442,Mastercard
2024-11-25,Minister Blender,Electronics,4869.14,1479.01,1,3.4,0,81,Mastercard
2024-04-13,Singer Rice Cooker,Electronics,114441.95,36884.1,8,5.0,1,161,Mastercard
2025-03-20,Minister Blender,Electronics,94167.97,8648.57,19,3.3,0,494,Rocket
2024-01-17,Walton Fan,Electronics,140929.32,16152.09,12,2.7,0,297,Nagad
2024-09-21,Navana Helmet,Automotive,38989.8,9856.39,3,3.7,0,51,Visa Card
2024-05-03,Pran Noodles,Groceries,87397.12,9427.84,5,4.2,0,314,Mastercard
2025-03-11,Akij Cement,Construction,84007.72,12584.74,9,2.7,1,263,Mastercard
2024-09-09,Akij Cement,Construction,182808.35,27894.6,13,4.5,0,414,Rocket
2025-03-17,Aarong Panjabi,Fashion,52154.86,14576.32,17,3.9,1,247,Nagad
2025-02-26,Minister Blender,Electronics,68215.95,21773.34,8,3.6,0,138,Visa Card
2024-03-01,Dettol Handwash,Personal Care,234105.5,38251.3,16,3.5,0,221,Rocket
2024-08-30,Lux Soap,Personal Care,146009.29,21246.51,16,4.4,0,499,bKash
2024-11-10,Easy Fashion Shirt,Fashion,19119.28,3306.6,6,4.3,0,12,Visa Card
2024-06-04,Pran Mango Juice,Beverages,12908.69,2349.82,16,3.8,0,68,Mastercard
2024-07-28,Aarong Panjabi,Fashion,16320.24,4229.62,1,3.0,0,333,Visa Card
2024-06-23,Teer Atta,Groceries,108460.28,16190.36,9,3.6,1,213,Mastercard
2024-06-25,Sunsilk Shampoo,Personal Care,7592.83,2328.83,1,3.1,0,84,Cash
2024-07-15,Easy Fashion Shirt,Fashion,137340.16,29631.05,14,3.1,0,75,Visa Card
2024-08-04,ACI Salt,Groceries,58525.05,17678.35,5,4.9,1,473,Cash
2024-05-30,Bashundhara Tissue,Household,126158.86,19664.28,9,3.1,0,200,bKash
2024-01-16,Singer Rice Cooker,Electronics,140497.87,32155.85,11,3.7,0,259,Cash
2025-03-17,Olympic Biscuit,Snacks,13220.54,3118.75,1,3.6,0,277,Cash
2025-01-19,RFL Chair,Furniture,16930.78,1379.61,15,2.6,0,56,Rocket
2025-04-15,Sunsilk Shampoo,Personal Care,183286.0,30849.95,18,3.8,0,80,Visa Card
2024-05-19,Pran Mango Juice,Beverages,4342.97,1493.67,1,3.1,1,173,Cash
2025-04-24,Pran Noodles,Groceries,278028.42,96407.52,17,4.6,0,391,Visa Card
2025-03-24,Lux Soap,Personal Care,100209.42,12717.49,8,2.6,1,47,Cash
2024-02-19,Aarong Panjabi,Fashion,3265.4,662.63,2,4.1,0,358,Cash
2024-05-03,Olympic Biscuit,Snacks,19845.05,1966.26,4,2.8,0,170,bKash
2024-01-24,Bombay Sweets Chanachur,Snacks,8031.91,1243.86,2,5.0,0,189,Cash
2025-03-17,Minister Blender,Electronics,17596.37,2106.19,2,4.3,1,41,Cash
2024-03-06,Dettol Handwash,Personal Care,4443.03,658.9,16,5.0,0,73,bKash
2024-08-13,Walton Fridge,Electronics,691.58,74.97,2,4.1,0,442,Mastercard
2024-10-16,Fresh Milk,Dairy,119106.74,41081.48,14,3.2,0,79,Cash
2024-09-02,Pran Noodles,Groceries,189091.66,54506.1,11,4.5,0,88,bKash
2024-03-30,Kazi Farms Chicken,Frozen Food,11610.62,3369.77,3,4.9,0,56,Mastercard
2024-02-09,Fresh Soybean Oil,Groceries,309449.9,51157.88,20,4.1,1,129,Cash
2024-03-28,Square Toiletries Lotion,Personal Care,141975.01,38915.24,14,3.4,1,176,Visa Card
2025-03-10,Navana Helmet,Automotive,102165.5,10422.56,7,3.4,0,44,Rocket
2024-03-21,Easy Fashion Shirt,Fashion,16146.35,3776.68,5,4.7,0,68,Nagad
2024-09-29,Fresh Soybean Oil,Groceries,140397.35,23814.43,11,3.9,1,18,Visa Card
2024-01-08,Kazi Farms Chicken,Frozen Food,40241.61,11622.65,19,4.6,0,437,Visa Card
2025-02-06,Kazi Farms Chicken,Frozen Food,28301.53,3614.7,2,4.2,0,326,Nagad
2024-07-25,Fresh Milk,Dairy,31191.52,5510.77,12,5.0,0,465,Mastercard
2025-03-31,Square Toiletries Lotion,Personal Care,60155.15,10986.32,7,4.6,1,233,Cash
2024-12-11,Akij Cement,Construction,83179.8,28489.15,11,4.1,1,262,Cash
2024-03-13,Fresh Soybean Oil,Groceries,34279.09,2958.35,18,2.6,0,465,Rocket
2024-04-08,Bashundhara Tissue,Household,163642.91,33262.22,17,5.0,0,453,Visa Card
2024-06-23,Lux Soap,Personal Care,112401.3,38071.06,11,2.8,0,297,Rocket
2024-09-03,RFL Chair,Furniture,50113.02,5421.95,3,3.3,1,436,bKash
2024-07-16,Walton Fridge,Electronics,49381.35,10874.4,9,4.0,1,487,bKash
2024-07-21,Bombay Sweets Chanachur,Snacks,46738.96,5790.88,5,4.7,0,387,Rocket
2024-02-08,Navana Helmet,Automotive,69460.67,10585.65,11,4.2,1,241,Nagad
2024-02-01,Square Toiletries Lotion,Personal Care,221692.8,18357.17,20,2.7,1,51,Visa Card
2025-04-17,Pran Mango Juice,Beverages,15337.38,1488.42,6,2.6,1,44,Rocket
2025-03-31,Easy Fashion Shirt,Fashion,9274.06,981.13,6,4.8,0,76,Rocket
2024-08-14,ACI Salt,Groceries,246845.68,25305.51,20,3.5,1,263,Cash
2024-08-06,Bombay Sweets Chanachur,Snacks,41908.82,8057.26,7,2.8,0,194,Cash
2024-12-14,Easy Fashion Shirt,Fashion,46339.35,5666.9,6,4.2,1,260,Rocket
2025-04-03,Pran Mango Juice,Beverages,6699.92,594.69,2,3.1,0,315,Cash
2024-07-24,Lux Soap,Personal Care,105165.65,14205.5,19,2.9,0,327,Cash
2024-03-28,Sunsilk Shampoo,Personal Care,22371.33,7550.14,15,3.9,0,437,Visa Card
2024-01-20,Lux Soap,Personal Care,12106.76,3861.19,17,4.5,0,39,Visa Card
2024-10-15,Bata School Shoe,Fashion,261776.21,89664.76,18,3.0,0,282,Mastercard
2025-03-26,Kazi Farms Chicken,Frozen Food,97998.66,9330.5,7,4.7,0,55,Mastercard
2024-11-25,Teer Atta,Groceries,128900.39,26993.28,9,3.0,1,286,Rocket
2024-03-31,ACI Salt,Groceries,116019.97,24292.54,9,4.5,0,462,Cash
2024-05-05,Dettol Handwash,Personal Care,6269.08,1015.8,20,3.4,0,247,Cash
2025-02-19,Square Toiletries Lotion,Personal Care,158111.96,27820.27,13,4.3,0,101,Mastercard
2024-12-06,Walton Fridge,Electronics,16363.49,2580.98,9,2.7,0,454,bKash
2025-02-07,Minister Blender,Electronics,23903.77,2210.19,9,4.5,0,158,Nagad
2024-12-20,ACI Salt,Groceries,241312.23,63901.31,18,4.1,0,406,Rocket
2024-04-18,Walton Fan,Electronics,5777.63,2012.01,1,4.8,1,10,bKash
2024-10-13,RFL Chair,Furniture,9146.54,2340.84,4,2.9,0,82,Cash
2024-02-07,Walton Fridge,Electronics,21043.75,5352.44,2,3.9,1,465,bKash
2024-01-19,Vision TV,Electronics,238040.71,49547.17,17,4.2,0,95,Rocket
2024-07-04,Walton Fridge,Electronics,17057.6,3029.44,4,3.8,0,404,Cash
2024-10-19,Fresh Soybean Oil,Groceries,23857.47,2886.71,4,4.0,0,431,Rocket
2025-04-13,Pran Mango Juice,Beverages,108774.83,16492.87,14,4.2,1,182,Nagad
2024-03-02,Bombay Sweets Chanachur,Snacks,36105.98,6882.25,18,3.2,0,303,bKash
2024-11-15,Bombay Sweets Chanachur,Snacks,121309.33,23618.68,10,4.3,0,183,bKash
2025-02-14,Akij Cement,Construction,179743.32,35376.2,15,2.8,1,169,bKash
2024-11-09,Bombay Sweets Chanachur,Snacks,25296.1,2828.39,2,4.6,0,420,Rocket
2024-06-23,Walton Fridge,Electronics,37847.79,8158.75,7,3.9,0,210,Mastercard
2024-11-11,Sunsilk Shampoo,Personal Care,70655.01,19695.04,14,3.0,0,468,Rocket
2024-01-05,Teer Atta,Groceries,137457.42,29241.48,11,2.9,0,404,Mastercard
2024-08-24,Fresh Milk,Dairy,50267.58,16056.57,7,4.6,1,118,Nagad
2024-01-08,Dettol Handwash,Personal Care,79629.16,18229.46,8,3.6,1,367,Nagad
2025-03-31,Sunsilk Shampoo,Personal Care,252136.07,32121.42,19,3.5,0,36,bKash
2024-05-18,Navana Helmet,Automotive,41819.77,4042.06,10,3.9,1,238,Mastercard
2025-03-07,Bata School Shoe,Fashion,22928.9,7263.0,2,3.6,0,351,bKash
2025-01-20,Olympic Biscuit,Snacks,106070.07,23327.93,10,2.5,0,96,Nagad
2024-10-30,Square Toiletries Lotion,Personal Care,182008.96,40600.54,20,4.1,0,453,Rocket
2024-11-18,Olympic Biscuit,Snacks,60410.22,16209.84,15,2.7,0,464,Rocket
2024-08-30,Aarong Panjabi,Fashion,26404.42,9208.55,2,4.6,0,486,Rocket
2025-02-26,Pran Noodles,Groceries,99312.18,28116.36,8,4.3,0,191,bKash
2025-04-06,Sunsilk Shampoo,Personal Care,20202.69,6972.64,10,3.5,0,84,Cash
2024-08-26,Kazi Farms Chicken,Frozen Food,240278.74,39102.39,17,2.7,0,309,Visa Card
2025-01-10,Olympic Biscuit,Snacks,72456.88,20724.02,13,4.6,0,299,Rocket
2024-12-22,Navana Helmet,Automotive,71207.15,11688.21,10,3.0,0,90,Mastercard
2025-02-28,ACI Salt,Groceries,1021.06,189.36,3,4.1,0,80,Mastercard
2024-03-01,Minister Blender,Electronics,46633.0,12285.2,9,4.8,0,176,Rocket
2024-01-29,Dettol Handwash,Personal Care,83354.15,20568.83,9,3.3,1,332,Visa Card
2024-11-17,ACI Salt,Groceries,48236.58,13506.28,3,4.2,0,464,Cash
2025-04-13,Aarong Panjabi,Fashion,69525.78,6288.87,8,3.7,0,465,Cash
2025-02-26,Akij Cement,Construction,165537.2,24510.8,11,3.0,0,114,Cash
2024-04-23,Square Toiletries Lotion,Personal Care,50104.99,10955.05,9,3.7,0,85,Cash
2024-05-06,RFL Chair,Furniture,275399.32,30463.37,18,4.5,0,410,Visa Card
2024-01-30,Square Toiletries Lotion,Personal Care,47358.87,7137.58,7,3.6,1,162,Visa Card
2024-08-18,Fresh Soybean Oil,Groceries,17154.72,3694.88,2,4.1,0,356,Visa Card
2024-05-13,Kazi Farms Chicken,Frozen Food,22681.94,7912.07,2,4.2,0,142,Rocket
2024-09-15,ACI Salt,Groceries,6838.7,1501.26,1,4.3,0,462,Cash
2024-12-16,Navana Helmet,Automotive,30228.84,10517.08,13,4.7,0,35,Nagad
2024-02-13,Pran Mango Juice,Beverages,168038.42,25877.98,10,3.6,0,106,bKash
2024-09-20,RFL Chair,Furniture,156931.56,36710.51,12,2.8,0,210,Cash
2025-03-15,Sunsilk Shampoo,Personal Care,81102.56,10672.18,14,3.5,0,90,Visa Card
2024-05-17,Teer Atta,Groceries,142788.95,20865.81,17,3.0,0,84,Nagad
2024-07-10,Pran Noodles,Groceries,74785.53,12289.07,10,4.3,0,54,Cash
2025-04-13,Bombay Sweets Chanachur,Snacks,38471.14,8907.6,11,3.9,0,407,Nagad
2025-04-21,Fresh Milk,Dairy,89885.31,22666.64,7,4.9,0,308,Visa Card
2024-12-26,Pran Noodles,Groceries,135641.06,41232.47,17,4.2,0,309,bKash
2024-06-14,Sunsilk Shampoo,Personal Care,92915.64,25018.13,7,3.7,0,90,Rocket
2024-08-22,Lux Soap,Personal Care,54117.86,4689.12,12,3.9,0,283,Visa Card
2025-02-25,Walton Fridge,Electronics,88663.37,17361.46,6,4.6,1,396,Cash
2025-01-17,Fresh Milk,Dairy,4959.1,1680.24,4,3.7,1,343,Visa Card
2024-02-23,Bashundhara Tissue,Household,107861.19,23957.03,9,4.3,1,64,bKash
2024-11-11,Navana Helmet,Automotive,255143.69,50316.85,19,4.0,1,416,bKash
2025-01-28,Fresh Soybean Oil,Groceries,70792.34,7099.01,7,4.1,1,277,Visa Card
2024-11-27,RFL Chair,Furniture,14087.54,3876.58,2,2.8,0,168,Mastercard
2024-08-03,Walton Fan,Electronics,139572.63,47714.14,11,4.7,0,103,Cash
2024-02-08,Pran Noodles,Groceries,134963.88,25895.49,9,2.8,0,19,bKash
2024-02-08,Dettol Handwash,Personal Care,191992.18,26876.17,14,4.7,1,379,Cash
2024-02-07,Kazi Farms Chicken,Frozen Food,127677.47,38627.7,19,3.2,0,467,Nagad
2024-11-26,Olympic Biscuit,Snacks,4605.66,1267.98,1,3.0,1,51,Nagad
2024-03-03,Minister Blender,Electronics,8417.59,989.22,3,3.8,0,201,bKash
2024-03-20,Olympic Biscuit,Snacks,83480.95,25055.85,8,3.3,0,474,Visa Card
2025-02-10,Walton Fan,Electronics,21182.85,2554.88,3,3.3,0,468,bKash
2024-07-27,Singer Rice Cooker,Electronics,126460.52,33114.83,15,3.2,0,157,Cash
2025-05-02,Aarong Panjabi,Fashion,68302.5,17470.7,9,4.2,0,107,Mastercard
2025-01-26,Fresh Soybean Oil,Groceries,12931.74,4333.19,1,2.7,0,485,Visa Card
2024-08-03,ACI Salt,Groceries,201906.27,16679.94,16,2.9,0,228,Visa Card
2024-11-04,Navana Helmet,Automotive,64304.91,6710.55,18,4.3,0,139,Cash
2025-01-08,Singer Rice Cooker,Electronics,241227.83,78101.74,16,3.5,0,457,Visa Card
2025-03-07,Easy Fashion Shirt,Fashion,53320.4,15221.06,6,3.0,1,374,Cash
2024-06-30,ACI Salt,Groceries,24054.35,4193.35,2,4.6,0,128,bKash
2024-11-15,Olympic Biscuit,Snacks,22424.84,2545.65,19,3.6,0,363,Nagad
2024-01-13,Pran Noodles,Groceries,293413.69,85192.41,19,4.3,0,40,Nagad
2024-06-11,Pran Noodles,Groceries,166868.97,13579.84,13,3.1,1,192,Cash
2025-02-19,ACI Salt,Groceries,12184.81,2525.05,1,4.8,0,308,bKash
2025-03-04,Sunsilk Shampoo,Personal Care,42765.87,7285.18,18,4.9,0,152,Nagad
2025-03-27,Aarong Panjabi,Fashion,10885.19,2093.31,2,4.5,0,92,bKash
2024-12-02,Square Toiletries Lotion,Personal Care,23328.33,5473.85,2,4.0,1,274,Rocket
2024-10-11,Aarong Panjabi,Fashion,12538.5,1981.3,3,2.7,0,380,Visa Card
2024-05-02,ACI Salt,Groceries,3988.56,374.89,19,2.7,0,246,Visa Card
2024-04-07,Minister Blender,Electronics,109820.73,27238.31,8,4.6,0,165,Rocket
2024-12-14,Pran Noodles,Groceries,143389.35,27460.15,9,2.6,0,403,Cash
2024-12-01,Olympic Biscuit,Snacks,61643.68,21004.45,10,4.4,0,286,Nagad
2024-04-25,Vision TV,Electronics,16154.84,3694.14,5,2.6,0,166,Nagad
2024-02-16,Fresh Soybean Oil,Groceries,34716.11,8180.06,9,4.9,0,225,bKash
2024-02-26,Bombay Sweets Chanachur,Snacks,22508.72,2362.09,6,3.3,0,96,bKash
2024-10-18,Kazi Farms Chicken,Frozen Food,121527.87,22052.46,16,4.7,0,272,Visa Card
2024-02-07,Fresh Soybean Oil,Groceries,16563.2,5014.7,13,4.2,1,165,Rocket
2024-01-20,Aarong Panjabi,Fashion,97435.68,26032.01,16,5.0,0,304,Mastercard
2024-05-05,RFL Chair,Furniture,68575.75,6687.87,10,3.6,0,443,Nagad
2024-05-03,Pran Mango Juice,Beverages,158174.21,51284.46,18,2.6,0,125,Visa Card
2025-01-05,Navana Helmet,Automotive,83098.35,16629.93,18,4.2,0,321,bKash
2024-05-19,Square Toiletries Lotion,Personal Care,25627.14,8772.05,2,2.5,0,200,Visa Card
2024-09-23,Bombay Sweets Chanachur,Snacks,154505.19,30298.3,16,2.9,0,167,Mastercard
2024-09-09,Pran Mango Juice,Beverages,103888.01,33475.58,9,3.6,0,77,Visa Card
2024-01-13,Singer Rice Cooker,Electronics,7736.98,2022.18,5,4.5,0,269,Nagad
2024-04-05,Bashundhara Tissue,Household,100548.08,23061.43,7,3.7,1,47,bKash
2024-06-23,Fresh Soybean Oil,Groceries,259461.01,88705.26,16,3.4,0,252,Nagad
2024-11-20,Lux Soap,Personal Care,188210.58,53852.96,15,4.3,0,114,Cash
2024-10-27,ACI Salt,Groceries,141224.93,32810.03,15,4.3,1,172,bKash
2025-03-13,Fresh Milk,Dairy,47966.18,12697.74,13,3.8,0,179,Visa Card
2025-02-14,Easy Fashion Shirt,Fashion,91063.5,22094.17,7,2.8,1,39,Rocket
2024-01-07,Pran Noodles,Groceries,164445.22,19042.77,14,4.6,0,450,Nagad
2025-03-22,Fresh Milk,Dairy,153829.59,13760.36,12,3.9,0,344,Mastercard
2024-02-08,Navana Helmet,Automotive,103905.34,17678.43,9,4.8,0,160,bKash
2025-03-30,Bata School Shoe,Fashion,132301.33,25822.14,8,3.5,0,137,Cash
2024-03-03,Fresh Soybean Oil,Groceries,61924.93,12847.66,4,4.1,0,100,Nagad
2024-06-17,Aarong Panjabi,Fashion,186838.71,55230.38,20,4.7,1,441,Cash
2025-04-07,Olympic Biscuit,Snacks,42613.41,4983.59,10,5.0,0,65,bKash
2024-10-12,Bombay Sweets Chanachur,Snacks,184464.3,23307.55,20,4.5,1,139,Cash
2024-07-06,Sunsilk Shampoo,Personal Care,79622.67,10819.36,12,4.5,1,70,Rocket
2024-06-20,Lux Soap,Personal Care,144890.05,18406.67,17,4.6,0,101,Rocket
2024-01-16,Bombay Sweets Chanachur,Snacks,19402.78,5226.66,14,3.0,0,259,bKash
2024-10-06,Aarong Panjabi,Fashion,64865.51,12626.17,11,4.2,0,106,Nagad
2024-10-14,Lux Soap,Personal Care,27806.65,3001.46,5,3.1,1,448,Visa Card
2024-10-28,Easy Fashion Shirt,Fashion,2430.92,495.06,1,4.8,0,331,Nagad
2024-05-11,Lux Soap,Personal Care,103045.19,17794.72,12,4.4,0,400,Visa Card
2024-05-13,Sunsilk Shampoo,Personal Care,48438.44,8027.62,14,4.0,0,270,Visa Card
2024-05-12,Vision TV,Electronics,38376.85,6362.42,5,3.1,1,350,Nagad
2025-01-14,Aarong Panjabi,Fashion,67807.42,9575.07,19,3.6,0,350,Visa Card
2025-03-05,Navana Helmet,Automotive,51231.08,16091.94,3,2.7,1,169,Mastercard
2024-06-18,Bombay Sweets Chanachur,Snacks,156684.49,21461.27,16,3.1,0,407,Visa Card
2025-03-14,Teer Atta,Groceries,148248.95,17595.72,14,3.2,0,465,Rocket
2024-05-08,Olympic Biscuit,Snacks,82648.07,18419.88,6,4.9,0,156,Rocket
2024-04-10,Kazi Farms Chicken,Frozen Food,16079.69,2744.85,1,3.8,0,110,bKash
2024-06-08,Pran Mango Juice,Beverages,53043.38,5745.37,6,4.6,0,403,Visa Card
2025-04-19,Olympic Biscuit,Snacks,8941.28,1511.55,3,2.8,0,371,Nagad
2024-11-11,Bombay Sweets Chanachur,Snacks,3851.76,704.7,6,2.5,1,155,Nagad
2024-04-30,Bashundhara Tissue,Household,7509.61,1160.2,1,2.6,1,458,Rocket
2024-09-15,Walton Fridge,Electronics,10486.94,868.31,2,5.0,0,42,bKash
2024-10-20,Akij Cement,Construction,45778.75,9341.44,3,3.6,0,364,Rocket
2025-04-02,Akij Cement,Construction,36190.52,7647.65,6,3.7,0,250,Mastercard
2025-01-13,Square Toiletries Lotion,Personal Care,227168.38,62040.9,20,4.7,0,203,Cash
2024-04-22,Teer Atta,Groceries,31649.92,9568.48,7,3.8,0,200,Nagad
2025-03-16,Walton Fridge,Electronics,74361.75,17402.63,8,4.9,0,486,Mastercard
2024-03-27,Minister Blender,Electronics,105928.16,12623.68,7,3.0,0,198,Visa Card
2024-08-15,Walton Fridge,Electronics,10871.46,1501.37,8,2.5,0,352,Mastercard
2024-04-24,Vision TV,Electronics,10890.48,2499.6,4,4.8,0,121,Mastercard
2024-01-31,Fresh Milk,Dairy,36982.26,5498.54,7,2.8,0,187,Nagad
2024-01-21,Walton Fan,Electronics,148088.9,47871.89,17,3.8,0,419,Rocket
2024-05-03,Vision TV,Electronics,76411.23,19435.35,19,4.9,1,332,Visa Card
2024-02-18,Walton Fan,Electronics,81381.46,19618.76,9,3.0,0,356,Rocket
2025-01-21,Sunsilk Shampoo,Personal Care,10417.13,3237.34,1,2.7,1,438,Visa Card
2025-02-06,Pran Noodles,Groceries,14432.0,4333.23,4,3.6,0,311,Visa Card
2024-05-05,Lux Soap,Personal Care,29783.34,6167.7,14,3.7,0,51,Mastercard
2024-12-21,Minister Blender,Electronics,163839.43,30945.4,11,4.1,0,30,Nagad
2024-03-09,Walton Fan,Electronics,88061.72,21705.55,7,3.1,1,152,Visa Card
2025-03-29,RFL Chair,Furniture,30682.17,5692.79,17,4.3,0,93,Rocket
2024-07-03,Akij Cement,Construction,74374.99,25915.62,20,4.0,0,326,bKash
2024-12-30,Singer Rice Cooker,Electronics,23961.94,5241.16,4,3.6,0,379,Rocket
2024-02-26,Bashundhara Tissue,Household,5151.78,1054.13,16,4.1,0,457,Visa Card
2024-10-05,Navana Helmet,Automotive,92337.3,7909.0,7,3.4,0,436,Nagad
2024-04-09,Akij Cement,Construction,59273.24,7522.35,15,2.7,0,372,Visa Card
2025-05-05,Kazi Farms Chicken,Frozen Food,29876.12,6860.21,4,4.7,0,359,bKash
2025-02-02,Bata School Shoe,Fashion,59353.43,8523.05,15,4.6,0,440,bKash
2024-12-10,Fresh Soybean Oil,Groceries,67627.73,22181.41,15,3.4,1,377,Visa Card
2024-01-25,RFL Chair,Furniture,28549.24,4821.07,6,4.4,0,69,Cash
2024-03-05,Easy Fashion Shirt,Fashion,70191.64,17461.47,20,4.7,0,430,Nagad
2024-03-31,Fresh Soybean Oil,Groceries,44022.75,9688.1,10,4.8,0,115,Rocket
2025-01-03,Easy Fashion Shirt,Fashion,100813.09,23810.99,15,2.7,1,340,Mastercard
2024-08-11,Teer Atta,Groceries,75256.96,9429.1,13,3.6,0,148,Cash
2024-08-04,Pran Noodles,Groceries,119159.2,15377.52,9,4.9,0,420,Visa Card
2024-07-20,Easy Fashion Shirt,Fashion,330657.78,31268.34,20,3.1,0,302,bKash
2025-03-20,ACI Salt,Groceries,255268.81,57392.17,18,2.7,0,197,bKash
2025-01-11,Kazi Farms Chicken,Frozen Food,79022.96,27466.19,5,3.3,0,480,Cash
2025-01-12,Bata School Shoe,Fashion,54690.32,12170.86,17,2.5,1,367,Cash
2024-05-16,Fresh Milk,Dairy,197166.64,58862.85,16,2.8,0,277,Rocket
2024-12-01,Pran Noodles,Groceries,93898.5,16910.78,9,4.5,0,96,Rocket
2024-07-18,Kazi Farms Chicken,Frozen Food,49899.18,15719.35,16,4.4,1,16,Cash
2025-03-08,ACI Salt,Groceries,260629.66,54312.38,18,3.1,0,498,Cash
2024-09-17,Aarong Panjabi,Fashion,65770.12,22789.93,12,4.3,1,30,bKash
2024-12-29,Bombay Sweets Chanachur,Snacks,103153.44,32375.55,14,4.7,0,53,Mastercard
2024-03-27,Bata School Shoe,Fashion,6826.36,1508.04,4,4.9,1,389,Nagad
2025-04-13,Vision TV,Electronics,36973.5,5514.18,4,4.5,0,317,Nagad
2024-07-27,Bombay Sweets Chanachur,Snacks,141550.95,27283.22,15,2.9,0,386,bKash
2024-07-04,Walton Fridge,Electronics,21072.78,4516.6,10,4.0,0,349,Rocket
2025-04-27,Square Toiletries Lotion,Personal Care,59397.61,13927.48,4,3.0,0,331,Nagad
2024-07-18,Singer Rice Cooker,Electronics,69870.07,8235.11,8,2.9,0,423,bKash
2024-05-04,Lux Soap,Personal Care,101434.84,24133.39,8,3.1,0,50,Visa Card
2025-04-16,Vision TV,Electronics,222789.57,28449.69,20,4.8,0,384,Rocket
2025-04-16,Bombay Sweets Chanachur,Snacks,96598.55,15064.4,6,3.7,0,149,bKash
2024-03-03,ACI Salt,Groceries,78055.3,16272.58,17,3.9,0,316,Cash
2024-11-10,Vision TV,Electronics,65552.12,19146.85,14,3.9,0,65,bKash
2024-06-10,Teer Atta,Groceries,81179.11,6946.75,12,3.2,0,246,Visa Card
2024-12-22,Pran Noodles,Groceries,301270.74,58047.06,17,5.0,0,414,Rocket
2024-04-29,Sunsilk Shampoo,Personal Care,49998.98,5924.38,16,4.8,0,181,Visa Card
2024-07-01,Lux Soap,Personal Care,277864.94,70668.77,19,3.8,0,246,Cash
2024-08-09,Bashundhara Tissue,Household,40473.61,6424.12,7,3.1,0,325,Nagad
2025-02-19,Sunsilk Shampoo,Personal Care,151183.49,40512.1,19,4.1,0,22,Cash
2024-12-31,Akij Cement,Construction,140418.84,48755.03,10,4.0,0,461,Visa Card
2024-02-16,RFL Chair,Furniture,42368.63,11641.93,12,4.7,1,140,bKash
2024-07-09,Pran Mango Juice,Beverages,61132.7,7122.3,8,4.6,0,202,Nagad
2025-05-05,Lux Soap,Personal Care,10530.1,1510.5,4,2.7,0,141,Mastercard
2024-08-25,Singer Rice Cooker,Electronics,54172.92,18252.75,12,3.4,1,450,Nagad
2024-11-21,Bata School Shoe,Fashion,38121.31,10588.46,5,2.6,0,227,Nagad
2024-12-27,ACI Salt,Groceries,47825.09,5933.68,8,3.6,0,380,Cash
2024-07-06,Dettol Handwash,Personal Care,138654.16,44653.8,18,3.4,0,456,Visa Card
2024-10-04,Vision TV,Electronics,89169.09,12361.99,7,3.6,1,136,bKash
2024-01-07,RFL Chair,Furniture,145002.42,18456.72,13,4.4,0,499,Nagad
2024-02-06,Lux Soap,Personal Care,101640.47,17966.49,11,3.0,1,453,Nagad
2024-12-06,Kazi Farms Chicken,Frozen Food,79777.77,22473.32,20,4.6,0,384,Cash
2025-04-24,Bombay Sweets Chanachur,Snacks,121488.54,12559.94,8,2.8,0,224,Mastercard
2024-11-25,Square Toiletries Lotion,Personal Care,8745.59,2817.51,2,4.7,1,13,Rocket
2024-06-27,Walton Fridge,Electronics,88531.31,26953.83,8,3.9,0,214,Visa Card
2025-03-31,RFL Chair,Furniture,184667.62,24012.85,14,4.4,0,305,Cash
2025-04-02,Aarong Panjabi,Fashion,59647.47,13298.95,6,4.1,0,20,Cash
2024-05-21,RFL Chair,Furniture,35853.66,5039.0,3,3.5,0,158,Rocket
2024-02-21,Lux Soap,Personal Care,187547.0,52819.75,14,3.5,0,133,Visa Card
2024-04-01,Vision TV,Electronics,227550.94,35615.93,15,3.9,0,232,Mastercard
2024-03-10,Teer Atta,Groceries,75671.87,8687.17,16,4.2,0,293,Visa Card
2024-08-31,Aarong Panjabi,Fashion,106493.79,14928.55,10,4.0,1,111,bKash
2024-02-22,Bata School Shoe,Fashion,25048.74,8652.5,4,3.6,0,283,Visa Card
2025-02-14,Easy Fashion Shirt,Fashion,157965.77,44949.45,12,3.1,0,41,Nagad
2025-03-28,Easy Fashion Shirt,Fashion,99412.85,8576.2,10,4.5,0,132,Nagad
2024-12-17,Olympic Biscuit,Snacks,32500.71,9034.9,12,3.9,0,240,Visa Card
2024-10-14,Easy Fashion Shirt,Fashion,147612.72,13968.43,18,3.0,0,171,Nagad
2024-04-26,Singer Rice Cooker,Electronics,136513.89,22927.93,13,4.5,0,460,Visa Card
2025-02-11,Lux Soap,Personal Care,43201.23,5218.51,5,4.3,0,405,Nagad
2025-04-27,Pran Noodles,Groceries,86078.63,14641.13,12,3.4,0,108,bKash
2025-05-07,ACI Salt,Groceries,50444.45,15343.45,16,2.9,1,435,Rocket
2024-01-01,Easy Fashion Shirt,Fashion,6116.43,2090.21,11,4.6,0,307,Nagad
2024-02-10,Fresh Milk,Dairy,60982.96,15716.49,6,2.5,1,417,Nagad
2024-06-22,Easy Fashion Shirt,Fashion,43986.77,10490.26,3,2.9,1,193,Nagad
2025-03-01,Olympic Biscuit,Snacks,3140.02,1036.61,1,3.8,0,39,Nagad
2024-04-10,Bashundhara Tissue,Household,33500.72,11056.28,6,4.0,0,257,bKash
2024-08-03,Singer Rice Cooker,Electronics,18340.56,5997.05,2,4.8,0,117,Visa Card
2024-10-10,Fresh Soybean Oil,Groceries,2839.12,901.78,1,4.1,0,98,Mastercard
2024-08-02,Walton Fridge,Electronics,156199.6,29206.23,15,2.9,0,33,Rocket
2025-04-02,Aarong Panjabi,Fashion,138057.41,11789.05,10,3.8,1,28,Visa Card
2025-04-19,Akij Cement,Construction,124636.98,19000.45,19,2.8,0,406,Rocket
2024-02-26,Bombay Sweets Chanachur,Snacks,184123.02,43998.52,20,3.9,0,184,Rocket
2024-08-06,Walton Fan,Electronics,35718.85,10686.45,13,3.1,0,327,Rocket
2025-03-10,Navana Helmet,Automotive,1435.59,409.81,5,4.3,0,95,Mastercard
2025-03-31,Singer Rice Cooker,Electronics,96278.92,29425.88,9,2.9,0,86,bKash
2025-04-25,Square Toiletries Lotion,Personal Care,59649.21,17711.09,6,4.4,0,332,Rocket
2024-09-21,Akij Cement,Construction,171242.18,35580.02,12,3.0,1,404,Visa Card
2024-11-08,Square Toiletries Lotion,Personal Care,29281.83,2400.65,11,3.0,0,409,Mastercard
2024-12-10,Pran Mango Juice,Beverages,94144.9,29665.6,19,5.0,0,451,Visa Card
2024-03-18,Easy Fashion Shirt,Fashion,20841.33,3821.75,15,3.7,0,313,Mastercard
2024-12-17,Pran Noodles,Groceries,58374.49,18538.23,8,4.1,0,489,Rocket
2024-09-03,Lux Soap,Personal Care,33320.08,5124.14,6,3.7,0,89,Nagad
2025-02-23,Aarong Panjabi,Fashion,82190.34,22620.55,14,4.5,0,273,Visa Card
2024-01-03,Dettol Handwash,Personal Care,25247.49,6474.38,9,4.3,0,388,Mastercard
2025-04-24,ACI Salt,Groceries,18541.67,3396.8,2,4.4,0,267,Mastercard
2025-01-10,Teer Atta,Groceries,31682.92,8386.54,4,2.6,0,109,Nagad
2024-10-05,Olympic Biscuit,Snacks,120715.91,23346.48,9,4.2,1,366,Rocket
2025-02-08,Fresh Soybean Oil,Groceries,37468.76,6204.91,4,3.8,0,66,Rocket
2024-09-16,ACI Salt,Groceries,26428.33,2202.61,3,4.2,0,229,Nagad
2025-05-12,Vision TV,Electronics,157842.16,25948.94,20,4.2,1,232,Nagad
2024-06-16,Bata School Shoe,Fashion,52051.37,13319.68,20,4.2,0,186,Cash
2024-05-13,Fresh Milk,Dairy,134455.58,24821.34,9,2.7,0,381,Visa Card
2025-02-27,Dettol Handwash,Personal Care,104051.63,18397.23,17,4.3,0,92,Rocket
2024-06-25,Fresh Soybean Oil,Groceries,117130.39,17815.74,13,3.0,1,79,Mastercard
2024-04-13,Walton Fan,Electronics,2717.74,864.8,2,2.8,0,403,Rocket
2024-12-21,Walton Fridge,Electronics,106461.99,34181.01,10,3.6,0,113,Rocket
2024-10-06,Easy Fashion Shirt,Fashion,6828.14,1616.6,8,4.8,0,306,Visa Card
2024-05-19,Lux Soap,Personal Care,165458.84,52765.57,12,3.6,0,331,Nagad
2024-04-17,Walton Fridge,Electronics,264172.9,41331.64,17,4.3,1,25,Visa Card
2024-10-13,Minister Blender,Electronics,24329.9,7657.63,17,2.7,0,156,Nagad
2024-12-18,Bombay Sweets Chanachur,Snacks,89122.4,26569.82,14,3.4,0,118,Cash
2024-06-12,Teer Atta,Groceries,60730.99,18767.06,6,4.5,1,215,Nagad
2024-07-06,Bata School Shoe,Fashion,37456.39,4181.81,18,4.0,0,280,bKash
2024-02-18,Bashundhara Tissue,Household,6514.29,1921.61,7,3.0,0,470,Nagad
2024-07-01,Akij Cement,Construction,113072.55,14330.75,8,2.6,0,467,Rocket
2024-04-11,Lux Soap,Personal Care,102693.26,17494.45,6,4.1,1,173,Nagad
2024-01-27,Bata School Shoe,Fashion,45899.5,12535.46,6,2.8,0,377,Mastercard
2024-09-27,Navana Helmet,Automotive,24947.4,7258.21,5,4.1,0,289,Mastercard
2025-01-16,Sunsilk Shampoo,Personal Care,264550.59,91046.43,19,2.9,0,207,Mastercard
2024-02-19,Dettol Handwash,Personal Care,89227.82,27079.63,16,4.3,0,483,bKash
2024-02-02,Fresh Soybean Oil,Groceries,44837.19,14312.45,11,4.7,0,371,Rocket
2024-08-12,Kazi Farms Chicken,Frozen Food,122446.21,13401.19,16,2.9,0,33,bKash
2024-04-23,Bashundhara Tissue,Household,75816.07,13176.31,5,4.7,0,493,Cash
2024-09-14,Square Toiletries Lotion,Personal Care,31321.79,8721.66,11,3.3,0,452,Mastercard
2024-12-02,Dettol Handwash,Personal Care,191969.31,44483.34,14,3.0,0,426,Cash
2024-10-07,Walton Fan,Electronics,263512.06,72380.89,20,3.7,0,221,Rocket
2024-03-20,Singer Rice Cooker,Electronics,112166.09,11463.96,9,4.7,0,365,Rocket
2024-02-26,Walton Fridge,Electronics,4274.07,953.94,7,4.7,0,362,Cash
2024-02-26,Navana Helmet,Automotive,37460.25,4687.12,16,2.9,0,312,bKash
2024-08-19,Pran Mango Juice,Beverages,28472.77,4511.72,2,3.3,0,59,Cash
2024-09-07,Kazi Farms Chicken,Frozen Food,65365.25,20066.39,11,2.6,0,495,Rocket
2025-01-31,Aarong Panjabi,Fashion,53091.17,5356.82,19,3.9,0,80,Visa Card
2024-10-21,Bata School Shoe,Fashion,106169.19,29341.31,13,3.6,0,383,Cash
2025-01-30,Pran Noodles,Groceries,55794.55,13387.23,7,2.9,0,128,Mastercard
2024-10-31,Pran Mango Juice,Beverages,23963.23,5604.84,14,4.9,0,304,Cash
2025-05-12,Teer Atta,Groceries,23596.9,2735.53,20,4.0,0,100,bKash
2024-03-14,Walton Fan,Electronics,167603.02,34588.49,17,3.9,0,409,Rocket
2024-12-04,Navana Helmet,Automotive,118557.36,14276.48,8,4.7,0,158,Rocket
2025-02-12,Vision TV,Electronics,160144.89,29961.34,15,4.1,0,328,Cash
2025-02-19,RFL Chair,Furniture,187097.15,26966.96,19,4.1,0,149,Cash
2024-02-19,Singer Rice Cooker,Electronics,164956.76,45318.46,15,3.0,0,229,bKash
2024-09-12,Walton Fan,Electronics,246574.66,26636.6,19,4.6,0,448,bKash
2024-02-28,Walton Fan,Electronics,135994.36,25527.49,11,2.7,1,407,Cash
2024-06-05,Bombay Sweets Chanachur,Snacks,183651.25,34517.89,17,3.2,0,452,Visa Card
2024-09-30,ACI Salt,Groceries,13779.03,3611.85,5,3.9,0,479,Cash
2024-09-25,Kazi Farms Chicken,Frozen Food,89553.31,16266.1,11,3.5,1,381,Rocket
2024-09-24,Easy Fashion Shirt,Fashion,85167.14,26787.02,11,2.6,1,257,Rocket
2024-03-03,Easy Fashion Shirt,Fashion,150597.12,31189.12,9,2.7,0,151,Rocket
2024-10-05,Pran Noodles,Groceries,18128.67,2063.49,2,3.2,1,169,bKash
2024-08-07,Square Toiletries Lotion,Personal Care,36036.15,6308.75,3,3.6,1,319,Nagad
2024-08-29,Dettol Handwash,Personal Care,120346.88,27696.19,9,3.0,0,108,bKash
2024-09-16,Fresh Soybean Oil,Groceries,1073.95,262.36,2,2.5,0,165,Mastercard
2024-06-05,Singer Rice Cooker,Electronics,37759.07,10361.95,7,3.0,0,239,Nagad
2024-05-31,Walton Fan,Electronics,173653.19,16211.45,13,3.8,0,167,Mastercard
2024-08-19,Olympic Biscuit,Snacks,4755.57,754.53,1,2.5,1,324,Rocket
2025-04-17,Bashundhara Tissue,Household,48671.64,16778.28,5,3.4,1,345,Cash
2024-12-28,Minister Blender,Electronics,150128.27,29808.67,13,3.1,0,93,Cash
2025-04-27,Aarong Panjabi,Fashion,42975.78,4091.94,18,2.9,0,442,Cash
2025-04-18,Bombay Sweets Chanachur,Snacks,14667.21,2202.39,4,3.1,0,305,Nagad
2024-04-23,Bashundhara Tissue,Household,47122.52,6343.99,10,3.6,0,205,Nagad
2025-01-03,Vision TV,Electronics,12842.96,1144.14,6,3.3,1,323,Nagad
2024-10-28,ACI Salt,Groceries,61651.53,8207.39,9,4.1,0,170,Rocket
2024-09-12,Easy Fashion Shirt,Fashion,80062.41,24935.72,7,5.0,1,459,Nagad
2024-03-29,Easy Fashion Shirt,Fashion,7197.89,2360.44,1,3.2,0,251,Mastercard
2024-12-30,Sunsilk Shampoo,Personal Care,60524.66,7884.98,5,5.0,0,226,Cash
2024-10-28,Bata School Shoe,Fashion,19232.38,6154.39,2,3.4,0,49,Mastercard
2024-07-14,Sunsilk Shampoo,Personal Care,27156.15,6677.67,2,2.9,0,433,Nagad
2025-04-16,Square Toiletries Lotion,Personal Care,6805.12,2239.61,5,4.6,0,322,Visa Card
2024-03-14,Navana Helmet,Automotive,72018.04,10952.29,5,3.8,0,50,bKash
2024-09-28,Lux Soap,Personal Care,157703.87,39567.66,17,4.8,0,13,Visa Card
2024-02-18,Teer Atta,Groceries,173814.18,50861.21,20,4.2,0,307,bKash
2024-07-05,Akij Cement,Construction,26632.9,6203.41,2,2.7,0,415,Nagad
2024-04-14,Olympic Biscuit,Snacks,182877.7,32563.55,12,4.3,1,104,Rocket
2024-12-24,Easy Fashion Shirt,Fashion,237006.14,56320.86,19,2.5,0,167,Cash
2024-12-25,Bata School Shoe,Fashion,273938.22,67510.31,20,4.3,0,357,bKash
2024-08-15,Pran Noodles,Groceries,10923.22,3228.8,14,3.7,1,98,Visa Card
2024-07-16,Walton Fridge,Electronics,170408.17,50672.68,19,2.8,0,411,Nagad
2024-09-27,Sunsilk Shampoo,Personal Care,193676.75,29776.04,13,4.8,0,100,Visa Card
2024-11-12,ACI Salt,Groceries,85044.67,12821.77,12,4.6,1,268,Rocket
2025-04-03,Olympic Biscuit,Snacks,10297.28,1858.52,1,3.6,0,364,Rocket
2025-01-04,Bombay Sweets Chanachur,Snacks,2667.09,736.81,4,4.3,1,177,Mastercard
2024-04-27,ACI Salt,Groceries,95638.83,14568.5,13,3.5,0,462,Rocket
2024-09-02,ACI Salt,Groceries,89668.72,25114.79,7,4.2,0,327,Visa Card
2025-04-21,Square Toiletries Lotion,Personal Care,132896.69,44437.62,9,4.1,0,170,bKash
2024-10-08,Walton Fan,Electronics,53340.67,6388.97,5,2.8,0,221,Cash
2024-09-11,Navana Helmet,Automotive,99145.6,8039.68,13,3.1,1,382,Mastercard
2025-04-03,Easy Fashion Shirt,Fashion,33771.31,11689.98,4,3.4,0,223,Nagad
2025-03-02,Vision TV,Electronics,11045.91,1318.25,7,3.9,0,160,bKash
2025-02-27,Fresh Soybean Oil,Groceries,69740.56,12134.22,11,5.0,0,300,bKash
2025-02-23,Lux Soap,Personal Care,78870.51,20384.66,17,3.8,0,327,Rocket
2024-07-14,Vision TV,Electronics,106562.62,8841.84,9,3.8,0,265,Mastercard
2025-02-20,Teer Atta,Groceries,106781.04,18688.02,7,3.8,0,105,Visa Card
2025-02-13,Easy Fashion Shirt,Fashion,196884.1,20930.87,15,3.6,0,79,Nagad
2024-06-22,Bombay Sweets Chanachur,Snacks,183715.37,46768.5,19,2.6,1,463,bKash
2024-09-09,Kazi Farms Chicken,Frozen Food,50319.52,4172.76,6,4.7,0,185,Nagad
2025-05-05,Singer Rice Cooker,Electronics,72302.47,10536.8,15,4.5,0,207,bKash
2024-09-16,Bombay Sweets Chanachur,Snacks,162191.28,52558.3,13,2.8,0,121,bKash
2024-12-11,RFL Chair,Furniture,10106.94,1939.14,2,4.9,0,410,Mastercard
2024-04-28,Pran Mango Juice,Beverages,43266.76,5756.5,9,4.3,0,212,Rocket
2025-04-14,ACI Salt,Groceries,3586.96,756.21,1,5.0,0,294,Cash
2025-03-21,Walton Fridge,Electronics,16410.09,5556.54,16,4.7,0,192,Cash
2024-06-27,Bashundhara Tissue,Household,14167.97,4706.18,5,3.4,0,278,Mastercard
2025-03-21,Sunsilk Shampoo,Personal Care,78306.84,11611.21,10,4.2,0,108,bKash
2024-10-16,Lux Soap,Personal Care,1729.17,522.29,13,3.2,1,101,Nagad
2024-04-26,Kazi Farms Chicken,Frozen Food,33338.29,6111.75,7,4.4,0,169,Nagad
2025-04-24,Square Toiletries Lotion,Personal Care,124135.4,37408.96,13,3.5,0,472,Rocket
2024-06-02,Pran Mango Juice,Beverages,11708.1,1722.04,1,4.8,0,482,Cash
2024-05-30,Dettol Handwash,Personal Care,24035.99,7588.19,15,4.8,0,448,Cash
2025-02-13,Navana Helmet,Automotive,56748.04,18399.31,5,3.4,1,450,Cash
2024-05-30,Fresh Soybean Oil,Groceries,56647.28,6648.93,12,3.1,1,217,Rocket
2024-07-06,Aarong Panjabi,Fashion,14393.0,3493.77,8,4.3,0,500,Mastercard
2024-08-26,ACI Salt,Groceries,218208.96,20673.69,17,3.8,0,348,Nagad
2025-04-16,Teer Atta,Groceries,106895.78,21792.94,13,4.5,1,196,Rocket
2024-01-19,Akij Cement,Construction,134077.18,12082.49,11,3.9,1,80,Cash
2025-04-07,Walton Fan,Electronics,38351.73,4093.09,15,3.9,0,43,Rocket
2024-07-11,Bashundhara Tissue,Household,211032.52,56231.59,12,4.3,0,295,Rocket
2024-08-08,Aarong Panjabi,Fashion,134710.78,14393.47,10,3.4,0,393,Visa Card
2024-03-08,Navana Helmet,Automotive,60984.75,18107.76,16,4.7,0,284,Nagad
2024-10-02,Walton Fridge,Electronics,19626.97,3626.54,6,3.2,0,49,bKash
2024-06-27,Navana Helmet,Automotive,37652.93,4150.5,18,2.8,1,285,Cash
2024-06-27,Aarong Panjabi,Fashion,79429.99,25899.37,7,3.7,0,369,Cash
2025-04-10,Fresh Soybean Oil,Groceries,853.24,245.77,1,4.0,1,76,bKash
2024-01-04,Walton Fridge,Electronics,50643.73,12477.18,15,3.3,1,347,Visa Card
2024-09-04,ACI Salt,Groceries,16189.89,4951.7,4,4.7,0,409,Cash
2024-02-29,Easy Fashion Shirt,Fashion,143683.85,15920.18,19,4.6,1,158,Visa Card
2024-01-01,Square Toiletries Lotion,Personal Care,129172.86,32035.42,10,4.2,1,220,Rocket
2024-03-08,Fresh Milk,Dairy,36542.71,6768.05,14,4.5,1,497,Visa Card
2024-07-21,Kazi Farms Chicken,Frozen Food,63352.87,6762.01,18,3.6,0,308,Nagad
2024-08-30,Aarong Panjabi,Fashion,129724.07,21583.58,12,4.5,0,120,Nagad
2024-08-18,Akij Cement,Construction,231357.95,66853.17,19,2.9,0,311,Rocket
2024-09-04,Kazi Farms Chicken,Frozen Food,15679.76,3569.8,17,3.7,0,475,bKash
2024-07-26,Easy Fashion Shirt,Fashion,6977.43,2223.77,15,3.2,0,374,Visa Card
2024-01-18,Bashundhara Tissue,Household,48859.83,13141.87,11,3.8,0,478,Mastercard
2025-03-24,Bata School Shoe,Fashion,223529.17,30776.8,20,3.6,0,354,Cash
2024-06-06,Olympic Biscuit,Snacks,1109.66,237.81,2,3.8,0,214,Mastercard
2024-06-23,Pran Noodles,Groceries,230055.17,23263.61,18,4.3,0,255,Visa Card
2024-03-19,Navana Helmet,Automotive,40394.65,11766.03,4,2.6,1,183,Visa Card
2024-04-10,Pran Noodles,Groceries,29927.13,9366.63,19,4.2,0,175,Cash
2024-04-05,Dettol Handwash,Personal Care,61388.84,5299.5,9,3.6,0,297,Mastercard
2024-03-18,Fresh Soybean Oil,Groceries,118217.46,27798.86,9,3.5,1,389,Visa Card
2025-04-16,Square Toiletries Lotion,Personal Care,5551.86,573.54,13,4.4,0,60,Visa Card
2025-05-12,Navana Helmet,Automotive,16872.35,2185.81,10,3.2,0,20,Visa Card
2025-04-17,Navana Helmet,Automotive,19524.07,3587.73,4,4.2,0,58,Rocket
2025-05-14,Bata School Shoe,Fashion,73891.12,16790.35,18,2.8,0,203,Nagad
2024-08-29,Sunsilk Shampoo,Personal Care,65883.49,20241.49,4,2.6,1,112,Visa Card
2024-04-08,Lux Soap,Personal Care,58111.41,6655.73,4,4.5,0,29,Visa Card
2024-06-18,Singer Rice Cooker,Electronics,82500.35,9627.24,11,3.2,0,150,Cash
2025-03-10,Fresh Soybean Oil,Groceries,81773.76,13505.17,5,4.3,1,50,Visa Card
2025-03-01,Bombay Sweets Chanachur,Snacks,201367.94,44967.45,15,5.0,0,487,Nagad
2024-05-23,Minister Blender,Electronics,101297.0,18955.77,9,4.2,1,347,Cash
2024-02-02,Lux Soap,Personal Care,284293.84,24405.95,17,4.7,0,278,Rocket
2024-03-07,Fresh Soybean Oil,Groceries,51148.11,9744.16,15,4.3,1,88,Visa Card
2024-08-21,Square Toiletries Lotion,Personal Care,48998.43,7143.25,14,4.7,0,164,Mastercard
2025-03-22,Olympic Biscuit,Snacks,54610.07,5156.27,9,3.0,0,312,Cash
2024-03-08,Pran Mango Juice,Beverages,72500.44,23169.47,7,3.1,1,291,Mastercard
2024-11-23,Vision TV,Electronics,200673.8,66791.65,15,3.9,0,117,Rocket
2025-05-11,Square Toiletries Lotion,Personal Care,134351.11,32138.58,8,4.0,0,407,Visa Card
2025-04-07,ACI Salt,Groceries,82143.4,27152.79,19,3.1,0,96,bKash
2024-09-29,Easy Fashion Shirt,Fashion,5739.97,667.91,9,3.1,0,107,Nagad
2024-06-13,Kazi Farms Chicken,Frozen Food,178525.31,21977.01,14,3.4,0,84,Mastercard
2024-07-29,Walton Fan,Electronics,56501.7,13175.92,16,3.0,0,37,Mastercard
2025-05-09,Navana Helmet,Automotive,4470.56,781.37,19,3.0,1,282,Cash
2024-04-27,Easy Fashion Shirt,Fashion,65053.77,15484.14,4,2.7,1,274,Nagad
2024-07-30,Walton Fridge,Electronics,204762.72,44913.39,19,4.9,0,331,Visa Card
2024-03-28,ACI Salt,Groceries,50075.42,12630.54,3,2.7,1,318,bKash
2025-02-04,Square Toiletries Lotion,Personal Care,17278.55,3054.67,3,2.8,0,435,Visa Card
2024-02-03,Teer Atta,Groceries,36457.3,10337.85,6,3.3,0,236,bKash
2024-04-18,Akij Cement,Construction,206837.62,27340.5,16,4.0,0,127,Nagad
2024-03-06,Teer Atta,Groceries,92613.41,25505.25,12,2.8,0,351,Rocket
2025-03-07,Minister Blender,Electronics,110257.07,18070.87,14,3.2,0,381,bKash
2024-07-20,Pran Mango Juice,Beverages,13665.43,2154.0,20,2.6,0,70,bKash
2024-04-27,Sunsilk Shampoo,Personal Care,236598.2,44010.25,17,2.9,0,41,Nagad
2024-02-19,Walton Fan,Electronics,14373.04,2588.98,6,3.3,0,24,Rocket
2024-05-09,Fresh Soybean Oil,Groceries,148272.48,50669.31,17,3.6,0,241,Cash
2024-12-31,Akij Cement,Construction,218520.27,58761.84,17,5.0,0,477,Mastercard
2025-05-15,Dettol Handwash,Personal Care,149120.88,32056.69,13,4.8,0,98,Visa Card
2024-11-17,Navana Helmet,Automotive,26704.63,6015.18,3,4.0,1,263,Visa Card
2025-03-04,Easy Fashion Shirt,Fashion,55544.29,16609.47,6,3.7,0,313,Visa Card
2024-12-10,Aarong Panjabi,Fashion,165506.21,48587.95,17,4.4,0,327,Visa Card
2025-01-14,Minister Blender,Electronics,77343.91,26347.11,9,3.7,0,251,Cash
2024-04-29,RFL Chair,Furniture,213711.28,51632.71,18,4.6,0,408,Visa Card
2024-03-01,Aarong Panjabi,Fashion,63531.88,9861.59,10,3.7,0,500,bKash
2024-09-04,Olympic Biscuit,Snacks,32994.02,5761.98,15,4.4,0,25,Visa Card
2024-05-02,Olympic Biscuit,Snacks,1829.18,623.91,1,3.3,0,346,Mastercard
2025-05-03,Minister Blender,Electronics,74138.71,8898.81,13,3.4,0,99,Nagad
2024-08-01,Olympic Biscuit,Snacks,21446.39,5346.16,7,3.4,0,57,Visa Card
2024-11-20,Singer Rice Cooker,Electronics,235583.23,79892.17,18,4.3,1,79,Mastercard
2024-07-19,Pran Noodles,Groceries,53868.15,18125.54,10,3.4,0,100,Rocket
2025-03-05,Navana Helmet,Automotive,150452.02,27619.47,11,2.7,0,142,Rocket
2025-02-12,Olympic Biscuit,Snacks,15540.93,4181.48,1,4.6,0,329,bKash
2024-03-01,Dettol Handwash,Personal Care,204562.08,46423.4,17,3.5,0,114,Visa Card
2025-04-27,Olympic Biscuit,Snacks,154124.13,22537.32,12,3.7,0,285,Nagad
2024-01-31,Singer Rice Cooker,Electronics,10473.26,3118.74,10,3.5,0,145,Nagad
2024-03-29,RFL Chair,Furniture,12821.91,2544.72,20,4.2,0,276,Nagad
2024-01-27,Fresh Milk,Dairy,190759.84,20484.93,16,4.1,0,200,Nagad
2025-04-23,Vision TV,Electronics,42110.6,6456.32,15,3.5,1,384,Nagad
2024-06-10,Bata School Shoe,Fashion,97781.82,27963.06,6,4.7,1,347,Visa Card
2024-10-26,Bashundhara Tissue,Household,26853.7,5496.05,20,3.5,0,315,Nagad
2025-02-24,Singer Rice Cooker,Electronics,5410.79,805.54,4,4.5,0,426,Nagad
2024-01-30,Dettol Handwash,Personal Care,243337.19,19793.49,17,2.6,0,188,Visa Card
2024-01-12,Vision TV,Electronics,158888.45,36105.64,19,2.5,1,146,Rocket
2024-06-25,Fresh Soybean Oil,Groceries,33771.7,4044.8,9,3.3,0,138,Visa Card
2024-03-30,Walton Fan,Electronics,277965.92,62500.57,19,3.9,0,25,Mastercard
2024-04-20,Dettol Handwash,Personal Care,15642.06,1413.08,7,3.0,1,316,bKash
2024-01-20,Fresh Soybean Oil,Groceries,17767.19,3814.0,2,3.9,0,261,Cash
2024-07-25,Kazi Farms Chicken,Frozen Food,1771.09,359.59,2,2.7,1,210,bKash
2024-01-18,Fresh Soybean Oil,Groceries,49895.76,12514.56,8,2.6,0,156,Visa Card
2024-06-27,Sunsilk Shampoo,Personal Care,156439.96,39169.24,10,3.7,0,171,Rocket
2024-12-10,Bombay Sweets Chanachur,Snacks,139053.63,34561.96,14,4.5,0,124,Rocket
2024-09-28,Vision TV,Electronics,139814.99,15978.39,13,3.1,1,178,Rocket
2024-05-07,Lux Soap,Personal Care,57275.6,7466.1,4,3.9,0,70,Cash
2024-02-12,Aarong Panjabi,Fashion,62163.53,9674.9,4,3.0,0,341,Mastercard
2024-05-21,Bashundhara Tissue,Household,99294.51,14980.38,18,3.1,1,361,Rocket
2024-08-12,Singer Rice Cooker,Electronics,46393.04,6183.88,6,4.5,0,110,Nagad
2025-03-15,Pran Noodles,Groceries,1211.05,171.72,7,3.6,0,139,Rocket
2024-05-15,ACI Salt,Groceries,27746.68,9024.01,5,3.1,0,115,Nagad
2024-06-19,Bata School Shoe,Fashion,7788.01,1072.33,1,3.9,1,487,Rocket
2024-06-23,Olympic Biscuit,Snacks,246220.91,69429.21,18,3.2,0,409,Visa Card
2024-07-23,Minister Blender,Electronics,208748.0,30307.87,16,4.0,0,241,Nagad
2024-10-31,Vision TV,Electronics,47295.75,11341.36,7,3.2,0,195,Rocket
2025-01-18,Bashundhara Tissue,Household,42822.05,13071.19,12,2.9,0,274,Nagad
2024-11-16,Teer Atta,Groceries,181980.49,15547.69,17,4.7,0,180,Cash
2024-02-19,Sunsilk Shampoo,Personal Care,13783.61,3109.42,1,4.1,0,102,bKash
2025-05-09,Singer Rice Cooker,Electronics,51140.37,11543.52,15,2.7,0,19,Nagad
2024-02-22,Teer Atta,Groceries,2402.15,703.31,1,5.0,0,141,Mastercard
2024-09-22,Lux Soap,Personal Care,7198.19,828.14,18,2.7,0,74,Nagad
2025-02-23,Lux Soap,Personal Care,8808.68,1864.22,2,2.6,0,223,Mastercard
2024-04-13,Sunsilk Shampoo,Personal Care,30222.44,6989.17,18,3.7,0,222,Mastercard
2025-02-15,Teer Atta,Groceries,8983.13,2929.39,1,3.5,1,42,Mastercard
2025-02-19,Singer Rice Cooker,Electronics,94666.96,26226.01,7,4.3,0,135,Visa Card
2024-07-11,Navana Helmet,Automotive,27840.19,3616.81,3,4.1,1,478,Mastercard
2024-01-24,Bombay Sweets Chanachur,Snacks,1921.82,310.24,1,2.6,0,430,Rocket
2024-03-18,Kazi Farms Chicken,Frozen Food,13345.74,2231.23,3,2.7,1,290,Visa Card
2025-05-10,ACI Salt,Groceries,22281.73,3271.88,2,3.8,1,51,Mastercard
2025-05-01,Kazi Farms Chicken,Frozen Food,38172.36,4143.83,6,4.5,0,403,bKash
2024-08-11,RFL Chair,Furniture,27113.85,8954.17,17,4.3,0,448,Mastercard
2025-01-10,Fresh Milk,Dairy,32935.28,6224.65,7,4.3,1,308,Cash
2024-11-24,Olympic Biscuit,Snacks,12573.95,2963.21,4,3.4,0,300,Rocket
2024-02-08,Vision TV,Electronics,45028.5,15375.78,11,4.6,0,339,Visa Card
2025-03-16,Bombay Sweets Chanachur,Snacks,1130.89,254.34,6,3.9,0,165,Nagad
2025-04-01,Teer Atta,Groceries,58185.4,6903.2,15,4.8,0,81,Visa Card
2024-10-13,Kazi Farms Chicken,Frozen Food,53442.5,17140.97,14,2.7,0,74,Mastercard
2024-04-24,Fresh Soybean Oil,Groceries,205231.87,41738.35,18,3.6,0,373,Mastercard
2024-12-30,Bashundhara Tissue,Household,49609.1,7430.96,11,4.3,0,148,Mastercard
2024-07-27,Bata School Shoe,Fashion,125945.43,19119.25,14,4.8,0,355,bKash
2024-03-15,ACI Salt,Groceries,78313.4,9564.63,13,4.2,0,343,Visa Card
2024-05-09,Sunsilk Shampoo,Personal Care,57171.33,12880.29,18,4.2,0,332,Mastercard
2024-08-13,Minister Blender,Electronics,100796.63,8873.76,9,4.4,0,127,Cash
2024-12-12,Square Toiletries Lotion,Personal Care,45420.27,10574.51,14,3.4,0,411,Mastercard
2024-06-13,Dettol Handwash,Personal Care,45096.81,8678.21,8,3.6,0,214,bKash
2024-02-29,ACI Salt,Groceries,137451.73,44893.04,14,4.0,0,241,Visa Card
2024-11-14,Fresh Milk,Dairy,42941.6,8930.85,10,3.5,0,348,Cash
2024-06-05,RFL Chair,Furniture,26902.86,8128.08,14,3.3,1,38,Visa Card
2024-11-17,Dettol Handwash,Personal Care,23888.73,7770.27,5,4.3,1,420,Cash
2024-04-24,Pran Noodles,Groceries,152529.83,13785.82,18,3.8,1,222,Visa Card
2025-02-10,ACI Salt,Groceries,11027.79,3358.07,1,3.3,1,325,Mastercard
2024-08-16,Akij Cement,Construction,28597.89,7303.73,7,4.2,0,313,Nagad
2025-02-24,Bata School Shoe,Fashion,45744.5,6246.74,3,3.8,0,291,Mastercard
2025-03-23,Minister Blender,Electronics,51354.46,14256.44,7,3.4,0,334,Visa Card
2024-09-10,Kazi Farms Chicken,Frozen Food,93341.94,24123.03,7,2.7,1,420,Rocket
2024-06-03,Fresh Milk,Dairy,176791.2,27497.32,10,4.9,0,475,bKash
2024-06-11,Walton Fan,Electronics,37423.87,5029.23,13,3.8,0,299,Cash
2024-10-28,Minister Blender,Electronics,86349.48,26086.48,6,4.1,0,328,Rocket
2024-05-05,Vision TV,Electronics,135190.27,15382.95,9,4.3,0,414,Mastercard
2024-04-12,Bombay Sweets Chanachur,Snacks,26218.39,5217.95,4,4.7,0,413,Nagad
2025-01-27,Fresh Soybean Oil,Groceries,69766.15,16057.57,14,4.3,0,299,Nagad
2024-02-12,Dettol Handwash,Personal Care,5927.14,913.04,9,4.6,0,254,Visa Card
2024-11-13,Akij Cement,Construction,296506.79,64276.92,20,4.4,1,377,Nagad
2025-01-01,Square Toiletries Lotion,Personal Care,6007.36,1793.82,2,4.6,0,391,Nagad
2024-10-13,Fresh Milk,Dairy,57089.29,9547.37,9,2.8,0,363,Cash
2024-11-24,Aarong Panjabi,Fashion,77726.89,27036.19,8,2.9,0,144,Rocket
2024-05-12,Walton Fan,Electronics,4674.45,746.34,2,4.9,0,73,Rocket
2024-01-06,Fresh Milk,Dairy,12812.61,3952.94,1,4.3,0,50,Visa Card
2024-07-07,Aarong Panjabi,Fashion,17041.69,2606.46,4,3.3,1,330,Rocket
2024-03-15,Bashundhara Tissue,Household,8920.88,790.55,2,4.4,0,427,Mastercard
2024-04-05,Bombay Sweets Chanachur,Snacks,122832.44,18668.3,13,3.1,0,71,Cash
2024-03-11,Easy Fashion Shirt,Fashion,133804.26,18366.34,8,4.3,0,117,Rocket
2024-02-27,Minister Blender,Electronics,203034.93,27794.16,17,4.4,1,111,Cash
2024-08-14,Bashundhara Tissue,Household,52597.58,17182.33,16,3.1,0,177,Rocket
2025-02-26,Akij Cement,Construction,20743.84,3265.35,10,3.8,1,99,Rocket
2025-03-04,Square Toiletries Lotion,Personal Care,10653.3,1117.86,13,3.1,0,237,Rocket
2024-04-01,Easy Fashion Shirt,Fashion,100334.83,26743.92,8,4.9,1,315,Nagad
2024-07-08,Pran Noodles,Groceries,52584.73,17879.37,17,3.7,0,305,Rocket
2024-09-27,Bombay Sweets Chanachur,Snacks,3500.17,716.6,5,3.5,1,172,Cash
2024-04-10,Singer Rice Cooker,Electronics,7424.36,2091.2,3,4.6,0,336,Visa Card
2024-08-09,Aarong Panjabi,Fashion,1329.95,226.59,1,4.9,0,286,Nagad
2024-04-04,ACI Salt,Groceries,122377.81,12776.19,12,4.0,0,23,Nagad
2024-07-18,Olympic Biscuit,Snacks,23563.66,5987.7,3,4.0,0,70,Rocket
2025-01-24,Kazi Farms Chicken,Frozen Food,179313.91,32800.84,14,3.2,1,83,bKash
2024-05-18,Vision TV,Electronics,30679.32,10584.15,9,2.9,0,45,Mastercard
2025-03-28,Teer Atta,Groceries,61711.99,19034.94,20,4.9,0,398,Rocket
2024-12-17,Pran Mango Juice,Beverages,157757.02,47488.85,18,2.5,0,434,Cash
2024-01-14,Bashundhara Tissue,Household,88436.8,18784.0,7,4.5,0,334,Mastercard
2025-02-27,RFL Chair,Furniture,36805.16,9523.8,8,3.8,0,119,Rocket
2024-02-10,Easy Fashion Shirt,Fashion,198648.17,66579.5,14,2.5,1,259,Mastercard
2025-02-21,Kazi Farms Chicken,Frozen Food,110677.99,24688.26,7,2.8,1,105,Cash
2024-06-26,Minister Blender,Electronics,164974.33,49147.52,19,4.9,0,213,Visa Card
2025-04-02,Vision TV,Electronics,160908.14,27134.74,14,3.7,0,253,Cash
2025-03-14,Pran Mango Juice,Beverages,73534.27,10290.3,15,3.6,0,48,Visa Card
2025-01-27,Teer Atta,Groceries,131017.81,37562.48,8,4.0,0,402,Visa Card
2024-06-07,Navana Helmet,Automotive,129650.06,29773.87,11,3.2,1,158,Nagad
2024-05-14,Bashundhara Tissue,Household,11278.84,2614.06,2,3.4,0,307,Rocket
2025-03-16,Singer Rice Cooker,Electronics,135934.74,19355.25,16,3.5,1,248,Mastercard
2024-04-25,Bombay Sweets Chanachur,Snacks,61344.05,15094.65,4,3.3,0,401,Nagad
2024-08-27,Bombay Sweets Chanachur,Snacks,8514.8,979.49,3,4.4,0,350,bKash
2025-02-20,Bombay Sweets Chanachur,Snacks,22628.65,6891.95,9,4.4,0,307,bKash
2025-03-19,Bata School Shoe,Fashion,23337.29,6415.77,13,4.6,0,194,Rocket
2024-01-15,Dettol Handwash,Personal Care,44135.41,13110.03,3,4.4,0,48,Rocket
2024-10-07,Square Toiletries Lotion,Personal Care,96951.31,29002.26,13,3.6,0,312,Cash
2025-01-01,Minister Blender,Electronics,4689.0,456.79,12,3.9,1,87,Nagad
2024-02-24,RFL Chair,Furniture,46389.07,13302.33,6,2.7,1,59,Nagad
2024-04-10,Vision TV,Electronics,12764.53,1286.27,13,4.8,0,238,Visa Card
2025-03-09,Navana Helmet,Automotive,29041.4,6783.38,5,3.9,0,15,bKash
2024-03-07,Akij Cement,Construction,11713.9,2246.86,3,4.8,1,425,bKash
2024-11-02,Walton Fan,Electronics,40547.08,7709.63,7,4.4,0,142,Visa Card
2025-03-30,Easy Fashion Shirt,Fashion,18929.17,4677.25,2,3.2,0,186,Visa Card
2025-04-07,Vision TV,Electronics,223036.75,73356.04,19,4.7,0,318,Nagad
2024-08-20,Akij Cement,Construction,32908.38,4997.49,4,4.3,0,234,bKash
2024-09-21,Minister Blender,Electronics,123439.7,37260.0,9,3.6,0,21,Cash
2024-01-23,Sunsilk Shampoo,Personal Care,110107.67,17502.14,7,4.2,0,186,Rocket
2024-01-03,Singer Rice Cooker,Electronics,91485.06,31374.22,10,4.5,0,147,Mastercard
2024-11-24,Kazi Farms Chicken,Frozen Food,19640.23,6549.53,17,4.6,0,213,bKash
2024-04-09,Bombay Sweets Chanachur,Snacks,40907.46,6007.63,4,3.2,0,254,Cash
2024-12-06,Pran Mango Juice,Beverages,5390.92,1294.7,1,2.6,0,159,Rocket
2024-11-29,Pran Noodles,Groceries,38739.92,4421.06,6,4.8,1,409,Visa Card
2024-09-26,Bombay Sweets Chanachur,Snacks,5199.3,944.24,6,3.6,1,315,bKash
2024-06-13,Dettol Handwash,Personal Care,53700.36,16157.28,12,2.6,1,244,Visa Card
2024-01-01,Pran Noodles,Groceries,119816.61,17410.37,13,3.5,0,376,Rocket
2024-04-02,Aarong Panjabi,Fashion,32865.43,9597.56,6,3.4,0,259,Mastercard
2025-05-12,Navana Helmet,Automotive,382.33,104.19,1,2.8,0,110,Mastercard
2024-11-03,Sunsilk Shampoo,Personal Care,284322.6,24268.57,19,4.4,0,186,Mastercard
2025-02-16,Fresh Soybean Oil,Groceries,270462.31,21996.26,17,2.9,1,493,Visa Card
2025-05-13,Akij Cement,Construction,171870.58,29839.41,12,3.8,1,204,Visa Card
2024-03-28,Walton Fridge,Electronics,113385.66,28291.33,20,2.9,1,60,Rocket
2024-09-23,Bombay Sweets Chanachur,Snacks,36658.21,4175.86,15,3.3,0,145,bKash
2024-09-13,RFL Chair,Furniture,205034.0,26525.87,15,4.6,0,249,Rocket
2024-05-08,Walton Fridge,Electronics,177734.9,57418.84,15,2.7,0,311,Cash
2025-02-02,Walton Fan,Electronics,6783.05,1319.89,7,3.7,0,40,Mastercard
2025-01-25,Sunsilk Shampoo,Personal Care,185883.0,55030.32,18,4.7,1,476,Cash
2024-11-29,ACI Salt,Groceries,9480.48,2989.25,2,3.9,0,234,Nagad
2025-03-16,Square Toiletries Lotion,Personal Care,9238.29,1517.58,2,2.7,0,378,Mastercard
2024-06-07,Walton Fridge,Electronics,19790.53,5601.98,18,3.0,0,388,Nagad
2024-02-19,Pran Noodles,Groceries,21645.53,7310.95,6,4.9,0,175,Mastercard
2024-07-31,Fresh Soybean Oil,Groceries,92368.29,22715.53,19,3.5,0,251,Nagad
2025-04-16,Singer Rice Cooker,Electronics,70399.19,12809.25,8,4.7,0,232,Mastercard
2025-03-22,Olympic Biscuit,Snacks,179952.25,22043.85,16,3.9,0,258,bKash
2024-03-07,Aarong Panjabi,Fashion,6633.75,1392.33,6,3.4,1,98,Visa Card
2025-04-07,RFL Chair,Furniture,224029.69,75506.49,18,3.3,0,127,bKash
2025-04-25,Lux Soap,Personal Care,10587.22,1309.99,6,3.2,0,135,bKash
2024-01-17,Akij Cement,Construction,13472.51,2417.22,1,3.9,1,343,Nagad
2025-02-06,Navana Helmet,Automotive,11441.36,1920.27,5,4.4,0,140,Rocket
2024-05-15,Pran Noodles,Groceries,46817.21,8334.5,19,4.7,0,394,Nagad
2024-05-16,Lux Soap,Personal Care,11601.71,2145.15,7,4.0,0,164,Cash
2025-05-08,Minister Blender,Electronics,63041.57,20422.69,13,4.0,0,225,Cash
2024-07-03,Bashundhara Tissue,Household,5645.02,1897.97,4,3.0,0,370,Nagad
2025-01-08,Pran Noodles,Groceries,222740.24,34677.53,17,4.5,0,150,Nagad
2024-11-03,Vision TV,Electronics,73517.62,19707.68,12,4.9,0,248,bKash
2024-06-02,Fresh Soybean Oil,Groceries,2504.17,544.63,2,3.5,1,66,Cash
2024-08-30,Olympic Biscuit,Snacks,177996.37,20077.48,13,4.6,0,457,bKash
2025-04-24,Teer Atta,Groceries,28769.48,6769.1,7,4.7,0,24,Rocket
2024-10-31,Walton Fridge,Electronics,234709.3,75356.56,20,3.8,0,17,Mastercard
2025-03-05,Fresh Milk,Dairy,82417.63,26572.41,17,3.0,1,231,bKash
2025-01-12,Akij Cement,Construction,29560.36,7956.65,3,2.6,1,444,Rocket
2024-05-31,Pran Mango Juice,Beverages,32591.37,8587.29,3,2.5,1,369,Visa Card
2024-11-17,Teer Atta,Groceries,178766.98,61233.55,13,3.4,1,485,Visa Card
2024-02-04,RFL Chair,Furniture,18413.23,2001.18,15,3.8,0,374,bKash
2024-04-05,Fresh Milk,Dairy,66173.84,20746.12,5,3.1,0,60,Nagad
2025-01-02,Navana Helmet,Automotive,643.4,62.45,1,4.3,0,26,bKash
2024-11-25,Square Toiletries Lotion,Personal Care,87308.25,8482.85,9,2.8,0,81,Nagad
2024-05-13,Bombay Sweets Chanachur,Snacks,113135.59,18265.43,20,3.4,1,281,Rocket
2024-09-08,Lux Soap,Personal Care,93843.1,25298.19,18,2.9,0,197,Mastercard
2025-03-09,Vision TV,Electronics,43204.77,8317.35,8,4.1,0,365,Visa Card
2025-02-11,Aarong Panjabi,Fashion,74339.39,13932.05,7,3.2,0,136,Cash
2025-01-26,Vision TV,Electronics,26998.24,8466.08,18,3.3,0,104,Cash
2024-11-19,Olympic Biscuit,Snacks,8485.23,1197.82,7,3.6,0,40,Visa Card
2024-05-17,Sunsilk Shampoo,Personal Care,95200.76,18987.77,14,3.7,0,419,bKash
2024-09-17,Aarong Panjabi,Fashion,16174.21,4686.06,5,4.0,0,140,Rocket
2024-04-20,Bata School Shoe,Fashion,76723.67,12380.64,18,3.1,0,498,Visa Card
2024-04-14,ACI Salt,Groceries,83251.57,20441.83,16,4.9,0,333,Cash
2024-12-13,Fresh Soybean Oil,Groceries,18027.41,2871.26,4,4.3,0,393,Visa Card
2024-11-30,Akij Cement,Construction,81923.81,12760.7,7,4.9,1,33,Nagad
2024-08-27,Sunsilk Shampoo,Personal Care,41640.74,11708.8,5,3.4,0,51,Cash
2024-10-18,Lux Soap,Personal Care,105570.51,35449.92,9,4.2,1,36,Cash
2025-01-19,Aarong Panjabi,Fashion,84854.57,13801.9,7,5.0,0,105,Cash
2025-04-09,Walton Fridge,Electronics,34753.06,5262.64,4,4.3,0,273,Cash
2025-01-22,Bashundhara Tissue,Household,19342.27,5580.07,7,5.0,0,441,Mastercard
2024-04-28,Teer Atta,Groceries,53196.13,15570.84,5,4.8,0,157,Mastercard
2024-08-31,Pran Mango Juice,Beverages,24643.57,2525.12,10,3.6,0,33,Rocket
2025-03-24,Pran Mango Juice,Beverages,34702.78,9460.75,3,4.8,0,484,Nagad
2024-01-28,Vision TV,Electronics,557.2,134.85,2,3.2,1,448,bKash
2025-01-16,Easy Fashion Shirt,Fashion,112195.24,35495.36,12,3.5,0,396,Nagad
2024-04-28,Bombay Sweets Chanachur,Snacks,14954.04,4245.52,3,3.5,0,469,Rocket
2024-09-21,Walton Fan,Electronics,46166.45,4057.75,5,3.7,0,124,bKash
2025-01-27,Lux Soap,Personal Care,281547.19,35737.31,20,3.9,0,482,Cash
2024-12-10,Dettol Handwash,Personal Care,95200.8,21533.37,17,2.5,1,357,Mastercard
2024-05-21,Singer Rice Cooker,Electronics,216585.42,46339.76,18,4.7,0,167,Cash
2024-07-15,Square Toiletries Lotion,Personal Care,49265.19,4305.33,6,3.2,0,456,Nagad
2025-01-07,Bata School Shoe,Fashion,81336.57,18452.99,16,4.6,0,181,Mastercard
2024-12-29,Teer Atta,Groceries,31580.54,10875.58,6,3.1,0,330,Rocket
2024-08-10,Navana Helmet,Automotive,22798.11,3153.33,3,4.9,0,116,Visa Card
2024-11-27,Teer Atta,Groceries,185702.15,41342.46,17,2.5,1,228,Rocket
2025-02-06,Fresh Soybean Oil,Groceries,191936.32,33997.96,15,3.4,0,407,bKash
2024-12-27,Teer Atta,Groceries,56179.83,12589.0,10,3.0,0,436,Rocket
2024-12-30,Square Toiletries Lotion,Personal Care,145260.48,46176.5,14,4.2,0,94,Nagad
2024-04-11,Bashundhara Tissue,Household,68283.25,19094.72,14,3.8,0,474,Nagad
2024-10-29,Pran Mango Juice,Beverages,15050.86,3257.08,14,3.5,1,475,Visa Card
2025-03-08,Pran Noodles,Groceries,65320.27,17301.59,14,3.7,1,14,Nagad
2024-12-14,Pran Noodles,Groceries,163803.57,35314.49,12,4.9,0,96,Rocket
2025-04-02,Minister Blender,Electronics,25856.23,6020.79,14,4.9,1,402,Cash
2024-07-03,Olympic Biscuit,Snacks,40314.53,3986.87,9,4.7,1,397,Mastercard
2024-11-20,Aarong Panjabi,Fashion,174648.35,38432.22,19,3.3,1,485,Mastercard
2025-03-21,Fresh Milk,Dairy,84307.97,23348.62,7,3.1,1,468,Visa Card
2024-07-24,Bashundhara Tissue,Household,112031.21,13738.16,11,3.5,0,455,Nagad
2024-09-07,Kazi Farms Chicken,Frozen Food,226977.98,60214.51,17,4.2,1,475,Mastercard
2025-03-17,Bata School Shoe,Fashion,104105.49,28256.87,16,4.9,1,269,Visa Card
2024-05-28,Fresh Milk,Dairy,2737.88,834.81,6,4.1,0,79,Visa Card
2024-01-17,Walton Fridge,Electronics,96991.12,8437.67,13,3.2,1,36,Mastercard
2025-03-12,Navana Helmet,Automotive,14312.02,3489.31,5,3.7,0,477,Rocket
2024-02-20,ACI Salt,Groceries,169605.76,14643.72,20,4.9,0,422,Mastercard
2024-02-08,RFL Chair,Furniture,215467.71,27321.31,17,4.4,0,44,Rocket
2025-02-20,Aarong Panjabi,Fashion,20230.01,3221.57,3,3.8,0,343,Visa Card
2024-02-14,Bombay Sweets Chanachur,Snacks,18705.03,1546.47,18,4.8,0,79,Nagad
2024-09-19,Pran Mango Juice,Beverages,255913.73,58541.91,19,2.9,1,391,Nagad
2024-04-03,Dettol Handwash,Personal Care,35852.04,11271.34,9,2.5,0,304,Mastercard
2024-05-19,ACI Salt,Groceries,69472.89,12235.27,7,4.7,0,493,bKash
2025-05-08,Minister Blender,Electronics,3467.1,807.52,10,3.4,0,79,Visa Card
2024-03-04,Navana Helmet,Automotive,7327.02,1723.38,1,2.9,0,98,Cash
2024-10-16,Pran Mango Juice,Beverages,172938.83,49683.42,18,3.9,1,457,Nagad
2024-02-25,Akij Cement,Construction,7207.8,1137.1,20,4.1,0,177,Mastercard
2025-03-14,ACI Salt,Groceries,88361.89,17993.73,6,2.7,0,19,Visa Card
2024-05-28,Akij Cement,Construction,30506.6,10224.2,6,3.1,0,95,Rocket
2025-03-16,Fresh Soybean Oil,Groceries,127086.29,12958.5,15,4.5,0,81,Nagad
2024-02-19,Walton Fan,Electronics,66147.92,12512.41,10,3.6,0,141,Rocket
2024-12-26,Kazi Farms Chicken,Frozen Food,8195.74,760.12,19,4.3,0,193,Mastercard
2024-06-08,Bombay Sweets Chanachur,Snacks,204983.31,62696.23,14,3.1,1,149,Mastercard
2025-03-02,Bombay Sweets Chanachur,Snacks,68442.55,12775.06,7,4.0,1,226,Mastercard
2025-01-07,ACI Salt,Groceries,219514.58,56820.6,16,2.9,0,248,Nagad
2024-12-15,Square Toiletries Lotion,Personal Care,75976.87,6754.02,9,4.5,0,78,Mastercard
2025-02-13,Bashundhara Tissue,Household,131432.87,31190.83,16,3.7,0,78,Visa Card
2025-03-29,Minister Blender,Electronics,103945.74,16553.79,10,3.1,0,91,bKash
2025-01-23,Teer Atta,Groceries,2559.59,584.06,11,3.9,0,220,bKash
2024-10-29,Teer Atta,Groceries,54721.08,13368.1,10,2.9,0,251,bKash
2025-01-21,Bombay Sweets Chanachur,Snacks,72332.86,10496.98,17,4.3,1,458,Cash
2025-04-12,Bombay Sweets Chanachur,Snacks,13415.79,2105.0,2,4.5,0,330,Nagad
2024-08-28,Walton Fan,Electronics,122575.49,19660.46,12,4.1,0,203,Cash
2024-11-20,Bata School Shoe,Fashion,55306.84,16365.57,9,3.0,0,262,Cash
2025-03-17,Walton Fridge,Electronics,260483.15,24953.53,20,4.8,0,468,Cash
2024-01-29,Pran Noodles,Groceries,280214.53,97279.16,17,3.4,0,280,bKash
2024-11-03,Vision TV,Electronics,161896.37,50915.02,14,2.7,1,208,bKash
2025-03-01,ACI Salt,Groceries,336594.86,71552.58,19,3.3,0,76,Rocket
2024-08-01,RFL Chair,Furniture,43203.79,4611.05,3,3.9,1,154,Rocket
2024-04-15,Bashundhara Tissue,Household,35737.95,12368.08,9,3.4,0,267,Visa Card
2024-06-15,RFL Chair,Furniture,42278.66,4444.46,11,4.2,0,22,Rocket
2024-04-04,Akij Cement,Construction,194845.76,42744.32,12,2.8,0,13,Nagad
2024-06-09,Kazi Farms Chicken,Frozen Food,84823.97,7042.44,8,2.5,0,282,Nagad
2024-12-07,Pran Noodles,Groceries,186375.88,52689.84,13,3.1,0,108,Cash
2024-10-09,Walton Fan,Electronics,6294.8,1579.89,1,3.7,0,18,Cash
2025-02-09,Fresh Milk,Dairy,14443.25,4947.44,1,2.9,0,144,Cash
2024-05-13,Kazi Farms Chicken,Frozen Food,303001.12,37113.41,20,3.5,0,66,bKash
2024-10-29,Easy Fashion Shirt,Fashion,25718.81,8718.76,5,3.6,0,143,bKash
2025-05-08,Bombay Sweets Chanachur,Snacks,31344.79,8417.79,7,4.1,1,248,Cash
2024-02-01,Akij Cement,Construction,269318.38,92401.05,18,4.6,0,174,Nagad
2025-04-24,Bombay Sweets Chanachur,Snacks,199572.87,45665.79,20,4.9,0,46,Cash
2024-08-22,Fresh Milk,Dairy,104434.6,8486.73,8,4.3,1,289,Rocket
2025-04-22,Easy Fashion Shirt,Fashion,318048.17,63758.81,19,3.2,0,59,Mastercard
2024-06-18,Teer Atta,Groceries,18341.5,4704.89,3,2.7,0,82,Cash
2024-06-30,Vision TV,Electronics,122722.29,34251.66,16,4.2,0,314,Rocket
2025-03-19,Walton Fan,Electronics,56568.86,13759.43,6,4.4,1,163,Mastercard
2025-04-09,Lux Soap,Personal Care,46331.36,5387.03,8,4.5,1,113,Mastercard
2025-02-08,RFL Chair,Furniture,134626.12,40514.62,15,3.1,0,164,Visa Card
2024-09-06,Fresh Milk,Dairy,180655.11,61555.25,13,3.1,0,307,Cash
2024-06-05,Teer Atta,Groceries,51913.95,17653.46,12,4.8,1,273,Cash
2024-10-03,Pran Mango Juice,Beverages,125740.29,22116.63,16,4.3,0,333,Rocket
2024-10-31,ACI Salt,Groceries,310860.39,55583.45,18,3.8,0,494,Mastercard
2024-11-03,Akij Cement,Construction,10982.04,3623.03,1,4.0,1,406,Visa Card
2024-10-10,Sunsilk Shampoo,Personal Care,225521.11,73724.81,17,3.9,0,488,Cash
2024-08-01,Kazi Farms Chicken,Frozen Food,49478.72,11497.62,14,2.9,1,189,bKash
2025-04-16,Bashundhara Tissue,Household,582.55,78.06,5,4.2,0,407,bKash
2024-09-09,Akij Cement,Construction,228716.88,78846.6,17,2.9,0,147,Nagad
2024-04-10,Olympic Biscuit,Snacks,31822.15,10826.54,4,4.1,0,265,bKash
2024-09-04,Minister Blender,Electronics,14316.28,3664.39,3,4.7,0,311,Nagad
2024-06-08,RFL Chair,Furniture,125156.5,27123.58,9,4.0,0,26,Visa Card
2024-06-17,Vision TV,Electronics,84798.61,7548.43,8,3.8,0,54,Nagad
2024-03-07,Lux Soap,Personal Care,63898.0,17254.41,5,2.9,0,59,Rocket
2025-04-06,Minister Blender,Electronics,207691.96,57778.08,18,3.5,0,415,bKash
2024-01-29,Bata School Shoe,Fashion,29385.91,3284.36,6,2.5,0,276,bKash
2024-07-07,Teer Atta,Groceries,60937.61,5478.76,10,4.9,0,224,Cash
2024-05-02,RFL Chair,Furniture,143142.61,39492.79,13,3.0,1,257,bKash
2025-03-17,Bata School Shoe,Fashion,9008.67,1286.79,3,4.3,0,37,Rocket
2024-12-30,Pran Noodles,Groceries,159259.56,23040.65,11,4.9,0,358,Rocket
2024-02-22,Bashundhara Tissue,Household,107603.73,9296.41,8,4.4,0,123,Visa Card
2024-11-05,Navana Helmet,Automotive,32363.11,2788.48,16,2.8,0,165,Cash
2024-08-12,Vision TV,Electronics,20149.68,5895.72,3,3.8,0,182,Nagad
2024-11-15,Minister Blender,Electronics,55280.86,5103.7,5,3.8,0,466,Mastercard
2024-01-16,Navana Helmet,Automotive,69046.52,11031.72,6,3.7,0,148,Visa Card
2024-07-01,Akij Cement,Construction,41474.95,4264.7,3,2.6,0,417,bKash
2024-02-02,Easy Fashion Shirt,Fashion,139429.16,29900.93,9,4.1,0,93,Cash
2024-09-27,Navana Helmet,Automotive,30616.48,8625.74,3,4.3,0,242,Visa Card
2024-11-13,Akij Cement,Construction,23639.48,4971.19,5,4.6,1,361,Mastercard
2025-03-16,Aarong Panjabi,Fashion,71587.73,12090.53,5,4.4,0,194,Cash
2024-04-07,Walton Fridge,Electronics,24343.19,3993.18,4,3.1,0,445,Cash
2025-05-11,Easy Fashion Shirt,Fashion,46412.07,10481.07,17,2.7,0,259,Rocket
2024-04-15,Sunsilk Shampoo,Personal Care,30825.42,7487.7,8,4.6,0,255,Nagad
2024-12-17,Square Toiletries Lotion,Personal Care,80509.02,10433.82,5,3.0,0,45,bKash
2024-09-25,Fresh Soybean Oil,Groceries,77435.55,20096.92,15,4.7,0,356,Nagad
2025-01-13,RFL Chair,Furniture,65649.52,16508.21,17,3.6,0,242,bKash
2024-05-27,Minister Blender,Electronics,147693.15,17811.77,15,4.0,0,259,Cash
2025-03-30,RFL Chair,Furniture,38319.87,11840.74,3,4.0,0,193,Nagad
2024-06-24,Navana Helmet,Automotive,37199.42,10119.9,8,3.9,0,114,Visa Card
2024-09-03,ACI Salt,Groceries,5260.8,898.15,17,3.1,0,99,Visa Card
2024-11-29,Aarong Panjabi,Fashion,56959.33,17349.35,4,3.1,1,275,bKash
2024-02-25,Akij Cement,Construction,75546.79,25131.19,12,3.8,0,467,Visa Card
2024-12-06,Akij Cement,Construction,11347.13,2849.22,13,3.0,0,77,Visa Card
2025-03-14,Walton Fan,Electronics,119506.55,14209.47,15,3.8,0,229,Mastercard
2025-04-11,Navana Helmet,Automotive,126084.68,13474.56,10,3.8,0,351,bKash
2025-02-18,Easy Fashion Shirt,Fashion,14538.51,4121.42,20,4.8,1,314,Visa Card
2024-06-14,RFL Chair,Furniture,72394.44,10914.69,7,4.3,1,443,Cash
2024-07-16,Easy Fashion Shirt,Fashion,221824.05,28083.81,14,4.9,1,230,Nagad
2025-01-08,Sunsilk Shampoo,Personal Care,114852.96,30236.38,18,2.6,0,338,Mastercard
2024-10-30,Fresh Milk,Dairy,180562.58,57361.87,19,4.6,1,494,Mastercard
2024-09-10,Teer Atta,Groceries,109122.46,29677.74,9,4.6,1,433,Rocket
2024-10-13,Dettol Handwash,Personal Care,235622.43,23068.37,18,4.2,0,365,Rocket
2024-05-28,Vision TV,Electronics,40114.37,10992.83,13,4.4,0,229,Mastercard
2025-04-30,Easy Fashion Shirt,Fashion,41707.72,9778.9,3,3.2,0,395,bKash
2024-04-18,Bashundhara Tissue,Household,154772.28,24689.23,20,3.5,0,370,Mastercard
2025-05-09,Pran Mango Juice,Beverages,16001.25,2738.59,17,4.0,0,113,bKash
2024-01-06,Lux Soap,Personal Care,192408.82,18304.36,19,3.7,0,130,Nagad
2024-08-27,Vision TV,Electronics,221211.33,63957.5,13,3.4,0,485,Cash
2025-01-24,Aarong Panjabi,Fashion,53452.07,10504.3,18,3.7,0,206,Visa Card
2024-07-12,RFL Chair,Furniture,23305.63,5926.95,5,3.6,0,100,Mastercard
2024-12-24,Vision TV,Electronics,176021.56,52230.19,16,4.0,1,341,Visa Card
2025-04-17,Aarong Panjabi,Fashion,140796.57,36504.44,15,4.2,0,493,Nagad
2024-02-21,Lux Soap,Personal Care,10414.0,1564.47,4,4.4,0,316,bKash
2024-07-03,Vision TV,Electronics,100579.7,23465.19,7,3.0,0,455,Visa Card
2024-08-12,Lux Soap,Personal Care,172813.59,33046.73,18,3.7,0,248,Visa Card
2024-03-27,Pran Noodles,Groceries,23274.69,4599.13,2,2.7,0,383,Nagad
2024-10-11,Bombay Sweets Chanachur,Snacks,148740.5,21866.67,12,4.0,0,450,Nagad
2024-03-22,Navana Helmet,Automotive,105276.62,27004.3,15,3.6,0,69,bKash
2024-02-21,Teer Atta,Groceries,1626.83,242.82,7,4.4,1,262,Cash
2025-05-01,Minister Blender,Electronics,64810.64,15546.93,9,3.0,0,446,Mastercard
2025-02-14,Sunsilk Shampoo,Personal Care,12126.02,2091.4,10,3.4,0,285,Visa Card
2024-03-30,Fresh Soybean Oil,Groceries,127808.54,23955.7,9,4.6,1,373,Nagad
2024-10-11,Bombay Sweets Chanachur,Snacks,70684.31,11775.71,6,4.8,1,448,Rocket
2024-09-04,Minister Blender,Electronics,36972.07,11098.47,14,3.6,1,296,Rocket
2024-09-23,Dettol Handwash,Personal Care,173024.98,15671.41,20,4.3,0,310,Rocket
2024-01-12,Bata School Shoe,Fashion,4461.18,1053.44,4,4.0,0,248,Visa Card
2025-01-01,Walton Fan,Electronics,13236.24,3179.22,1,3.3,0,343,Nagad
2025-02-12,Bashundhara Tissue,Household,209689.17,70330.01,17,4.6,0,317,bKash
2024-06-01,Singer Rice Cooker,Electronics,8156.81,1260.15,1,2.9,0,64,bKash
2024-12-24,Navana Helmet,Automotive,60751.53,13597.74,5,4.4,0,250,Nagad
2024-06-20,Pran Mango Juice,Beverages,216468.21,56231.1,17,4.9,0,177,Visa Card
2024-12-17,Bata School Shoe,Fashion,77535.13,11767.22,5,4.5,0,362,Mastercard
2024-12-12,Dettol Handwash,Personal Care,220420.46,50523.68,16,3.1,0,442,bKash
2025-02-02,Aarong Panjabi,Fashion,81446.5,13129.64,11,4.7,0,182,Rocket
2024-12-03,Teer Atta,Groceries,56325.75,12849.3,17,2.9,0,411,Mastercard
2024-09-02,RFL Chair,Furniture,76157.94,6754.3,16,3.7,1,375,bKash
2024-08-31,Bashundhara Tissue,Household,108431.26,15393.07,13,4.3,0,427,Visa Card
2024-02-21,Singer Rice Cooker,Electronics,48186.96,12982.38,18,2.6,0,472,Visa Card
2024-05-13,Akij Cement,Construction,15190.54,5315.27,2,3.3,0,469,Nagad
2024-12-19,Akij Cement,Construction,9862.93,1559.27,1,3.7,1,245,Cash
2025-02-16,Aarong Panjabi,Fashion,34962.07,8373.34,9,3.0,0,378,bKash
2024-03-27,Minister Blender,Electronics,12293.24,1734.03,3,3.3,0,211,Mastercard
2025-01-03,Dettol Handwash,Personal Care,63756.84,6134.7,4,2.7,1,279,Cash
2024-06-06,Bashundhara Tissue,Household,24141.14,5075.8,19,2.8,0,171,Cash
2024-06-04,Singer Rice Cooker,Electronics,6173.59,2098.78,1,3.7,0,263,Cash
2024-04-23,Akij Cement,Construction,203588.79,43341.78,18,2.5,1,355,Rocket
2024-02-19,Akij Cement,Construction,18201.28,4884.38,3,3.8,0,112,Nagad
2024-08-17,Navana Helmet,Automotive,67367.39,8574.48,19,3.2,0,208,Cash
2024-03-01,Navana Helmet,Automotive,181815.28,61714.52,20,3.2,0,17,Nagad
2024-06-01,Vision TV,Electronics,246969.97,82115.91,19,3.0,0,248,Cash
2024-01-01,Vision TV,Electronics,402.94,32.91,2,3.9,0,143,bKash
2024-02-19,Bombay Sweets Chanachur,Snacks,210076.94,37575.29,18,3.7,1,431,Cash
2024-04-08,Kazi Farms Chicken,Frozen Food,2514.64,302.87,18,2.8,0,208,Visa Card
2024-08-11,Lux Soap,Personal Care,15554.85,5208.15,13,4.9,0,158,Cash
2024-11-03,Singer Rice Cooker,Electronics,82499.47,19399.14,7,3.4,0,326,Mastercard
2024-07-16,Bombay Sweets Chanachur,Snacks,20478.23,2108.54,6,3.0,0,122,Rocket
2024-03-13,Fresh Soybean Oil,Groceries,204351.22,53882.4,13,5.0,0,141,Mastercard
2025-03-06,Fresh Soybean Oil,Groceries,138471.91,16239.99,14,4.7,1,336,Visa Card
2024-04-18,Pran Mango Juice,Beverages,172697.62,23067.34,19,4.2,0,344,bKash
2024-04-27,Aarong Panjabi,Fashion,232640.44,72728.34,16,4.7,0,46,Nagad
2025-04-26,Singer Rice Cooker,Electronics,12080.52,4212.22,17,4.4,0,445,Rocket
2024-02-05,Pran Mango Juice,Beverages,102929.33,10790.65,10,3.1,0,149,Mastercard
2024-02-11,Akij Cement,Construction,6639.16,1193.26,1,2.9,0,214,bKash
2024-04-18,Akij Cement,Construction,190819.34,48219.59,12,3.7,0,160,Visa Card
2024-09-21,Bata School Shoe,Fashion,146800.16,31448.55,16,4.9,0,223,Rocket
2024-02-07,Sunsilk Shampoo,Personal Care,12307.3,1774.65,17,4.3,0,212,Nagad
2025-04-22,Teer Atta,Groceries,77394.46,14917.41,12,4.9,0,155,bKash
2024-09-09,Pran Noodles,Groceries,26722.43,3661.01,16,3.4,1,380,Rocket
2024-09-10,Walton Fridge,Electronics,11486.61,3145.47,3,3.8,0,126,Rocket
2024-12-04,RFL Chair,Furniture,22018.65,5496.04,2,4.8,0,400,Rocket
2024-09-03,Kazi Farms Chicken,Frozen Food,167071.75,49937.03,16,4.6,0,87,Visa Card
2025-02-21,Navana Helmet,Automotive,178976.04,40782.91,18,4.1,0,461,Visa Card
2024-04-08,Aarong Panjabi,Fashion,34484.8,10967.3,15,4.1,0,217,Mastercard
2024-08-06,Kazi Farms Chicken,Frozen Food,75966.58,23887.92,6,3.3,0,81,Visa Card
2024-09-28,Navana Helmet,Automotive,31388.71,10763.62,14,4.9,0,223,Nagad
2025-03-23,Teer Atta,Groceries,99601.43,28715.55,14,4.1,0,281,Visa Card
2025-01-09,Square Toiletries Lotion,Personal Care,119103.39,14651.29,9,3.7,1,36,bKash
2025-01-26,Olympic Biscuit,Snacks,3410.69,1067.5,1,3.9,0,485,bKash
2024-11-03,Dettol Handwash,Personal Care,16038.17,1953.22,7,3.0,0,434,Mastercard
2024-08-07,Singer Rice Cooker,Electronics,151277.42,17153.91,11,4.3,0,77,Mastercard
2024-01-10,Pran Noodles,Groceries,108741.08,20928.19,12,4.5,0,451,Nagad
2024-07-31,Dettol Handwash,Personal Care,72299.28,7250.22,15,3.5,0,162,Visa Card
2024-02-04,Walton Fan,Electronics,19391.24,2936.17,4,3.0,0,191,Mastercard
2024-07-09,Singer Rice Cooker,Electronics,69279.55,18953.42,13,4.8,1,263,Mastercard
2024-04-23,Walton Fridge,Electronics,166983.28,23949.99,15,4.2,1,179,Mastercard
2024-11-05,Pran Mango Juice,Beverages,113533.48,30596.87,12,3.9,0,332,Rocket
2024-02-28,Dettol Handwash,Personal Care,227322.51,54650.77,16,3.7,0,38,Rocket
2024-01-13,Minister Blender,Electronics,24126.5,6096.45,18,4.6,1,348,Rocket
2024-07-18,Minister Blender,Electronics,181782.3,50055.59,12,3.8,1,166,Cash
2024-07-15,Aarong Panjabi,Fashion,8903.84,2692.27,1,4.2,0,150,bKash
2024-06-22,Singer Rice Cooker,Electronics,99577.94,24773.88,11,5.0,1,44,Visa Card
2024-05-11,Aarong Panjabi,Fashion,17103.35,2809.59,5,4.1,0,392,Rocket
2024-03-10,Walton Fan,Electronics,71502.59,6171.98,11,2.6,0,490,Nagad
2024-12-18,Minister Blender,Electronics,75437.19,24905.92,8,4.5,0,211,Mastercard
2024-03-16,Pran Mango Juice,Beverages,21733.42,2573.86,18,2.9,0,92,Mastercard
2025-01-04,Easy Fashion Shirt,Fashion,295011.82,37160.48,19,3.8,0,282,bKash
2024-11-20,Vision TV,Electronics,65100.68,22766.38,6,3.6,0,300,Nagad
2025-03-07,Olympic Biscuit,Snacks,42650.48,13734.73,6,4.4,0,361,Nagad
2024-02-11,RFL Chair,Furniture,209809.9,53268.17,17,4.8,0,152,Mastercard
2024-11-13,Sunsilk Shampoo,Personal Care,43392.55,9303.79,14,4.4,0,335,Mastercard
2024-09-28,Aarong Panjabi,Fashion,13790.06,2707.24,5,4.6,0,157,Rocket
2024-09-06,Pran Mango Juice,Beverages,236766.22,38824.91,20,4.2,1,456,bKash
2024-05-19,Teer Atta,Groceries,203200.21,19460.31,14,2.9,1,149,Nagad
2025-05-13,Bashundhara Tissue,Household,89473.16,25027.3,13,3.8,0,477,Rocket
2024-12-16,Fresh Soybean Oil,Groceries,130290.55,34729.25,16,4.4,0,376,Rocket
2025-03-14,Square Toiletries Lotion,Personal Care,164493.55,37692.45,12,3.0,0,376,Nagad
2025-04-16,Fresh Soybean Oil,Groceries,105398.6,28014.71,16,5.0,0,103,Visa Card
2024-02-03,Bashundhara Tissue,Household,249389.37,68905.59,17,2.5,1,277,Visa Card
2024-11-07,Dettol Handwash,Personal Care,58174.44,17492.07,7,4.4,0,85,Nagad
2025-03-11,Fresh Milk,Dairy,5532.01,1511.03,6,4.9,1,175,Visa Card
2024-06-05,Pran Mango Juice,Beverages,78548.4,26384.2,6,4.6,0,233,Cash
2024-04-21,Dettol Handwash,Personal Care,816.97,261.14,2,2.7,1,192,Nagad
2024-07-13,ACI Salt,Groceries,87593.3,16750.53,7,2.7,0,143,Mastercard
2024-03-07,Square Toiletries Lotion,Personal Care,90619.03,16509.03,7,4.0,0,456,Mastercard
2024-11-23,Easy Fashion Shirt,Fashion,14998.28,4301.71,1,3.3,0,148,Rocket
2024-12-02,Bombay Sweets Chanachur,Snacks,168512.4,36666.58,19,3.8,0,433,Mastercard
2024-05-16,Pran Noodles,Groceries,7962.85,1726.84,5,5.0,1,268,Visa Card
2025-02-27,Navana Helmet,Automotive,149893.87,41934.06,10,2.6,0,382,Visa Card
2024-06-18,Akij Cement,Construction,8010.68,1348.17,1,5.0,0,164,Rocket
2024-02-01,Square Toiletries Lotion,Personal Care,9356.16,2838.84,19,3.9,1,434,Mastercard
2024-11-24,Aarong Panjabi,Fashion,12149.91,3549.71,1,2.7,0,340,bKash
2024-04-29,Easy Fashion Shirt,Fashion,75998.99,16050.0,10,4.1,1,448,bKash
2024-07-22,Minister Blender,Electronics,17787.8,4242.68,13,2.5,0,36,Visa Card
2024-11-23,Easy Fashion Shirt,Fashion,57295.39,15411.11,14,4.8,0,428,Mastercard
2025-04-03,Bata School Shoe,Fashion,98083.96,28874.96,18,2.6,0,179,bKash
2024-06-09,Aarong Panjabi,Fashion,126820.93,17500.92,15,2.7,0,120,Visa Card
2024-12-20,Teer Atta,Groceries,156327.04,22092.71,16,5.0,1,455,Visa Card
2024-10-26,Walton Fan,Electronics,12572.9,2805.64,7,3.5,1,199,Nagad
2024-03-24,RFL Chair,Furniture,87746.86,19867.36,13,2.5,0,418,bKash
2024-01-26,Olympic Biscuit,Snacks,13735.76,4516.56,2,3.1,0,308,bKash
2025-03-02,ACI Salt,Groceries,239974.34,73985.94,20,3.5,0,353,Mastercard
2024-06-05,RFL Chair,Furniture,198706.18,22565.58,14,4.8,0,412,Mastercard
2024-02-03,Vision TV,Electronics,113300.06,23290.77,8,4.7,1,220,bKash
2025-04-22,Olympic Biscuit,Snacks,11629.17,2732.47,6,3.5,0,500,Rocket
2024-01-23,Navana Helmet,Automotive,242393.36,64876.17,18,4.1,0,440,Mastercard
2024-03-28,Navana Helmet,Automotive,87148.39,8685.44,7,4.3,0,257,Rocket
2025-01-08,Bombay Sweets Chanachur,Snacks,4048.55,1275.67,1,4.9,0,495,Mastercard
2024-11-22,Fresh Milk,Dairy,38498.33,8178.23,18,3.6,1,451,Cash
2025-03-25,Bombay Sweets Chanachur,Snacks,179298.44,45259.67,19,4.6,0,497,bKash
2024-07-22,Akij Cement,Construction,55909.52,14034.75,13,2.9,0,179,bKash
2024-04-02,Pran Noodles,Groceries,41956.7,14033.46,6,2.6,0,290,Mastercard
2024-11-20,Fresh Soybean Oil,Groceries,105057.44,30380.45,10,3.1,0,99,bKash
2025-02-22,Teer Atta,Groceries,24887.48,2665.4,3,3.3,1,302,Mastercard
2025-01-06,Walton Fridge,Electronics,97116.31,22454.1,17,4.5,0,393,Rocket
2025-04-11,Dettol Handwash,Personal Care,188628.89,62475.86,14,3.3,0,337,bKash
2025-01-03,Easy Fashion Shirt,Fashion,15236.03,1689.54,1,3.7,0,407,Nagad
2025-01-27,Olympic Biscuit,Snacks,136861.01,17894.44,11,5.0,0,233,bKash
2024-09-17,Lux Soap,Personal Care,144228.2,28233.59,17,3.6,0,134,Rocket
2024-01-06,Kazi Farms Chicken,Frozen Food,5623.57,1620.57,9,4.4,1,408,Nagad
2025-02-24,Olympic Biscuit,Snacks,8445.68,1659.3,5,3.0,0,438,Rocket
2024-09-29,Bashundhara Tissue,Household,963.95,330.06,4,3.7,0,198,bKash
2024-04-11,Pran Mango Juice,Beverages,160475.26,43840.65,14,4.8,0,64,bKash
2024-04-27,Sunsilk Shampoo,Personal Care,9647.17,2143.89,1,4.3,0,392,Nagad
2024-04-07,Bata School Shoe,Fashion,45530.32,9244.64,4,3.4,1,137,bKash
2024-09-14,Fresh Milk,Dairy,27532.0,3779.79,5,5.0,0,83,Mastercard
2024-08-27,Olympic Biscuit,Snacks,5907.52,1455.76,1,3.5,0,23,Cash
2024-07-08,Bombay Sweets Chanachur,Snacks,4586.9,476.66,3,4.2,0,135,Mastercard
2025-03-12,Pran Mango Juice,Beverages,77922.63,9753.27,11,3.1,0,390,Nagad
2024-03-06,Olympic Biscuit,Snacks,118795.88,25880.14,9,4.2,1,373,bKash
2024-09-20,ACI Salt,Groceries,37383.18,11128.6,5,3.9,1,447,Nagad
2024-08-10,Dettol Handwash,Personal Care,11797.52,3929.87,3,3.4,1,91,Nagad
2024-03-28,Aarong Panjabi,Fashion,3914.21,552.53,3,2.5,0,236,Nagad
2024-03-05,Olympic Biscuit,Snacks,4269.28,1037.7,16,4.7,0,188,bKash
2025-01-31,Olympic Biscuit,Snacks,35621.64,4409.43,11,4.9,0,78,Nagad
2024-04-29,Akij Cement,Construction,189650.31,43708.33,16,4.4,0,136,Nagad
2025-05-14,Olympic Biscuit,Snacks,108160.39,9444.98,17,3.6,0,135,Mastercard
2024-03-16,Aarong Panjabi,Fashion,144817.82,42775.86,11,3.7,1,497,Mastercard
2024-02-27,Bombay Sweets Chanachur,Snacks,132668.21,20053.33,19,4.7,0,414,Rocket
2024-11-13,Singer Rice Cooker,Electronics,98200.14,15617.79,10,2.9,1,448,bKash
2024-11-06,Square Toiletries Lotion,Personal Care,61343.63,16604.13,5,2.7,1,184,Nagad
2024-11-27,Lux Soap,Personal Care,102177.79,22492.8,7,4.6,0,479,bKash
2024-01-22,Bashundhara Tissue,Household,5121.81,631.84,12,4.7,0,158,Visa Card
2024-04-18,Kazi Farms Chicken,Frozen Food,2073.3,442.62,5,4.6,0,429,Mastercard
2024-09-12,Pran Mango Juice,Beverages,89048.31,22239.0,14,4.5,1,206,bKash
2024-09-22,Akij Cement,Construction,64161.59,15224.21,10,3.3,0,317,Cash
2024-03-15,RFL Chair,Furniture,20897.91,5289.93,8,3.6,0,60,bKash
2025-02-01,Lux Soap,Personal Care,17594.62,2251.73,5,3.0,0,199,bKash
2024-06-06,Olympic Biscuit,Snacks,29949.61,3171.51,7,2.8,0,298,Rocket
2024-06-26,Pran Mango Juice,Beverages,154733.33,26604.53,13,4.9,0,36,Nagad
2024-06-28,RFL Chair,Furniture,22599.4,5525.28,19,3.3,0,449,Cash
2024-08-16,Bata School Shoe,Fashion,41442.23,7634.56,8,4.0,0,358,bKash
2025-03-06,Pran Noodles,Groceries,104987.62,28785.28,18,4.9,0,279,Cash
2024-02-04,ACI Salt,Groceries,52408.34,7314.94,9,4.2,0,425,bKash
2024-06-30,Easy Fashion Shirt,Fashion,146162.69,13851.86,15,2.9,0,205,bKash
2025-02-02,ACI Salt,Groceries,16422.1,4011.62,9,4.2,0,30,Cash
2024-03-31,Navana Helmet,Automotive,145062.9,37126.02,10,3.7,0,65,Mastercard
2024-07-30,Dettol Handwash,Personal Care,238823.8,43634.15,14,4.3,0,320,bKash
2024-08-05,Easy Fashion Shirt,Fashion,14663.74,5023.66,1,2.6,0,157,Nagad
2025-04-13,Akij Cement,Construction,158357.51,22266.99,13,3.0,0,255,Mastercard
2024-07-04,Olympic Biscuit,Snacks,164621.13,23193.7,17,4.4,0,208,Mastercard
2025-04-09,Dettol Handwash,Personal Care,131256.14,45129.04,11,2.9,1,340,Rocket
2025-01-13,Minister Blender,Electronics,76489.27,15914.04,19,3.6,0,88,Rocket
2025-01-18,Easy Fashion Shirt,Fashion,76884.01,9403.04,6,2.7,0,318,bKash
2025-01-14,RFL Chair,Furniture,23484.99,7903.68,2,4.4,0,304,Nagad
2025-05-05,Dettol Handwash,Personal Care,51410.82,5824.85,16,4.1,0,460,Rocket
2024-08-19,Navana Helmet,Automotive,53600.9,8312.27,5,3.5,0,193,Cash
2024-04-09,Walton Fridge,Electronics,31965.38,7497.0,5,4.9,1,475,bKash
2024-03-31,Square Toiletries Lotion,Personal Care,103609.94,35450.57,8,4.1,1,345,Nagad
2025-04-29,Minister Blender,Electronics,868.22,163.26,1,3.1,0,349,Cash
2025-03-28,Bashundhara Tissue,Household,92112.91,30410.11,18,3.7,0,138,Mastercard
2024-03-10,Kazi Farms Chicken,Frozen Food,50615.58,13872.49,19,4.4,0,404,Rocket
2024-09-12,RFL Chair,Furniture,27028.83,6322.82,2,4.2,0,87,Visa Card
2024-03-14,Pran Noodles,Groceries,21367.73,3975.26,6,3.2,0,243,Visa Card
2024-04-24,ACI Salt,Groceries,25866.11,8945.52,2,3.2,1,258,Cash
2024-03-04,Dettol Handwash,Personal Care,19281.49,3306.34,15,3.4,1,63,bKash
2024-07-06,Lux Soap,Personal Care,6674.79,2262.85,2,2.7,0,70,Visa Card
2024-01-13,Pran Noodles,Groceries,11978.49,1283.2,3,5.0,0,97,bKash
2025-01-13,Olympic Biscuit,Snacks,4204.1,403.24,5,3.8,0,98,Visa Card
2024-09-06,Fresh Soybean Oil,Groceries,96131.44,18373.56,13,2.9,1,63,Rocket
2024-07-28,Walton Fan,Electronics,141980.33,16723.56,19,3.6,0,371,Cash
2025-03-27,Pran Mango Juice,Beverages,152413.75,48029.29,16,3.0,0,134,Visa Card
2025-05-10,Dettol Handwash,Personal Care,39591.6,5699.48,7,3.6,0,349,Cash
2025-03-16,ACI Salt,Groceries,88466.98,21313.52,9,4.7,0,259,bKash
2024-02-27,ACI Salt,Groceries,226631.99,35886.24,16,2.9,0,138,bKash
2024-03-28,Pran Mango Juice,Beverages,10955.73,1629.43,7,3.9,0,177,Cash
2024-07-16,Bashundhara Tissue,Household,427.99,67.32,2,3.7,0,320,Mastercard
2025-04-14,Sunsilk Shampoo,Personal Care,111438.56,16954.67,10,3.8,1,168,Mastercard
2024-04-08,Sunsilk Shampoo,Personal Care,243462.68,36476.34,20,3.5,0,72,Cash
2024-07-08,Navana Helmet,Automotive,14512.6,4178.55,5,2.8,0,216,Nagad
2025-03-13,RFL Chair,Furniture,91116.62,24423.53,10,2.9,0,483,Cash
2024-11-13,Akij Cement,Construction,116710.6,27003.62,7,2.6,1,433,Nagad
2024-04-30,Walton Fan,Electronics,197597.51,16095.44,18,4.9,1,336,Mastercard
2024-02-24,Bombay Sweets Chanachur,Snacks,35238.66,3944.88,4,4.2,0,102,Rocket
2025-01-02,Akij Cement,Construction,21136.37,1914.52,19,3.9,0,498,Mastercard
2024-09-19,Pran Mango Juice,Beverages,20652.94,2058.9,8,3.2,1,421,bKash
2025-02-27,Dettol Handwash,Personal Care,25263.47,6077.62,15,4.6,0,100,Visa Card
2025-02-22,Bashundhara Tissue,Household,62870.38,6660.86,4,4.6,0,153,Mastercard
2025-02-05,Pran Noodles,Groceries,64103.65,22292.8,17,3.3,0,449,Rocket
2024-04-24,ACI Salt,Groceries,64810.73,6515.34,16,2.8,0,379,Visa Card
2024-08-27,Bombay Sweets Chanachur,Snacks,116619.95,10349.46,10,3.5,0,413,Visa Card
2024-02-24,Fresh Milk,Dairy,80243.84,23389.04,20,2.8,0,469,Visa Card
2024-04-07,Sunsilk Shampoo,Personal Care,165225.62,45387.74,19,4.3,0,272,Visa Card
2024-10-06,RFL Chair,Furniture,13558.61,3396.46,4,4.5,0,244,Nagad
2025-03-08,Square Toiletries Lotion,Personal Care,40584.84,8988.81,15,3.0,0,285,Mastercard
2025-04-26,Navana Helmet,Automotive,40164.24,3574.52,7,3.5,0,154,Mastercard
2024-07-27,Sunsilk Shampoo,Personal Care,5903.05,605.82,2,2.6,1,307,Mastercard
2025-02-21,Akij Cement,Construction,2513.17,709.88,18,2.9,1,301,Nagad
2024-03-05,Walton Fan,Electronics,27363.83,6605.08,6,3.4,0,101,Visa Card
2024-07-04,Kazi Farms Chicken,Frozen Food,6017.1,1969.17,1,4.0,1,61,Rocket
2024-09-21,Pran Mango Juice,Beverages,46407.15,7772.07,3,4.6,1,63,Cash
2024-06-16,Olympic Biscuit,Snacks,19164.02,2405.42,7,4.3,1,59,Cash
2025-05-02,Pran Noodles,Groceries,14323.69,4824.97,1,4.6,1,287,Cash
2024-06-01,Fresh Milk,Dairy,157143.64,21908.41,15,4.8,0,354,Cash
2024-01-24,Aarong Panjabi,Fashion,156318.32,35040.19,18,3.4,0,262,Nagad
2024-05-08,ACI Salt,Groceries,27287.89,5045.38,4,3.2,0,299,bKash
2024-12-29,Aarong Panjabi,Fashion,56507.32,15426.27,18,2.8,1,118,Mastercard
2024-08-30,Dettol Handwash,Personal Care,70807.58,20328.5,19,4.2,0,248,Cash
2024-10-22,Fresh Milk,Dairy,23207.95,4815.62,5,4.2,0,170,Visa Card
2024-10-03,Walton Fridge,Electronics,205.91,52.22,1,4.4,0,473,bKash
2024-12-05,Dettol Handwash,Personal Care,104302.94,15077.06,13,3.2,0,25,Rocket
2024-10-30,Teer Atta,Groceries,6705.63,1995.29,20,4.8,1,419,Nagad
2024-04-17,Pran Mango Juice,Beverages,169061.74,14866.4,10,3.5,0,386,Cash
2025-01-17,RFL Chair,Furniture,191417.98,45561.51,18,3.2,0,74,Visa Card
2024-01-25,Easy Fashion Shirt,Fashion,40943.03,10022.36,6,4.1,0,223,Nagad
2024-03-23,Minister Blender,Electronics,140674.52,30342.53,10,2.5,0,364,Rocket
2024-07-07,Olympic Biscuit,Snacks,207527.99,39848.1,17,2.8,1,373,Cash
2024-09-13,Aarong Panjabi,Fashion,16432.07,5190.17,2,4.7,1,100,Rocket
2024-10-09,Pran Noodles,Groceries,80423.47,19409.96,11,4.0,0,166,Visa Card
2024-05-25,Minister Blender,Electronics,183706.75,40162.52,19,4.9,0,409,Mastercard
2025-02-14,Bombay Sweets Chanachur,Snacks,23151.55,3261.87,3,2.9,0,499,Mastercard
2024-07-20,Fresh Soybean Oil,Groceries,221467.27,32143.28,17,4.9,0,348,Rocket
2024-12-02,ACI Salt,Groceries,42392.01,4306.33,8,3.6,0,285,Cash
2024-03-07,Vision TV,Electronics,66255.67,14200.68,5,4.4,0,360,Cash
2025-02-13,Navana Helmet,Automotive,80118.07,22923.04,6,4.1,0,111,Rocket
2024-10-27,Navana Helmet,Automotive,228551.75,25199.56,18,3.6,0,418,Mastercard
2024-09-24,Dettol Handwash,Personal Care,182671.32,61608.99,13,4.2,0,86,Mastercard
2025-02-17,Bata School Shoe,Fashion,13304.74,4117.32,1,2.8,0,314,Nagad
2024-12-02,Dettol Handwash,Personal Care,74267.56,25250.32,16,2.6,0,468,Nagad
2024-06-13,Fresh Soybean Oil,Groceries,79325.51,26530.2,19,4.8,0,288,bKash
2025-01-23,Kazi Farms Chicken,Frozen Food,102274.06,13203.29,16,3.7,0,424,Nagad
2025-01-17,Teer Atta,Groceries,3680.81,864.78,3,3.0,0,447,Mastercard
2025-02-24,Walton Fan,Electronics,4343.91,895.91,1,4.9,0,143,Rocket
2024-04-02,Singer Rice Cooker,Electronics,162135.17,23539.27,20,4.5,0,108,Cash
2024-03-08,Pran Mango Juice,Beverages,50307.95,12220.03,17,4.1,1,202,bKash
2024-04-04,Lux Soap,Personal Care,62572.45,5407.04,11,4.8,0,305,bKash
2024-01-14,Lux Soap,Personal Care,8780.44,1612.36,17,3.3,0,496,Visa Card
2024-10-24,Navana Helmet,Automotive,161229.86,14009.3,10,2.7,0,198,Mastercard
2025-03-28,Vision TV,Electronics,48739.18,13212.72,8,4.0,1,391,bKash
2024-03-06,Walton Fan,Electronics,17930.43,5983.49,4,4.2,0,263,bKash
2025-05-07,Walton Fan,Electronics,125341.06,25908.31,14,3.2,0,44,Mastercard
2024-01-04,Sunsilk Shampoo,Personal Care,68462.91,22775.67,6,5.0,0,333,Mastercard
2024-12-25,Kazi Farms Chicken,Frozen Food,14386.07,3724.79,3,2.9,0,370,Nagad
2024-06-05,Singer Rice Cooker,Electronics,169975.38,19238.07,20,3.3,0,284,bKash
2024-09-05,RFL Chair,Furniture,77568.56,17425.45,18,4.7,0,225,Nagad
2024-12-19,Fresh Milk,Dairy,252911.64,72067.16,19,3.7,0,387,bKash
2024-06-29,Easy Fashion Shirt,Fashion,76457.0,26103.94,10,2.7,0,78,Rocket
2024-11-07,Vision TV,Electronics,222573.01,63767.36,16,2.9,0,298,Rocket
2024-05-12,Pran Mango Juice,Beverages,132838.29,11061.74,10,3.8,0,347,Cash
2024-10-13,Sunsilk Shampoo,Personal Care,108652.25,13234.88,11,4.8,0,489,bKash
2025-02-11,Bata School Shoe,Fashion,43262.66,9509.75,7,2.9,1,22,Rocket
2024-10-04,Singer Rice Cooker,Electronics,1648.0,196.49,5,3.1,0,260,Mastercard
2025-01-26,Pran Noodles,Groceries,73615.44,17946.32,7,2.6,1,15,Mastercard
2024-09-16,Kazi Farms Chicken,Frozen Food,37127.34,8208.35,3,2.9,1,467,bKash
2024-02-28,Aarong Panjabi,Fashion,90348.32,19659.56,17,4.0,0,51,Visa Card
2024-03-03,Lux Soap,Personal Care,38847.01,5857.78,6,4.8,1,39,Cash
2024-11-26,Sunsilk Shampoo,Personal Care,173618.45,37727.29,15,3.7,0,93,Rocket
2024-05-13,Dettol Handwash,Personal Care,61716.25,14174.83,9,4.3,1,15,Mastercard
2025-04-07,Walton Fridge,Electronics,100707.45,15693.43,16,2.8,0,461,Rocket
2024-08-14,Bashundhara Tissue,Household,133490.43,42502.85,8,2.8,0,314,bKash
2025-05-12,Easy Fashion Shirt,Fashion,128899.91,38430.32,9,4.2,1,339,Visa Card
2024-09-12,Pran Noodles,Groceries,52611.66,13949.88,4,3.5,0,148,Visa Card
2024-06-04,Olympic Biscuit,Snacks,6090.66,2049.54,3,2.7,0,282,bKash
2024-10-10,Square Toiletries Lotion,Personal Care,64930.85,9372.86,17,4.0,0,83,Nagad
2024-04-23,Kazi Farms Chicken,Frozen Food,32995.48,10466.86,3,4.7,0,453,Mastercard
2024-02-16,Singer Rice Cooker,Electronics,132448.95,27910.52,12,3.7,0,331,Rocket
2024-09-16,Bata School Shoe,Fashion,29538.91,3032.6,20,4.1,0,255,Nagad
2024-06-05,Pran Mango Juice,Beverages,30407.03,3947.56,9,3.5,0,316,Mastercard
2024-02-12,Teer Atta,Groceries,73775.72,22766.68,13,3.9,0,288,bKash
2025-02-26,Dettol Handwash,Personal Care,3442.0,911.5,1,2.6,0,273,Visa Card
2024-12-27,Easy Fashion Shirt,Fashion,202235.1,56299.25,20,4.5,0,401,Cash
2024-04-02,Singer Rice Cooker,Electronics,191656.14,27638.96,16,2.5,1,284,Mastercard
2024-04-10,Lux Soap,Personal Care,39742.24,12353.62,12,4.7,1,184,Mastercard
2025-03-08,Walton Fan,Electronics,163569.94,14693.77,11,3.9,0,160,Mastercard
2024-11-25,Fresh Milk,Dairy,27767.79,2435.14,11,3.7,0,466,bKash
2024-03-16,Minister Blender,Electronics,75121.28,21016.5,14,4.9,0,350,bKash
2024-03-15,Navana Helmet,Automotive,42630.22,9931.78,3,3.9,0,278,Rocket
2024-07-30,Walton Fan,Electronics,167011.83,45823.16,14,4.9,0,494,bKash
2024-09-14,Akij Cement,Construction,23216.54,5775.47,3,3.6,0,125,Nagad
2024-09-21,Square Toiletries Lotion,Personal Care,266711.07,60563.15,20,3.8,1,405,Rocket
2024-07-05,Vision TV,Electronics,15669.27,2517.81,2,4.0,1,30,Cash
2024-07-06,Sunsilk Shampoo,Personal Care,21986.18,1911.12,4,4.4,0,162,Visa Card
2024-04-27,Fresh Milk,Dairy,40321.43,6376.54,20,3.6,1,326,Mastercard
2025-02-10,Bata School Shoe,Fashion,339.9,104.26,1,4.5,1,365,bKash
2025-04-11,RFL Chair,Furniture,147171.06,19336.39,18,4.0,0,170,Cash
2025-05-14,Fresh Milk,Dairy,155389.98,51310.79,12,4.0,0,333,Mastercard
2024-02-24,Navana Helmet,Automotive,27025.23,6592.17,3,3.4,0,343,Mastercard
2025-05-01,Easy Fashion Shirt,Fashion,121985.73,38620.08,19,4.5,0,327,bKash
2024-04-26,RFL Chair,Furniture,53905.01,8129.17,17,4.7,0,454,Rocket
2024-03-26,Easy Fashion Shirt,Fashion,99891.3,14781.57,20,3.4,0,387,Visa Card
2024-02-02,Square Toiletries Lotion,Personal Care,12728.2,2555.34,1,2.7,0,459,bKash
2024-01-04,Dettol Handwash,Personal Care,39570.19,5004.79,4,2.8,0,114,Rocket
2024-06-18,Bashundhara Tissue,Household,71746.84,18540.43,8,4.9,1,448,bKash
2024-12-05,Walton Fan,Electronics,100229.32,10938.35,7,3.3,0,334,Rocket
2024-09-25,Kazi Farms Chicken,Frozen Food,284791.26,58505.74,20,3.0,0,456,Nagad
2024-02-12,Navana Helmet,Automotive,5429.02,535.73,4,4.5,0,432,Rocket
2024-03-25,Vision TV,Electronics,97972.55,33188.48,15,3.0,0,228,bKash
2024-11-03,Bombay Sweets Chanachur,Snacks,38830.52,9012.78,17,3.8,1,406,Mastercard
2025-02-26,Kazi Farms Chicken,Frozen Food,44245.69,7092.9,11,4.5,0,187,Nagad
2024-01-03,Pran Noodles,Groceries,72594.6,10069.29,18,2.8,0,93,Rocket
2024-07-09,Easy Fashion Shirt,Fashion,59135.61,7292.42,4,4.8,1,300,bKash
2024-08-12,RFL Chair,Furniture,110385.22,33478.4,11,4.6,0,368,bKash
2024-05-21,ACI Salt,Groceries,41293.64,5334.36,13,4.8,0,124,Mastercard
2024-07-04,Teer Atta,Groceries,273693.39,75637.17,18,3.8,0,271,Visa Card
2024-02-17,Singer Rice Cooker,Electronics,90419.22,14484.82,16,4.1,0,65,Nagad
2025-01-28,Square Toiletries Lotion,Personal Care,203220.46,43851.65,18,4.4,0,352,Mastercard
2024-02-25,Square Toiletries Lotion,Personal Care,23181.85,3074.17,4,2.9,1,172,bKash
2024-08-14,Singer Rice Cooker,Electronics,12906.23,2669.23,9,3.3,0,126,bKash
2024-06-22,Kazi Farms Chicken,Frozen Food,94712.11,27134.92,19,4.8,0,338,Cash
2024-09-10,Olympic Biscuit,Snacks,144189.57,11736.72,12,4.1,0,37,Visa Card
2025-03-14,Walton Fan,Electronics,142941.87,38995.01,15,2.6,0,402,Visa Card
2025-03-13,Pran Noodles,Groceries,7426.34,2272.93,1,2.9,0,85,Rocket
2025-05-05,Aarong Panjabi,Fashion,93862.65,22492.16,15,4.2,0,265,Nagad
2024-06-14,Bata School Shoe,Fashion,3565.41,823.97,1,3.9,0,495,Nagad
2024-07-03,Easy Fashion Shirt,Fashion,173012.07,31598.28,17,3.2,0,263,Mastercard
2025-03-16,Bata School Shoe,Fashion,41448.63,5264.14,3,3.3,0,183,Mastercard
2025-03-02,Walton Fridge,Electronics,269572.32,22565.34,17,2.7,0,113,bKash
2024-07-12,Kazi Farms Chicken,Frozen Food,136128.44,41819.24,13,4.8,0,358,Visa Card
2025-02-18,Bashundhara Tissue,Household,90136.66,18444.24,10,4.4,1,233,Nagad
2024-11-20,Fresh Milk,Dairy,137125.96,47066.89,15,4.3,0,144,Nagad
2024-09-07,Vision TV,Electronics,81013.34,18807.44,7,4.7,0,412,Visa Card
2024-10-01,RFL Chair,Furniture,85581.41,16431.29,11,2.8,0,464,Mastercard
2024-11-25,Bata School Shoe,Fashion,15178.69,2551.12,8,2.8,0,263,Mastercard
2024-08-08,Sunsilk Shampoo,Personal Care,82842.68,23010.44,8,3.4,0,174,Rocket
2025-02-11,Walton Fan,Electronics,22083.59,6493.92,10,5.0,1,402,Cash
2025-02-26,Bombay Sweets Chanachur,Snacks,12299.11,1722.81,1,4.3,0,279,Nagad
2024-05-26,Pran Noodles,Groceries,30147.09,4837.05,8,3.8,0,189,bKash
2024-02-16,Easy Fashion Shirt,Fashion,13366.74,2092.13,20,4.9,0,131,bKash
2024-01-17,Pran Noodles,Groceries,34682.17,5781.08,8,3.0,1,428,bKash
2025-03-30,Bashundhara Tissue,Household,1220.17,126.33,2,3.2,0,430,Mastercard
2025-01-13,Easy Fashion Shirt,Fashion,31964.2,9663.77,2,4.9,0,407,Rocket
2024-05-30,Bata School Shoe,Fashion,128571.54,25282.84,20,2.7,1,308,Cash
2024-01-15,Fresh Soybean Oil,Groceries,18124.2,6151.02,2,4.5,0,87,bKash
2025-03-03,Sunsilk Shampoo,Personal Care,24821.56,2049.08,6,3.2,0,351,Visa Card
2024-11-07,Walton Fan,Electronics,18395.13,3993.91,11,2.6,0,380,bKash
2024-01-30,Teer Atta,Groceries,37969.46,13166.39,14,3.5,0,405,Rocket
2024-05-14,Walton Fan,Electronics,195061.24,32871.2,16,2.6,1,266,bKash
2025-04-12,Bashundhara Tissue,Household,33663.86,9934.27,9,2.9,0,245,Cash
2024-07-14,Square Toiletries Lotion,Personal Care,76918.08,25415.51,17,4.3,0,490,Cash
2024-10-01,Sunsilk Shampoo,Personal Care,52862.35,4758.19,4,4.1,0,91,Cash
2024-01-27,Kazi Farms Chicken,Frozen Food,32777.95,8094.4,2,3.2,0,220,Rocket
2025-01-22,Square Toiletries Lotion,Personal Care,160425.46,17941.74,18,4.2,0,231,Mastercard
2024-02-08,Dettol Handwash,Personal Care,63362.58,13537.02,10,3.7,0,415,Rocket
2024-08-05,Singer Rice Cooker,Electronics,78697.66,20700.47,6,3.2,0,203,Nagad
2025-03-07,Vision TV,Electronics,228511.37,23155.65,17,4.0,0,270,Mastercard
2024-09-08,Singer Rice Cooker,Electronics,114563.3,31375.79,13,2.8,0,58,Visa Card
2024-11-19,Aarong Panjabi,Fashion,145978.12,29678.94,14,4.2,0,36,Visa Card
2024-01-28,Easy Fashion Shirt,Fashion,105898.68,11737.49,15,4.3,0,187,Cash
2024-07-08,Singer Rice Cooker,Electronics,14409.92,4273.24,1,2.9,0,169,Rocket
2024-04-24,Walton Fan,Electronics,11336.72,3494.7,4,4.9,1,282,bKash
2024-06-17,Lux Soap,Personal Care,28965.72,6891.28,8,4.7,0,271,Visa Card
2024-03-01,Teer Atta,Groceries,37359.52,7241.97,8,3.5,0,399,Cash
2024-08-25,Bashundhara Tissue,Household,77991.27,18025.99,5,3.6,0,91,Rocket
2025-03-06,Easy Fashion Shirt,Fashion,2832.57,987.23,1,3.1,0,355,bKash
2024-11-12,Pran Mango Juice,Beverages,17420.17,2112.36,4,5.0,1,122,Mastercard
2024-08-22,Teer Atta,Groceries,47565.34,10165.93,6,3.0,0,79,Mastercard
2025-05-06,Vision TV,Electronics,67448.7,5664.8,9,4.5,0,226,bKash
2024-06-12,ACI Salt,Groceries,4441.75,1014.47,6,4.0,0,462,Mastercard
2025-03-04,Singer Rice Cooker,Electronics,122210.92,14336.8,19,3.0,0,456,Visa Card
2024-04-24,Sunsilk Shampoo,Personal Care,235501.08,75936.27,19,4.1,0,301,Mastercard
2024-12-17,Walton Fan,Electronics,70616.71,21266.02,7,3.7,0,58,Rocket
2024-07-17,Olympic Biscuit,Snacks,66365.35,21894.87,8,2.6,0,52,Mastercard
2024-01-30,ACI Salt,Groceries,13122.8,4570.59,3,3.5,1,441,Visa Card
2024-04-25,Fresh Milk,Dairy,114515.4,29533.53,8,3.9,0,416,Cash
2024-11-07,Sunsilk Shampoo,Personal Care,120245.64,36990.53,14,4.7,0,428,Cash
2024-11-20,Easy Fashion Shirt,Fashion,45464.78,3690.93,5,4.1,1,50,Rocket
2024-12-12,Fresh Soybean Oil,Groceries,68656.21,7453.8,11,2.6,0,63,Mastercard
2024-05-09,Teer Atta,Groceries,78870.9,25632.11,7,4.4,1,142,Cash
2024-12-28,Square Toiletries Lotion,Personal Care,52556.53,17467.09,18,3.6,0,263,Cash
2024-04-27,Bashundhara Tissue,Household,47649.46,10143.11,5,4.5,1,112,Cash
2024-11-28,Dettol Handwash,Personal Care,21571.65,3927.6,6,4.1,1,101,Rocket
2025-01-16,Dettol Handwash,Personal Care,2427.55,762.08,2,5.0,1,273,Nagad
2024-05-10,Minister Blender,Electronics,18196.84,2885.31,10,4.9,0,369,Cash
2024-12-06,RFL Chair,Furniture,106052.25,8897.81,9,2.9,0,112,Nagad
2024-09-23,Bata School Shoe,Fashion,131688.94,12529.4,9,3.5,0,224,Mastercard
2025-03-24,ACI Salt,Groceries,254983.39,76846.59,19,2.8,0,41,Mastercard
2024-03-08,Vision TV,Electronics,104365.49,30446.99,20,4.5,0,110,Nagad
2024-08-19,Teer Atta,Groceries,47539.87,10849.58,5,4.4,1,80,Mastercard
2025-03-22,Bata School Shoe,Fashion,186539.56,56167.71,12,2.7,0,190,Cash
2024-05-28,Pran Mango Juice,Beverages,26820.33,4067.97,13,3.8,0,452,bKash
2024-04-28,Bashundhara Tissue,Household,154146.82,41444.6,10,4.4,0,178,Nagad
2024-12-26,Minister Blender,Electronics,34608.7,3608.55,5,3.4,0,378,Rocket
2025-01-25,Bata School Shoe,Fashion,14299.47,1447.89,1,3.8,0,86,Visa Card
2024-06-19,Pran Mango Juice,Beverages,73835.75,17092.05,10,4.9,1,286,Cash
2025-01-29,Walton Fridge,Electronics,81083.13,17455.19,5,2.8,0,54,Mastercard
2024-08-20,Walton Fan,Electronics,8720.55,888.95,1,3.6,0,270,Cash
2024-01-25,Fresh Milk,Dairy,36190.69,10508.61,8,3.0,0,425,Rocket
2024-12-08,Easy Fashion Shirt,Fashion,42008.65,11755.74,12,2.8,1,100,Cash
2025-04-20,Aarong Panjabi,Fashion,11500.74,2139.54,10,4.7,0,233,Mastercard
2024-11-25,Akij Cement,Construction,10286.61,3377.02,1,3.7,0,13,Visa Card
2024-08-25,Olympic Biscuit,Snacks,237346.11,61044.42,18,4.9,0,389,Visa Card
2025-03-08,ACI Salt,Groceries,29117.78,2506.07,15,3.6,0,155,Visa Card
2025-02-04,Square Toiletries Lotion,Personal Care,78101.62,21579.69,14,4.8,1,495,Rocket
2024-10-30,Bata School Shoe,Fashion,105892.65,8601.87,9,3.9,0,405,Cash
2025-04-26,Pran Noodles,Groceries,292157.27,95850.85,20,3.4,0,96,bKash
2024-04-17,Teer Atta,Groceries,163655.41,33298.61,13,4.5,0,47,Cash
2025-04-23,Walton Fan,Electronics,10862.8,1398.97,11,3.2,0,130,Visa Card
2024-12-15,Navana Helmet,Automotive,42860.78,12567.92,12,4.4,0,241,Visa Card
2025-04-02,Walton Fan,Electronics,41710.86,11827.19,10,4.8,0,418,Mastercard
2024-06-26,Akij Cement,Construction,11400.31,1415.09,1,4.4,0,10,bKash
2025-02-19,Vision TV,Electronics,150605.92,45272.54,16,4.8,0,328,Visa Card
2024-11-16,Sunsilk Shampoo,Personal Care,163957.81,38410.25,15,2.9,0,404,Visa Card
2024-07-19,Bombay Sweets Chanachur,Snacks,152544.23,12413.92,15,2.7,0,20,bKash
2024-04-03,Teer Atta,Groceries,201681.1,39584.17,20,4.2,0,70,bKash
2024-02-10,Sunsilk Shampoo,Personal Care,53000.05,14614.62,6,3.8,0,105,Cash
2024-10-25,ACI Salt,Groceries,94459.5,25381.69,17,4.5,0,476,Visa Card
2024-10-28,Dettol Handwash,Personal Care,199328.22,44153.25,20,5.0,0,300,Cash
2025-05-14,Dettol Handwash,Personal Care,63523.86,7666.55,8,3.3,0,141,Nagad
2024-11-28,Aarong Panjabi,Fashion,58964.51,18351.83,7,3.1,0,60,Cash
2024-12-09,RFL Chair,Furniture,19964.36,4342.96,13,4.7,0,119,Visa Card
2024-02-12,Sunsilk Shampoo,Personal Care,15593.19,2400.24,1,4.5,1,311,bKash
2025-04-01,Walton Fridge,Electronics,16070.73,3261.22,1,4.0,0,35,Visa Card
2025-01-27,Fresh Milk,Dairy,167457.68,56257.18,11,2.6,0,485,Cash
2024-04-30,Bombay Sweets Chanachur,Snacks,161801.82,17717.78,12,2.5,0,367,Mastercard
2024-01-14,Akij Cement,Construction,147328.19,20566.02,16,4.5,0,439,bKash
2025-04-29,Lux Soap,Personal Care,10634.47,2980.33,10,4.6,0,107,Mastercard
2024-10-30,Sunsilk Shampoo,Personal Care,79757.42,8079.11,14,3.1,0,183,bKash
2025-01-23,Bombay Sweets Chanachur,Snacks,50914.1,10184.0,8,3.0,0,155,Visa Card
2024-12-11,Sunsilk Shampoo,Personal Care,29094.1,9931.06,4,3.5,1,377,bKash
2024-06-17,Kazi Farms Chicken,Frozen Food,63115.91,5153.07,4,4.7,0,327,Rocket
2024-08-07,Walton Fan,Electronics,139518.36,42507.57,18,4.0,0,169,Rocket
2024-10-04,Walton Fridge,Electronics,172599.86,30437.22,14,4.5,0,361,bKash
2025-01-06,Easy Fashion Shirt,Fashion,151257.9,26163.75,17,3.4,0,406,Rocket
2025-01-19,ACI Salt,Groceries,6718.4,726.41,6,2.7,0,181,Visa Card
2025-05-05,Olympic Biscuit,Snacks,162568.58,34004.32,14,4.7,0,183,Mastercard
